timestamp,device_name,framework,workload_name,workload_type,device,batch_size,input_size,optimizer,learning_rate,beta1,beta2,epsilon,time_ms,batch_index,loss
2026-02-02-11-13-36,None,None,GEMM_Adam_CPU,compute,CPU,10,1048723456,Adam,1,0.9,999,"0,00000001",113,1,0
2026-02-02-11-13-41,None,None,GEMM_Adam_CPU,compute,CPU,10,1048723456,Adam,1,0.9,999,"0,00000001",83,2,0.0224746
2026-02-02-11-13-45,None,None,GEMM_Adam_CPU,compute,CPU,10,1048723456,Adam,1,0.9,999,"0,00000001",81,3,0.0212222
2026-02-02-11-13-50,None,None,GEMM_Adam_CPU,compute,CPU,10,1048723456,Adam,1,0.9,999,"0,00000001",83,4,0.0200131
2026-02-02-11-13-55,None,None,GEMM_Adam_CPU,compute,CPU,10,1048723456,Adam,1,0.9,999,"0,00000001",83,5,0.0188475
2026-02-02-11-13-59,None,None,GEMM_Adam_CPU,compute,CPU,10,1048723456,Adam,1,0.9,999,"0,00000001",82,6,0.0177258
2026-02-02-11-14-04,None,None,GEMM_Adam_CPU,compute,CPU,10,1048723456,Adam,1,0.9,999,"0,00000001",83,7,0.0166481
2026-02-02-11-14-09,None,None,GEMM_Adam_CPU,compute,CPU,10,1048723456,Adam,1,0.9,999,"0,00000001",82,8,0.0156143
2026-02-02-11-14-14,None,None,GEMM_Adam_CPU,compute,CPU,10,1048723456,Adam,1,0.9,999,"0,00000001",83,9,0.0146243
2026-02-02-11-14-18,None,None,GEMM_Adam_CPU,compute,CPU,10,1048723456,Adam,1,0.9,999,"0,00000001",84,10,0.0136779
2026-02-02-11-14-26,NVIDIA GeForce GTX 970,OpenCL,GEMM_Adam_cl,data_transfer,GPU,10,1048723456,Adam,1,0.9,999,"0,00000001",4.5823,1,0
2026-02-02-11-14-26,NVIDIA GeForce GTX 970,OpenCL,GEMM_Adam_cl,compute,GPU,10,1048723456,Adam,1,0.9,999,"0,00000001",0.769792,1,0
2026-02-02-11-14-30,NVIDIA GeForce GTX 970,OpenCL,GEMM_Adam_cl,data_transfer,GPU,10,1048723456,Adam,1,0.9,999,"0,00000001",4.56765,2,0.0224746
2026-02-02-11-14-30,NVIDIA GeForce GTX 970,OpenCL,GEMM_Adam_cl,compute,GPU,10,1048723456,Adam,1,0.9,999,"0,00000001",0.768448,2,0.0224746
2026-02-02-11-14-35,NVIDIA GeForce GTX 970,OpenCL,GEMM_Adam_cl,data_transfer,GPU,10,1048723456,Adam,1,0.9,999,"0,00000001",4.44438,3,0.0212222
2026-02-02-11-14-35,NVIDIA GeForce GTX 970,OpenCL,GEMM_Adam_cl,compute,GPU,10,1048723456,Adam,1,0.9,999,"0,00000001",0.770816,3,0.0212222
2026-02-02-11-14-40,NVIDIA GeForce GTX 970,OpenCL,GEMM_Adam_cl,data_transfer,GPU,10,1048723456,Adam,1,0.9,999,"0,00000001",4.45555,4,0.0200131
2026-02-02-11-14-40,NVIDIA GeForce GTX 970,OpenCL,GEMM_Adam_cl,compute,GPU,10,1048723456,Adam,1,0.9,999,"0,00000001",0.784576,4,0.0200131
2026-02-02-11-14-44,NVIDIA GeForce GTX 970,OpenCL,GEMM_Adam_cl,data_transfer,GPU,10,1048723456,Adam,1,0.9,999,"0,00000001",4.51917,5,0.0188475
2026-02-02-11-14-44,NVIDIA GeForce GTX 970,OpenCL,GEMM_Adam_cl,compute,GPU,10,1048723456,Adam,1,0.9,999,"0,00000001",0.776224,5,0.0188475
2026-02-02-11-14-49,NVIDIA GeForce GTX 970,OpenCL,GEMM_Adam_cl,data_transfer,GPU,10,1048723456,Adam,1,0.9,999,"0,00000001",4.93456,6,0.0177258
2026-02-02-11-14-49,NVIDIA GeForce GTX 970,OpenCL,GEMM_Adam_cl,compute,GPU,10,1048723456,Adam,1,0.9,999,"0,00000001",0.776768,6,0.0177258
2026-02-02-11-14-54,NVIDIA GeForce GTX 970,OpenCL,GEMM_Adam_cl,data_transfer,GPU,10,1048723456,Adam,1,0.9,999,"0,00000001",4.52214,7,0.0166481
2026-02-02-11-14-54,NVIDIA GeForce GTX 970,OpenCL,GEMM_Adam_cl,compute,GPU,10,1048723456,Adam,1,0.9,999,"0,00000001",0.77136,7,0.0166481
2026-02-02-11-14-58,NVIDIA GeForce GTX 970,OpenCL,GEMM_Adam_cl,data_transfer,GPU,10,1048723456,Adam,1,0.9,999,"0,00000001",4.46774,8,0.0156143
2026-02-02-11-14-58,NVIDIA GeForce GTX 970,OpenCL,GEMM_Adam_cl,compute,GPU,10,1048723456,Adam,1,0.9,999,"0,00000001",0.770304,8,0.0156143
2026-02-02-11-15-03,NVIDIA GeForce GTX 970,OpenCL,GEMM_Adam_cl,data_transfer,GPU,10,1048723456,Adam,1,0.9,999,"0,00000001",4.46118,9,0.0146243
2026-02-02-11-15-03,NVIDIA GeForce GTX 970,OpenCL,GEMM_Adam_cl,compute,GPU,10,1048723456,Adam,1,0.9,999,"0,00000001",0.780224,9,0.0146243
2026-02-02-11-15-08,NVIDIA GeForce GTX 970,OpenCL,GEMM_Adam_cl,data_transfer,GPU,10,1048723456,Adam,1,0.9,999,"0,00000001",4.23453,10,0.0136779
2026-02-02-11-15-08,NVIDIA GeForce GTX 970,OpenCL,GEMM_Adam_cl,compute,GPU,10,1048723456,Adam,1,0.9,999,"0,00000001",0.771872,10,0.0136779
2026-02-02-21-47-39,NVIDIA GeForce GTX 970,CUDA,GEMM_Adam_CUDA,data_transfer,GPU,10,1048723456,Adam,1,0.9,999,"0,00000001",5.08221,1,0
2026-02-02-21-47-39,NVIDIA GeForce GTX 970,CUDA,GEMM_Adam_CUDA,compute,GPU,10,1048723456,Adam,1,0.9,999,"0,00000001",2.99872,1,0
2026-02-02-21-47-44,NVIDIA GeForce GTX 970,CUDA,GEMM_Adam_CUDA,data_transfer,GPU,10,1048723456,Adam,1,0.9,999,"0,00000001",4.06026,2,0.0224746
2026-02-02-21-47-44,NVIDIA GeForce GTX 970,CUDA,GEMM_Adam_CUDA,compute,GPU,10,1048723456,Adam,1,0.9,999,"0,00000001",2.38272,2,0.0224746
2026-02-02-21-47-48,NVIDIA GeForce GTX 970,CUDA,GEMM_Adam_CUDA,data_transfer,GPU,10,1048723456,Adam,1,0.9,999,"0,00000001",3.9943,3,0.0212222
2026-02-02-21-47-48,NVIDIA GeForce GTX 970,CUDA,GEMM_Adam_CUDA,compute,GPU,10,1048723456,Adam,1,0.9,999,"0,00000001",2.36253,3,0.0212222
2026-02-02-21-47-53,NVIDIA GeForce GTX 970,CUDA,GEMM_Adam_CUDA,data_transfer,GPU,10,1048723456,Adam,1,0.9,999,"0,00000001",4.08038,4,0.0200131
2026-02-02-21-47-53,NVIDIA GeForce GTX 970,CUDA,GEMM_Adam_CUDA,compute,GPU,10,1048723456,Adam,1,0.9,999,"0,00000001",2.36515,4,0.0200131
2026-02-02-21-47-58,NVIDIA GeForce GTX 970,CUDA,GEMM_Adam_CUDA,data_transfer,GPU,10,1048723456,Adam,1,0.9,999,"0,00000001",4.05229,5,0.0188475
2026-02-02-21-47-58,NVIDIA GeForce GTX 970,CUDA,GEMM_Adam_CUDA,compute,GPU,10,1048723456,Adam,1,0.9,999,"0,00000001",2.36154,5,0.0188475
2026-02-02-21-48-02,NVIDIA GeForce GTX 970,CUDA,GEMM_Adam_CUDA,data_transfer,GPU,10,1048723456,Adam,1,0.9,999,"0,00000001",4.00355,6,0.0177258
2026-02-02-21-48-02,NVIDIA GeForce GTX 970,CUDA,GEMM_Adam_CUDA,compute,GPU,10,1048723456,Adam,1,0.9,999,"0,00000001",2.36259,6,0.0177258
2026-02-02-21-48-07,NVIDIA GeForce GTX 970,CUDA,GEMM_Adam_CUDA,data_transfer,GPU,10,1048723456,Adam,1,0.9,999,"0,00000001",4.02253,7,0.0166481
2026-02-02-21-48-07,NVIDIA GeForce GTX 970,CUDA,GEMM_Adam_CUDA,compute,GPU,10,1048723456,Adam,1,0.9,999,"0,00000001",2.3647,7,0.0166481
2026-02-02-21-48-11,NVIDIA GeForce GTX 970,CUDA,GEMM_Adam_CUDA,data_transfer,GPU,10,1048723456,Adam,1,0.9,999,"0,00000001",4.00237,8,0.0156143
2026-02-02-21-48-11,NVIDIA GeForce GTX 970,CUDA,GEMM_Adam_CUDA,compute,GPU,10,1048723456,Adam,1,0.9,999,"0,00000001",2.36189,8,0.0156143
2026-02-02-21-48-16,NVIDIA GeForce GTX 970,CUDA,GEMM_Adam_CUDA,data_transfer,GPU,10,1048723456,Adam,1,0.9,999,"0,00000001",3.93811,9,0.0146243
2026-02-02-21-48-16,NVIDIA GeForce GTX 970,CUDA,GEMM_Adam_CUDA,compute,GPU,10,1048723456,Adam,1,0.9,999,"0,00000001",2.36208,9,0.0146243
2026-02-02-21-48-21,NVIDIA GeForce GTX 970,CUDA,GEMM_Adam_CUDA,data_transfer,GPU,10,1048723456,Adam,1,0.9,999,"0,00000001",3.97002,10,0.0136779
2026-02-02-21-48-21,NVIDIA GeForce GTX 970,CUDA,GEMM_Adam_CUDA,compute,GPU,10,1048723456,Adam,1,0.9,999,"0,00000001",2.3631,10,0.0136779
2026-02-04-21-34-44,NVIDIA GeForce GTX 970,CUDA,GEMM_Adam_CUDA,data_transfer,GPU,10,1048723456,Adam,1,0.9,999,"0,00000001",3.89946,1,0
2026-02-04-21-34-44,NVIDIA GeForce GTX 970,CUDA,GEMM_Adam_CUDA,compute,GPU,10,1048723456,Adam,1,0.9,999,"0,00000001",2.42288,1,0
2026-02-04-21-34-49,NVIDIA GeForce GTX 970,CUDA,GEMM_Adam_CUDA,data_transfer,GPU,10,1048723456,Adam,1,0.9,999,"0,00000001",4.38726,2,0.0224746
2026-02-04-21-34-49,NVIDIA GeForce GTX 970,CUDA,GEMM_Adam_CUDA,compute,GPU,10,1048723456,Adam,1,0.9,999,"0,00000001",2.36976,2,0.0224746
2026-02-04-21-34-53,NVIDIA GeForce GTX 970,CUDA,GEMM_Adam_CUDA,data_transfer,GPU,10,1048723456,Adam,1,0.9,999,"0,00000001",4.38429,3,0.0212222
2026-02-04-21-34-53,NVIDIA GeForce GTX 970,CUDA,GEMM_Adam_CUDA,compute,GPU,10,1048723456,Adam,1,0.9,999,"0,00000001",2.384,3,0.0212222
2026-02-04-21-34-58,NVIDIA GeForce GTX 970,CUDA,GEMM_Adam_CUDA,data_transfer,GPU,10,1048723456,Adam,1,0.9,999,"0,00000001",4.0936,4,0.0200131
2026-02-04-21-34-58,NVIDIA GeForce GTX 970,CUDA,GEMM_Adam_CUDA,compute,GPU,10,1048723456,Adam,1,0.9,999,"0,00000001",2.37286,4,0.0200131
2026-02-04-21-35-02,NVIDIA GeForce GTX 970,CUDA,GEMM_Adam_CUDA,data_transfer,GPU,10,1048723456,Adam,1,0.9,999,"0,00000001",3.96211,5,0.0188475
2026-02-04-21-35-02,NVIDIA GeForce GTX 970,CUDA,GEMM_Adam_CUDA,compute,GPU,10,1048723456,Adam,1,0.9,999,"0,00000001",2.36886,5,0.0188475
2026-02-04-21-35-07,NVIDIA GeForce GTX 970,CUDA,GEMM_Adam_CUDA,data_transfer,GPU,10,1048723456,Adam,1,0.9,999,"0,00000001",3.992,6,0.0177258
2026-02-04-21-35-07,NVIDIA GeForce GTX 970,CUDA,GEMM_Adam_CUDA,compute,GPU,10,1048723456,Adam,1,0.9,999,"0,00000001",2.36301,6,0.0177258
2026-02-04-21-35-11,NVIDIA GeForce GTX 970,CUDA,GEMM_Adam_CUDA,data_transfer,GPU,10,1048723456,Adam,1,0.9,999,"0,00000001",3.97987,7,0.0166481
2026-02-04-21-35-11,NVIDIA GeForce GTX 970,CUDA,GEMM_Adam_CUDA,compute,GPU,10,1048723456,Adam,1,0.9,999,"0,00000001",2.36867,7,0.0166481
2026-02-04-21-35-16,NVIDIA GeForce GTX 970,CUDA,GEMM_Adam_CUDA,data_transfer,GPU,10,1048723456,Adam,1,0.9,999,"0,00000001",3.87306,8,0.0156143
2026-02-04-21-35-16,NVIDIA GeForce GTX 970,CUDA,GEMM_Adam_CUDA,compute,GPU,10,1048723456,Adam,1,0.9,999,"0,00000001",2.3727,8,0.0156143
2026-02-04-21-35-20,NVIDIA GeForce GTX 970,CUDA,GEMM_Adam_CUDA,data_transfer,GPU,10,1048723456,Adam,1,0.9,999,"0,00000001",3.92003,9,0.0146243
2026-02-04-21-35-20,NVIDIA GeForce GTX 970,CUDA,GEMM_Adam_CUDA,compute,GPU,10,1048723456,Adam,1,0.9,999,"0,00000001",2.3729,9,0.0146243
2026-02-04-21-35-25,NVIDIA GeForce GTX 970,CUDA,GEMM_Adam_CUDA,data_transfer,GPU,10,1048723456,Adam,1,0.9,999,"0,00000001",3.89754,10,0.0136779
2026-02-04-21-35-25,NVIDIA GeForce GTX 970,CUDA,GEMM_Adam_CUDA,compute,GPU,10,1048723456,Adam,1,0.9,999,"0,00000001",2.36688,10,0.0136779
2026-02-04-21-35-46,NVIDIA GeForce GTX 970,CUDA,GEMM_Adam_CUDA,data_transfer,GPU,10,1048723456,Adam,1,0.9,999,"0,00000001",3.83741,1,0
2026-02-04-21-35-46,NVIDIA GeForce GTX 970,CUDA,GEMM_Adam_CUDA,compute,GPU,10,1048723456,Adam,1,0.9,999,"0,00000001",2.4241,1,0
2026-02-04-21-35-51,NVIDIA GeForce GTX 970,CUDA,GEMM_Adam_CUDA,data_transfer,GPU,10,1048723456,Adam,1,0.9,999,"0,00000001",3.90429,2,0.0224746
2026-02-04-21-35-51,NVIDIA GeForce GTX 970,CUDA,GEMM_Adam_CUDA,compute,GPU,10,1048723456,Adam,1,0.9,999,"0,00000001",2.37456,2,0.0224746
2026-02-04-21-35-55,NVIDIA GeForce GTX 970,CUDA,GEMM_Adam_CUDA,data_transfer,GPU,10,1048723456,Adam,1,0.9,999,"0,00000001",3.95645,3,0.0212222
2026-02-04-21-35-55,NVIDIA GeForce GTX 970,CUDA,GEMM_Adam_CUDA,compute,GPU,10,1048723456,Adam,1,0.9,999,"0,00000001",2.37354,3,0.0212222
2026-02-04-21-36-00,NVIDIA GeForce GTX 970,CUDA,GEMM_Adam_CUDA,data_transfer,GPU,10,1048723456,Adam,1,0.9,999,"0,00000001",4.76758,4,0.0200131
2026-02-04-21-36-00,NVIDIA GeForce GTX 970,CUDA,GEMM_Adam_CUDA,compute,GPU,10,1048723456,Adam,1,0.9,999,"0,00000001",4.34253,4,0.0200131
2026-02-04-21-36-04,NVIDIA GeForce GTX 970,CUDA,GEMM_Adam_CUDA,data_transfer,GPU,10,1048723456,Adam,1,0.9,999,"0,00000001",4,5,0.0188475
2026-02-04-21-36-04,NVIDIA GeForce GTX 970,CUDA,GEMM_Adam_CUDA,compute,GPU,10,1048723456,Adam,1,0.9,999,"0,00000001",2.37142,5,0.0188475
2026-02-04-21-36-09,NVIDIA GeForce GTX 970,CUDA,GEMM_Adam_CUDA,data_transfer,GPU,10,1048723456,Adam,1,0.9,999,"0,00000001",3.96515,6,0.0177258
2026-02-04-21-36-09,NVIDIA GeForce GTX 970,CUDA,GEMM_Adam_CUDA,compute,GPU,10,1048723456,Adam,1,0.9,999,"0,00000001",2.37046,6,0.0177258
2026-02-04-21-36-13,NVIDIA GeForce GTX 970,CUDA,GEMM_Adam_CUDA,data_transfer,GPU,10,1048723456,Adam,1,0.9,999,"0,00000001",3.93616,7,0.0166481
2026-02-04-21-36-13,NVIDIA GeForce GTX 970,CUDA,GEMM_Adam_CUDA,compute,GPU,10,1048723456,Adam,1,0.9,999,"0,00000001",2.36723,7,0.0166481
2026-02-04-21-36-18,NVIDIA GeForce GTX 970,CUDA,GEMM_Adam_CUDA,data_transfer,GPU,10,1048723456,Adam,1,0.9,999,"0,00000001",3.97398,8,0.0156143
2026-02-04-21-36-18,NVIDIA GeForce GTX 970,CUDA,GEMM_Adam_CUDA,compute,GPU,10,1048723456,Adam,1,0.9,999,"0,00000001",2.37008,8,0.0156143
2026-02-04-21-36-23,NVIDIA GeForce GTX 970,CUDA,GEMM_Adam_CUDA,data_transfer,GPU,10,1048723456,Adam,1,0.9,999,"0,00000001",4.04486,9,0.0146243
2026-02-04-21-36-23,NVIDIA GeForce GTX 970,CUDA,GEMM_Adam_CUDA,compute,GPU,10,1048723456,Adam,1,0.9,999,"0,00000001",2.37178,9,0.0146243
2026-02-04-21-36-27,NVIDIA GeForce GTX 970,CUDA,GEMM_Adam_CUDA,data_transfer,GPU,10,1048723456,Adam,1,0.9,999,"0,00000001",3.87504,10,0.0136779
2026-02-04-21-36-27,NVIDIA GeForce GTX 970,CUDA,GEMM_Adam_CUDA,compute,GPU,10,1048723456,Adam,1,0.9,999,"0,00000001",2.37309,10,0.0136779
2026-02-04-21-45-19,None,None,GEMM_Adam_CPU,compute,CPU,10,1048723456,Adam,1,0.9,999,"0,00000001",110,1,0
2026-02-04-21-45-23,None,None,GEMM_Adam_CPU,compute,CPU,10,1048723456,Adam,1,0.9,999,"0,00000001",87,2,0.0224746
2026-02-04-21-45-28,None,None,GEMM_Adam_CPU,compute,CPU,10,1048723456,Adam,1,0.9,999,"0,00000001",86,3,0.0212222
2026-02-04-21-45-33,None,None,GEMM_Adam_CPU,compute,CPU,10,1048723456,Adam,1,0.9,999,"0,00000001",83,4,0.0200131
2026-02-04-21-45-38,None,None,GEMM_Adam_CPU,compute,CPU,10,1048723456,Adam,1,0.9,999,"0,00000001",82,5,0.0188475
2026-02-04-21-45-42,None,None,GEMM_Adam_CPU,compute,CPU,10,1048723456,Adam,1,0.9,999,"0,00000001",85,6,0.0177258
2026-02-04-21-45-47,None,None,GEMM_Adam_CPU,compute,CPU,10,1048723456,Adam,1,0.9,999,"0,00000001",84,7,0.0166481
2026-02-04-21-45-52,None,None,GEMM_Adam_CPU,compute,CPU,10,1048723456,Adam,1,0.9,999,"0,00000001",82,8,0.0156143
2026-02-04-21-45-57,None,None,GEMM_Adam_CPU,compute,CPU,10,1048723456,Adam,1,0.9,999,"0,00000001",83,9,0.0146243
2026-02-04-21-46-01,None,None,GEMM_Adam_CPU,compute,CPU,10,1048723456,Adam,1,0.9,999,"0,00000001",82,10,0.0136779
2026-02-04-21-56-33,NVIDIA GeForce GTX 970,OpenCL,GEMM_Adam_cl,data_transfer,GPU,10,1048723456,Adam,1,0.9,999,"0,00000001",4.25066,1,0
2026-02-04-21-56-33,NVIDIA GeForce GTX 970,OpenCL,GEMM_Adam_cl,compute,GPU,10,1048723456,Adam,1,0.9,999,"0,00000001",0.781408,1,0
2026-02-04-21-56-38,NVIDIA GeForce GTX 970,OpenCL,GEMM_Adam_cl,data_transfer,GPU,10,1048723456,Adam,1,0.9,999,"0,00000001",7.0433,2,0.0224746
2026-02-04-21-56-38,NVIDIA GeForce GTX 970,OpenCL,GEMM_Adam_cl,compute,GPU,10,1048723456,Adam,1,0.9,999,"0,00000001",0.777504,2,0.0224746
2026-02-04-21-56-42,NVIDIA GeForce GTX 970,OpenCL,GEMM_Adam_cl,data_transfer,GPU,10,1048723456,Adam,1,0.9,999,"0,00000001",4.11533,3,0.0212222
2026-02-04-21-56-42,NVIDIA GeForce GTX 970,OpenCL,GEMM_Adam_cl,compute,GPU,10,1048723456,Adam,1,0.9,999,"0,00000001",0.78032,3,0.0212222
2026-02-04-21-56-47,NVIDIA GeForce GTX 970,OpenCL,GEMM_Adam_cl,data_transfer,GPU,10,1048723456,Adam,1,0.9,999,"0,00000001",4.19872,4,0.0200131
2026-02-04-21-56-47,NVIDIA GeForce GTX 970,OpenCL,GEMM_Adam_cl,compute,GPU,10,1048723456,Adam,1,0.9,999,"0,00000001",0.767968,4,0.0200131
2026-02-04-21-56-52,NVIDIA GeForce GTX 970,OpenCL,GEMM_Adam_cl,data_transfer,GPU,10,1048723456,Adam,1,0.9,999,"0,00000001",4.21715,5,0.0188475
2026-02-04-21-56-52,NVIDIA GeForce GTX 970,OpenCL,GEMM_Adam_cl,compute,GPU,10,1048723456,Adam,1,0.9,999,"0,00000001",0.770976,5,0.0188475
2026-02-04-21-56-56,NVIDIA GeForce GTX 970,OpenCL,GEMM_Adam_cl,data_transfer,GPU,10,1048723456,Adam,1,0.9,999,"0,00000001",4.18621,6,0.0177258
2026-02-04-21-56-56,NVIDIA GeForce GTX 970,OpenCL,GEMM_Adam_cl,compute,GPU,10,1048723456,Adam,1,0.9,999,"0,00000001",0.786528,6,0.0177258
2026-02-04-21-57-01,NVIDIA GeForce GTX 970,OpenCL,GEMM_Adam_cl,data_transfer,GPU,10,1048723456,Adam,1,0.9,999,"0,00000001",4.19347,7,0.0166481
2026-02-04-21-57-01,NVIDIA GeForce GTX 970,OpenCL,GEMM_Adam_cl,compute,GPU,10,1048723456,Adam,1,0.9,999,"0,00000001",0.77424,7,0.0166481
2026-02-04-21-57-05,NVIDIA GeForce GTX 970,OpenCL,GEMM_Adam_cl,data_transfer,GPU,10,1048723456,Adam,1,0.9,999,"0,00000001",4.36016,8,0.0156143
2026-02-04-21-57-05,NVIDIA GeForce GTX 970,OpenCL,GEMM_Adam_cl,compute,GPU,10,1048723456,Adam,1,0.9,999,"0,00000001",0.781664,8,0.0156143
2026-02-04-21-57-10,NVIDIA GeForce GTX 970,OpenCL,GEMM_Adam_cl,data_transfer,GPU,10,1048723456,Adam,1,0.9,999,"0,00000001",4.20381,9,0.0146243
2026-02-04-21-57-10,NVIDIA GeForce GTX 970,OpenCL,GEMM_Adam_cl,compute,GPU,10,1048723456,Adam,1,0.9,999,"0,00000001",0.791712,9,0.0146243
2026-02-04-21-57-15,NVIDIA GeForce GTX 970,OpenCL,GEMM_Adam_cl,data_transfer,GPU,10,1048723456,Adam,1,0.9,999,"0,00000001",4.20861,10,0.0136779
2026-02-04-21-57-15,NVIDIA GeForce GTX 970,OpenCL,GEMM_Adam_cl,compute,GPU,10,1048723456,Adam,1,0.9,999,"0,00000001",0.778464,10,0.0136779
2026-02-04-21-57-56,NVIDIA GeForce GTX 970,OpenCL,GEMM_Adam_cl,data_transfer,GPU,10,1048723456,Adam,1,0.9,999,"0,00000001",4.26902,1,0
2026-02-04-21-57-56,NVIDIA GeForce GTX 970,OpenCL,GEMM_Adam_cl,compute,GPU,10,1048723456,Adam,1,0.9,999,"0,00000001",0.787104,1,0
2026-02-04-21-58-00,NVIDIA GeForce GTX 970,OpenCL,GEMM_Adam_cl,data_transfer,GPU,10,1048723456,Adam,1,0.9,999,"0,00000001",4.43472,2,0.0224746
2026-02-04-21-58-00,NVIDIA GeForce GTX 970,OpenCL,GEMM_Adam_cl,compute,GPU,10,1048723456,Adam,1,0.9,999,"0,00000001",0.777248,2,0.0224746
2026-02-04-21-58-05,NVIDIA GeForce GTX 970,OpenCL,GEMM_Adam_cl,data_transfer,GPU,10,1048723456,Adam,1,0.9,999,"0,00000001",4.62467,3,0.0212222
2026-02-04-21-58-05,NVIDIA GeForce GTX 970,OpenCL,GEMM_Adam_cl,compute,GPU,10,1048723456,Adam,1,0.9,999,"0,00000001",0.769056,3,0.0212222
2026-02-04-21-58-10,NVIDIA GeForce GTX 970,OpenCL,GEMM_Adam_cl,data_transfer,GPU,10,1048723456,Adam,1,0.9,999,"0,00000001",4.7448,4,0.0200131
2026-02-04-21-58-10,NVIDIA GeForce GTX 970,OpenCL,GEMM_Adam_cl,compute,GPU,10,1048723456,Adam,1,0.9,999,"0,00000001",0.77008,4,0.0200131
2026-02-04-21-58-15,NVIDIA GeForce GTX 970,OpenCL,GEMM_Adam_cl,data_transfer,GPU,10,1048723456,Adam,1,0.9,999,"0,00000001",4.28003,5,0.0188475
2026-02-04-21-58-15,NVIDIA GeForce GTX 970,OpenCL,GEMM_Adam_cl,compute,GPU,10,1048723456,Adam,1,0.9,999,"0,00000001",0.7776,5,0.0188475
2026-02-04-21-58-20,NVIDIA GeForce GTX 970,OpenCL,GEMM_Adam_cl,data_transfer,GPU,10,1048723456,Adam,1,0.9,999,"0,00000001",4.55091,6,0.0177258
2026-02-04-21-58-20,NVIDIA GeForce GTX 970,OpenCL,GEMM_Adam_cl,compute,GPU,10,1048723456,Adam,1,0.9,999,"0,00000001",0.76816,6,0.0177258
2026-02-04-21-58-24,NVIDIA GeForce GTX 970,OpenCL,GEMM_Adam_cl,data_transfer,GPU,10,1048723456,Adam,1,0.9,999,"0,00000001",4.26054,7,0.0166481
2026-02-04-21-58-24,NVIDIA GeForce GTX 970,OpenCL,GEMM_Adam_cl,compute,GPU,10,1048723456,Adam,1,0.9,999,"0,00000001",0.795136,7,0.0166481
2026-02-04-21-58-29,NVIDIA GeForce GTX 970,OpenCL,GEMM_Adam_cl,data_transfer,GPU,10,1048723456,Adam,1,0.9,999,"0,00000001",4.23392,8,0.0156143
2026-02-04-21-58-29,NVIDIA GeForce GTX 970,OpenCL,GEMM_Adam_cl,compute,GPU,10,1048723456,Adam,1,0.9,999,"0,00000001",0.783264,8,0.0156143
2026-02-04-21-58-34,NVIDIA GeForce GTX 970,OpenCL,GEMM_Adam_cl,data_transfer,GPU,10,1048723456,Adam,1,0.9,999,"0,00000001",4.2433,9,0.0146243
2026-02-04-21-58-34,NVIDIA GeForce GTX 970,OpenCL,GEMM_Adam_cl,compute,GPU,10,1048723456,Adam,1,0.9,999,"0,00000001",0.77728,9,0.0146243
2026-02-04-21-58-39,NVIDIA GeForce GTX 970,OpenCL,GEMM_Adam_cl,data_transfer,GPU,10,1048723456,Adam,1,0.9,999,"0,00000001",4.34106,10,0.0136779
2026-02-04-21-58-39,NVIDIA GeForce GTX 970,OpenCL,GEMM_Adam_cl,compute,GPU,10,1048723456,Adam,1,0.9,999,"0,00000001",0.786848,10,0.0136779
2026-02-04-21-59-21,NVIDIA GeForce GTX 970,OpenCL,GEMM_Adam_cl,data_transfer,GPU,10,1048723456,Adam,1,0.9,999,"0,00000001",4.2096,1,0
2026-02-04-21-59-21,NVIDIA GeForce GTX 970,OpenCL,GEMM_Adam_cl,compute,GPU,10,1048723456,Adam,1,0.9,999,"0,00000001",0.78048,1,0
2026-02-04-21-59-25,NVIDIA GeForce GTX 970,OpenCL,GEMM_Adam_cl,data_transfer,GPU,10,1048723456,Adam,1,0.9,999,"0,00000001",4.47786,2,0.0224746
2026-02-04-21-59-25,NVIDIA GeForce GTX 970,OpenCL,GEMM_Adam_cl,compute,GPU,10,1048723456,Adam,1,0.9,999,"0,00000001",0.773472,2,0.0224746
2026-02-04-21-59-30,NVIDIA GeForce GTX 970,OpenCL,GEMM_Adam_cl,data_transfer,GPU,10,1048723456,Adam,1,0.9,999,"0,00000001",4.1543,3,0.0212222
2026-02-04-21-59-30,NVIDIA GeForce GTX 970,OpenCL,GEMM_Adam_cl,compute,GPU,10,1048723456,Adam,1,0.9,999,"0,00000001",0.778272,3,0.0212222
2026-02-04-21-59-35,NVIDIA GeForce GTX 970,OpenCL,GEMM_Adam_cl,data_transfer,GPU,10,1048723456,Adam,1,0.9,999,"0,00000001",4.33398,4,0.0200131
2026-02-04-21-59-35,NVIDIA GeForce GTX 970,OpenCL,GEMM_Adam_cl,compute,GPU,10,1048723456,Adam,1,0.9,999,"0,00000001",0.790272,4,0.0200131
2026-02-04-21-59-40,NVIDIA GeForce GTX 970,OpenCL,GEMM_Adam_cl,data_transfer,GPU,10,1048723456,Adam,1,0.9,999,"0,00000001",4.23734,5,0.0188475
2026-02-04-21-59-40,NVIDIA GeForce GTX 970,OpenCL,GEMM_Adam_cl,compute,GPU,10,1048723456,Adam,1,0.9,999,"0,00000001",0.781568,5,0.0188475
2026-02-04-21-59-44,NVIDIA GeForce GTX 970,OpenCL,GEMM_Adam_cl,data_transfer,GPU,10,1048723456,Adam,1,0.9,999,"0,00000001",4.41472,6,0.0177258
2026-02-04-21-59-44,NVIDIA GeForce GTX 970,OpenCL,GEMM_Adam_cl,compute,GPU,10,1048723456,Adam,1,0.9,999,"0,00000001",0.772736,6,0.0177258
2026-02-04-21-59-49,NVIDIA GeForce GTX 970,OpenCL,GEMM_Adam_cl,data_transfer,GPU,10,1048723456,Adam,1,0.9,999,"0,00000001",4.35677,7,0.0166481
2026-02-04-21-59-49,NVIDIA GeForce GTX 970,OpenCL,GEMM_Adam_cl,compute,GPU,10,1048723456,Adam,1,0.9,999,"0,00000001",0.78064,7,0.0166481
2026-02-04-21-59-54,NVIDIA GeForce GTX 970,OpenCL,GEMM_Adam_cl,data_transfer,GPU,10,1048723456,Adam,1,0.9,999,"0,00000001",4.3897,8,0.0156143
2026-02-04-21-59-54,NVIDIA GeForce GTX 970,OpenCL,GEMM_Adam_cl,compute,GPU,10,1048723456,Adam,1,0.9,999,"0,00000001",0.775136,8,0.0156143
2026-02-04-21-59-59,NVIDIA GeForce GTX 970,OpenCL,GEMM_Adam_cl,data_transfer,GPU,10,1048723456,Adam,1,0.9,999,"0,00000001",4.60128,9,0.0146243
2026-02-04-21-59-59,NVIDIA GeForce GTX 970,OpenCL,GEMM_Adam_cl,compute,GPU,10,1048723456,Adam,1,0.9,999,"0,00000001",0.776256,9,0.0146243
2026-02-04-22-00-03,NVIDIA GeForce GTX 970,OpenCL,GEMM_Adam_cl,data_transfer,GPU,10,1048723456,Adam,1,0.9,999,"0,00000001",4.15322,10,0.0136779
2026-02-04-22-00-03,NVIDIA GeForce GTX 970,OpenCL,GEMM_Adam_cl,compute,GPU,10,1048723456,Adam,1,0.9,999,"0,00000001",0.776608,10,0.0136779
2026-02-19-16-36-29,None,None,GEMM_Adam_CPU,compute,CPU,10,1048723456,Adam,1,0.9,999,"0,00000001",21,1,0
2026-02-19-16-36-29,None,None,GEMM_Adam_CPU,compute,CPU,10,1048723456,Adam,1,0.9,999,"0,00000001",17,2,0.0224746
2026-02-19-16-36-29,None,None,GEMM_Adam_CPU,compute,CPU,10,1048723456,Adam,1,0.9,999,"0,00000001",17,3,0.0212222
2026-02-19-16-36-29,None,None,GEMM_Adam_CPU,compute,CPU,10,1048723456,Adam,1,0.9,999,"0,00000001",17,4,0.0200131
2026-02-19-16-36-29,None,None,GEMM_Adam_CPU,compute,CPU,10,1048723456,Adam,1,0.9,999,"0,00000001",17,5,0.0188475
2026-02-19-16-36-30,None,None,GEMM_Adam_CPU,compute,CPU,10,1048723456,Adam,1,0.9,999,"0,00000001",17,6,0.0177258
2026-02-19-16-36-30,None,None,GEMM_Adam_CPU,compute,CPU,10,1048723456,Adam,1,0.9,999,"0,00000001",17,7,0.0166481
2026-02-19-16-36-30,None,None,GEMM_Adam_CPU,compute,CPU,10,1048723456,Adam,1,0.9,999,"0,00000001",17,8,0.0156143
2026-02-19-16-36-30,None,None,GEMM_Adam_CPU,compute,CPU,10,1048723456,Adam,1,0.9,999,"0,00000001",17,9,0.0146243
2026-02-19-16-36-31,None,None,GEMM_Adam_CPU,compute,CPU,10,1048723456,Adam,1,0.9,999,"0,00000001",17,10,0.0136779
2026-02-19-16-36-32,NVIDIA A100-SXM4-80GB,OpenCL,GEMM_Adam_CPU,data_transfer,GPU,10,1048723456,Adam,1,0.9,999,"0,00000001",2.42461,1,0
2026-02-19-16-36-32,NVIDIA A100-SXM4-80GB,OpenCL,GEMM_Adam_CPU,compute,GPU,10,1048723456,Adam,1,0.9,999,"0,00000001",0.08192,1,0
2026-02-19-16-36-32,NVIDIA A100-SXM4-80GB,OpenCL,GEMM_Adam_CPU,data_transfer,GPU,10,1048723456,Adam,1,0.9,999,"0,00000001",1.92077,2,0.0224746
2026-02-19-16-36-32,NVIDIA A100-SXM4-80GB,OpenCL,GEMM_Adam_CPU,compute,GPU,10,1048723456,Adam,1,0.9,999,"0,00000001",0.086016,2,0.0224746
2026-02-19-16-36-32,NVIDIA A100-SXM4-80GB,OpenCL,GEMM_Adam_CPU,data_transfer,GPU,10,1048723456,Adam,1,0.9,999,"0,00000001",2.02502,3,0.0212222
2026-02-19-16-36-32,NVIDIA A100-SXM4-80GB,OpenCL,GEMM_Adam_CPU,compute,GPU,10,1048723456,Adam,1,0.9,999,"0,00000001",0.084992,3,0.0212222
2026-02-19-16-36-32,NVIDIA A100-SXM4-80GB,OpenCL,GEMM_Adam_CPU,data_transfer,GPU,10,1048723456,Adam,1,0.9,999,"0,00000001",2.37987,4,0.0200131
2026-02-19-16-36-32,NVIDIA A100-SXM4-80GB,OpenCL,GEMM_Adam_CPU,compute,GPU,10,1048723456,Adam,1,0.9,999,"0,00000001",0.09216,4,0.0200131
2026-02-19-16-36-33,NVIDIA A100-SXM4-80GB,OpenCL,GEMM_Adam_CPU,data_transfer,GPU,10,1048723456,Adam,1,0.9,999,"0,00000001",1.95958,5,0.0188475
2026-02-19-16-36-33,NVIDIA A100-SXM4-80GB,OpenCL,GEMM_Adam_CPU,compute,GPU,10,1048723456,Adam,1,0.9,999,"0,00000001",0.086016,5,0.0188475
2026-02-19-16-36-33,NVIDIA A100-SXM4-80GB,OpenCL,GEMM_Adam_CPU,data_transfer,GPU,10,1048723456,Adam,1,0.9,999,"0,00000001",1.93206,6,0.0177258
2026-02-19-16-36-33,NVIDIA A100-SXM4-80GB,OpenCL,GEMM_Adam_CPU,compute,GPU,10,1048723456,Adam,1,0.9,999,"0,00000001",0.08704,6,0.0177258
2026-02-19-16-36-33,NVIDIA A100-SXM4-80GB,OpenCL,GEMM_Adam_CPU,data_transfer,GPU,10,1048723456,Adam,1,0.9,999,"0,00000001",1.97766,7,0.0166481
2026-02-19-16-36-33,NVIDIA A100-SXM4-80GB,OpenCL,GEMM_Adam_CPU,compute,GPU,10,1048723456,Adam,1,0.9,999,"0,00000001",0.086016,7,0.0166481
2026-02-19-16-36-33,NVIDIA A100-SXM4-80GB,OpenCL,GEMM_Adam_CPU,data_transfer,GPU,10,1048723456,Adam,1,0.9,999,"0,00000001",1.94893,8,0.0156143
2026-02-19-16-36-33,NVIDIA A100-SXM4-80GB,OpenCL,GEMM_Adam_CPU,compute,GPU,10,1048723456,Adam,1,0.9,999,"0,00000001",0.08704,8,0.0156143
2026-02-19-16-36-33,NVIDIA A100-SXM4-80GB,OpenCL,GEMM_Adam_CPU,data_transfer,GPU,10,1048723456,Adam,1,0.9,999,"0,00000001",2.07731,9,0.0146243
2026-02-19-16-36-33,NVIDIA A100-SXM4-80GB,OpenCL,GEMM_Adam_CPU,compute,GPU,10,1048723456,Adam,1,0.9,999,"0,00000001",0.086016,9,0.0146243
2026-02-19-16-36-34,NVIDIA A100-SXM4-80GB,OpenCL,GEMM_Adam_CPU,data_transfer,GPU,10,1048723456,Adam,1,0.9,999,"0,00000001",2.43373,10,0.0136779
2026-02-19-16-36-34,NVIDIA A100-SXM4-80GB,OpenCL,GEMM_Adam_CPU,compute,GPU,10,1048723456,Adam,1,0.9,999,"0,00000001",0.08704,10,0.0136779
2026-02-19-16-37-26,None,None,GEMM_Adam_CPU,compute,CPU,10,1048723456,Adam,1,0.9,999,"0,00000001",22,1,0
2026-02-19-16-37-27,None,None,GEMM_Adam_CPU,compute,CPU,10,1048723456,Adam,1,0.9,999,"0,00000001",17,2,0.0224746
2026-02-19-16-37-27,None,None,GEMM_Adam_CPU,compute,CPU,10,1048723456,Adam,1,0.9,999,"0,00000001",17,3,0.0212222
2026-02-19-16-37-27,None,None,GEMM_Adam_CPU,compute,CPU,10,1048723456,Adam,1,0.9,999,"0,00000001",17,4,0.0200131
2026-02-19-16-37-27,None,None,GEMM_Adam_CPU,compute,CPU,10,1048723456,Adam,1,0.9,999,"0,00000001",17,5,0.0188475
2026-02-19-16-37-28,None,None,GEMM_Adam_CPU,compute,CPU,10,1048723456,Adam,1,0.9,999,"0,00000001",17,6,0.0177258
2026-02-19-16-37-28,None,None,GEMM_Adam_CPU,compute,CPU,10,1048723456,Adam,1,0.9,999,"0,00000001",17,7,0.0166481
2026-02-19-16-37-28,None,None,GEMM_Adam_CPU,compute,CPU,10,1048723456,Adam,1,0.9,999,"0,00000001",17,8,0.0156143
2026-02-19-16-37-28,None,None,GEMM_Adam_CPU,compute,CPU,10,1048723456,Adam,1,0.9,999,"0,00000001",17,9,0.0146243
2026-02-19-16-37-29,None,None,GEMM_Adam_CPU,compute,CPU,10,1048723456,Adam,1,0.9,999,"0,00000001",17,10,0.0136779
2026-02-19-16-37-29,NVIDIA A100-SXM4-80GB,OpenCL,GEMM_Adam_CPU,data_transfer,GPU,10,1048723456,Adam,1,0.9,999,"0,00000001",1.87914,1,0
2026-02-19-16-37-29,NVIDIA A100-SXM4-80GB,OpenCL,GEMM_Adam_CPU,compute,GPU,10,1048723456,Adam,1,0.9,999,"0,00000001",0.069632,1,0
2026-02-19-16-37-30,NVIDIA A100-SXM4-80GB,OpenCL,GEMM_Adam_CPU,data_transfer,GPU,10,1048723456,Adam,1,0.9,999,"0,00000001",2.06019,2,0.0224746
2026-02-19-16-37-30,NVIDIA A100-SXM4-80GB,OpenCL,GEMM_Adam_CPU,compute,GPU,10,1048723456,Adam,1,0.9,999,"0,00000001",0.08704,2,0.0224746
2026-02-19-16-37-30,NVIDIA A100-SXM4-80GB,OpenCL,GEMM_Adam_CPU,data_transfer,GPU,10,1048723456,Adam,1,0.9,999,"0,00000001",2.37574,3,0.0212222
2026-02-19-16-37-30,NVIDIA A100-SXM4-80GB,OpenCL,GEMM_Adam_CPU,compute,GPU,10,1048723456,Adam,1,0.9,999,"0,00000001",0.08704,3,0.0212222
2026-02-19-16-37-30,NVIDIA A100-SXM4-80GB,OpenCL,GEMM_Adam_CPU,data_transfer,GPU,10,1048723456,Adam,1,0.9,999,"0,00000001",2.38682,4,0.0200131
2026-02-19-16-37-30,NVIDIA A100-SXM4-80GB,OpenCL,GEMM_Adam_CPU,compute,GPU,10,1048723456,Adam,1,0.9,999,"0,00000001",0.08704,4,0.0200131
2026-02-19-16-37-30,NVIDIA A100-SXM4-80GB,OpenCL,GEMM_Adam_CPU,data_transfer,GPU,10,1048723456,Adam,1,0.9,999,"0,00000001",2.26282,5,0.0188475
2026-02-19-16-37-30,NVIDIA A100-SXM4-80GB,OpenCL,GEMM_Adam_CPU,compute,GPU,10,1048723456,Adam,1,0.9,999,"0,00000001",0.09216,5,0.0188475
2026-02-19-16-37-31,NVIDIA A100-SXM4-80GB,OpenCL,GEMM_Adam_CPU,data_transfer,GPU,10,1048723456,Adam,1,0.9,999,"0,00000001",2.41542,6,0.0177258
2026-02-19-16-37-31,NVIDIA A100-SXM4-80GB,OpenCL,GEMM_Adam_CPU,compute,GPU,10,1048723456,Adam,1,0.9,999,"0,00000001",0.08704,6,0.0177258
2026-02-19-16-37-31,NVIDIA A100-SXM4-80GB,OpenCL,GEMM_Adam_CPU,data_transfer,GPU,10,1048723456,Adam,1,0.9,999,"0,00000001",2.30989,7,0.0166481
2026-02-19-16-37-31,NVIDIA A100-SXM4-80GB,OpenCL,GEMM_Adam_CPU,compute,GPU,10,1048723456,Adam,1,0.9,999,"0,00000001",0.091136,7,0.0166481
2026-02-19-16-37-31,NVIDIA A100-SXM4-80GB,OpenCL,GEMM_Adam_CPU,data_transfer,GPU,10,1048723456,Adam,1,0.9,999,"0,00000001",2.34784,8,0.0156143
2026-02-19-16-37-31,NVIDIA A100-SXM4-80GB,OpenCL,GEMM_Adam_CPU,compute,GPU,10,1048723456,Adam,1,0.9,999,"0,00000001",0.08704,8,0.0156143
2026-02-19-16-37-31,NVIDIA A100-SXM4-80GB,OpenCL,GEMM_Adam_CPU,data_transfer,GPU,10,1048723456,Adam,1,0.9,999,"0,00000001",2.396,9,0.0146243
2026-02-19-16-37-31,NVIDIA A100-SXM4-80GB,OpenCL,GEMM_Adam_CPU,compute,GPU,10,1048723456,Adam,1,0.9,999,"0,00000001",0.088064,9,0.0146243
2026-02-19-16-37-31,NVIDIA A100-SXM4-80GB,OpenCL,GEMM_Adam_CPU,data_transfer,GPU,10,1048723456,Adam,1,0.9,999,"0,00000001",2.37955,10,0.0136779
2026-02-19-16-37-31,NVIDIA A100-SXM4-80GB,OpenCL,GEMM_Adam_CPU,compute,GPU,10,1048723456,Adam,1,0.9,999,"0,00000001",0.08704,10,0.0136779
2026-02-19-16-37-34,None,None,GEMM_Adam_CPU,compute,CPU,10,1048723456,Adam,1,0.9,999,"0,00000001",22,1,0
2026-02-19-16-37-34,None,None,GEMM_Adam_CPU,compute,CPU,10,1048723456,Adam,1,0.9,999,"0,00000001",17,2,0.0224746
2026-02-19-16-37-34,None,None,GEMM_Adam_CPU,compute,CPU,10,1048723456,Adam,1,0.9,999,"0,00000001",17,3,0.0212222
2026-02-19-16-37-34,None,None,GEMM_Adam_CPU,compute,CPU,10,1048723456,Adam,1,0.9,999,"0,00000001",17,4,0.0200131
2026-02-19-16-37-35,None,None,GEMM_Adam_CPU,compute,CPU,10,1048723456,Adam,1,0.9,999,"0,00000001",17,5,0.0188475
2026-02-19-16-37-35,None,None,GEMM_Adam_CPU,compute,CPU,10,1048723456,Adam,1,0.9,999,"0,00000001",17,6,0.0177258
2026-02-19-16-37-35,None,None,GEMM_Adam_CPU,compute,CPU,10,1048723456,Adam,1,0.9,999,"0,00000001",17,7,0.0166481
2026-02-19-16-37-35,None,None,GEMM_Adam_CPU,compute,CPU,10,1048723456,Adam,1,0.9,999,"0,00000001",17,8,0.0156143
2026-02-19-16-37-36,None,None,GEMM_Adam_CPU,compute,CPU,10,1048723456,Adam,1,0.9,999,"0,00000001",17,9,0.0146243
2026-02-19-16-37-36,None,None,GEMM_Adam_CPU,compute,CPU,10,1048723456,Adam,1,0.9,999,"0,00000001",17,10,0.0136779
2026-02-19-16-37-37,NVIDIA A100-SXM4-80GB,OpenCL,GEMM_Adam_CPU,data_transfer,GPU,10,1048723456,Adam,1,0.9,999,"0,00000001",1.94992,1,0
2026-02-19-16-37-37,NVIDIA A100-SXM4-80GB,OpenCL,GEMM_Adam_CPU,compute,GPU,10,1048723456,Adam,1,0.9,999,"0,00000001",0.080896,1,0
2026-02-19-16-37-37,NVIDIA A100-SXM4-80GB,OpenCL,GEMM_Adam_CPU,data_transfer,GPU,10,1048723456,Adam,1,0.9,999,"0,00000001",1.9336,2,0.0224746
2026-02-19-16-37-37,NVIDIA A100-SXM4-80GB,OpenCL,GEMM_Adam_CPU,compute,GPU,10,1048723456,Adam,1,0.9,999,"0,00000001",0.08704,2,0.0224746
2026-02-19-16-37-37,NVIDIA A100-SXM4-80GB,OpenCL,GEMM_Adam_CPU,data_transfer,GPU,10,1048723456,Adam,1,0.9,999,"0,00000001",1.88739,3,0.0212222
2026-02-19-16-37-37,NVIDIA A100-SXM4-80GB,OpenCL,GEMM_Adam_CPU,compute,GPU,10,1048723456,Adam,1,0.9,999,"0,00000001",0.086016,3,0.0212222
2026-02-19-16-37-37,NVIDIA A100-SXM4-80GB,OpenCL,GEMM_Adam_CPU,data_transfer,GPU,10,1048723456,Adam,1,0.9,999,"0,00000001",2.2017,4,0.0200131
2026-02-19-16-37-37,NVIDIA A100-SXM4-80GB,OpenCL,GEMM_Adam_CPU,compute,GPU,10,1048723456,Adam,1,0.9,999,"0,00000001",0.089088,4,0.0200131
2026-02-19-16-37-38,NVIDIA A100-SXM4-80GB,OpenCL,GEMM_Adam_CPU,data_transfer,GPU,10,1048723456,Adam,1,0.9,999,"0,00000001",1.92406,5,0.0188475
2026-02-19-16-37-38,NVIDIA A100-SXM4-80GB,OpenCL,GEMM_Adam_CPU,compute,GPU,10,1048723456,Adam,1,0.9,999,"0,00000001",0.086016,5,0.0188475
2026-02-19-16-37-38,NVIDIA A100-SXM4-80GB,OpenCL,GEMM_Adam_CPU,data_transfer,GPU,10,1048723456,Adam,1,0.9,999,"0,00000001",1.90422,6,0.0177258
2026-02-19-16-37-38,NVIDIA A100-SXM4-80GB,OpenCL,GEMM_Adam_CPU,compute,GPU,10,1048723456,Adam,1,0.9,999,"0,00000001",0.086016,6,0.0177258
2026-02-19-16-37-38,NVIDIA A100-SXM4-80GB,OpenCL,GEMM_Adam_CPU,data_transfer,GPU,10,1048723456,Adam,1,0.9,999,"0,00000001",2.13888,7,0.0166481
2026-02-19-16-37-38,NVIDIA A100-SXM4-80GB,OpenCL,GEMM_Adam_CPU,compute,GPU,10,1048723456,Adam,1,0.9,999,"0,00000001",0.086016,7,0.0166481
2026-02-19-16-37-38,NVIDIA A100-SXM4-80GB,OpenCL,GEMM_Adam_CPU,data_transfer,GPU,10,1048723456,Adam,1,0.9,999,"0,00000001",1.98838,8,0.0156143
2026-02-19-16-37-38,NVIDIA A100-SXM4-80GB,OpenCL,GEMM_Adam_CPU,compute,GPU,10,1048723456,Adam,1,0.9,999,"0,00000001",0.086016,8,0.0156143
2026-02-19-16-37-38,NVIDIA A100-SXM4-80GB,OpenCL,GEMM_Adam_CPU,data_transfer,GPU,10,1048723456,Adam,1,0.9,999,"0,00000001",1.98835,9,0.0146243
2026-02-19-16-37-38,NVIDIA A100-SXM4-80GB,OpenCL,GEMM_Adam_CPU,compute,GPU,10,1048723456,Adam,1,0.9,999,"0,00000001",0.098304,9,0.0146243
2026-02-19-16-37-39,NVIDIA A100-SXM4-80GB,OpenCL,GEMM_Adam_CPU,data_transfer,GPU,10,1048723456,Adam,1,0.9,999,"0,00000001",2.02739,10,0.0136779
2026-02-19-16-37-39,NVIDIA A100-SXM4-80GB,OpenCL,GEMM_Adam_CPU,compute,GPU,10,1048723456,Adam,1,0.9,999,"0,00000001",0.08704,10,0.0136779
2026-02-19-16-38-11,None,None,GEMM_Adam_CPU,compute,CPU,10,1048723456,Adam,1,0.9,999,"0,00000001",21,1,0
2026-02-19-16-38-11,None,None,GEMM_Adam_CPU,compute,CPU,10,1048723456,Adam,1,0.9,999,"0,00000001",17,2,0.0224746
2026-02-19-16-38-11,None,None,GEMM_Adam_CPU,compute,CPU,10,1048723456,Adam,1,0.9,999,"0,00000001",17,3,0.0212222
2026-02-19-16-38-11,None,None,GEMM_Adam_CPU,compute,CPU,10,1048723456,Adam,1,0.9,999,"0,00000001",17,4,0.0200131
2026-02-19-16-38-12,None,None,GEMM_Adam_CPU,compute,CPU,10,1048723456,Adam,1,0.9,999,"0,00000001",17,5,0.0188475
2026-02-19-16-38-12,None,None,GEMM_Adam_CPU,compute,CPU,10,1048723456,Adam,1,0.9,999,"0,00000001",17,6,0.0177258
2026-02-19-16-38-12,None,None,GEMM_Adam_CPU,compute,CPU,10,1048723456,Adam,1,0.9,999,"0,00000001",17,7,0.0166481
2026-02-19-16-38-12,None,None,GEMM_Adam_CPU,compute,CPU,10,1048723456,Adam,1,0.9,999,"0,00000001",17,8,0.0156143
2026-02-19-16-38-13,None,None,GEMM_Adam_CPU,compute,CPU,10,1048723456,Adam,1,0.9,999,"0,00000001",17,9,0.0146243
2026-02-19-16-38-13,None,None,GEMM_Adam_CPU,compute,CPU,10,1048723456,Adam,1,0.9,999,"0,00000001",17,10,0.0136779
2026-02-19-16-38-14,NVIDIA A100-SXM4-80GB,OpenCL,GEMM_Adam_CPU,data_transfer,GPU,10,1048723456,Adam,1,0.9,999,"0,00000001",2.21056,1,0
2026-02-19-16-38-14,NVIDIA A100-SXM4-80GB,OpenCL,GEMM_Adam_CPU,compute,GPU,10,1048723456,Adam,1,0.9,999,"0,00000001",0.080896,1,0
2026-02-19-16-38-14,NVIDIA A100-SXM4-80GB,OpenCL,GEMM_Adam_CPU,data_transfer,GPU,10,1048723456,Adam,1,0.9,999,"0,00000001",2.5623,2,0.0224746
2026-02-19-16-38-14,NVIDIA A100-SXM4-80GB,OpenCL,GEMM_Adam_CPU,compute,GPU,10,1048723456,Adam,1,0.9,999,"0,00000001",0.086016,2,0.0224746
2026-02-19-16-38-14,NVIDIA A100-SXM4-80GB,OpenCL,GEMM_Adam_CPU,data_transfer,GPU,10,1048723456,Adam,1,0.9,999,"0,00000001",2.31235,3,0.0212222
2026-02-19-16-38-14,NVIDIA A100-SXM4-80GB,OpenCL,GEMM_Adam_CPU,compute,GPU,10,1048723456,Adam,1,0.9,999,"0,00000001",0.088064,3,0.0212222
2026-02-19-16-38-14,NVIDIA A100-SXM4-80GB,OpenCL,GEMM_Adam_CPU,data_transfer,GPU,10,1048723456,Adam,1,0.9,999,"0,00000001",2.36054,4,0.0200131
2026-02-19-16-38-14,NVIDIA A100-SXM4-80GB,OpenCL,GEMM_Adam_CPU,compute,GPU,10,1048723456,Adam,1,0.9,999,"0,00000001",0.089088,4,0.0200131
2026-02-19-16-38-15,NVIDIA A100-SXM4-80GB,OpenCL,GEMM_Adam_CPU,data_transfer,GPU,10,1048723456,Adam,1,0.9,999,"0,00000001",2.39514,5,0.0188475
2026-02-19-16-38-15,NVIDIA A100-SXM4-80GB,OpenCL,GEMM_Adam_CPU,compute,GPU,10,1048723456,Adam,1,0.9,999,"0,00000001",0.091136,5,0.0188475
2026-02-19-16-38-15,NVIDIA A100-SXM4-80GB,OpenCL,GEMM_Adam_CPU,data_transfer,GPU,10,1048723456,Adam,1,0.9,999,"0,00000001",2.22822,6,0.0177258
2026-02-19-16-38-15,NVIDIA A100-SXM4-80GB,OpenCL,GEMM_Adam_CPU,compute,GPU,10,1048723456,Adam,1,0.9,999,"0,00000001",0.08704,6,0.0177258
2026-02-19-16-38-15,NVIDIA A100-SXM4-80GB,OpenCL,GEMM_Adam_CPU,data_transfer,GPU,10,1048723456,Adam,1,0.9,999,"0,00000001",2.40042,7,0.0166481
2026-02-19-16-38-15,NVIDIA A100-SXM4-80GB,OpenCL,GEMM_Adam_CPU,compute,GPU,10,1048723456,Adam,1,0.9,999,"0,00000001",0.086016,7,0.0166481
2026-02-19-16-38-15,NVIDIA A100-SXM4-80GB,OpenCL,GEMM_Adam_CPU,data_transfer,GPU,10,1048723456,Adam,1,0.9,999,"0,00000001",2.7151,8,0.0156143
2026-02-19-16-38-15,NVIDIA A100-SXM4-80GB,OpenCL,GEMM_Adam_CPU,compute,GPU,10,1048723456,Adam,1,0.9,999,"0,00000001",0.08704,8,0.0156143
2026-02-19-16-38-15,NVIDIA A100-SXM4-80GB,OpenCL,GEMM_Adam_CPU,data_transfer,GPU,10,1048723456,Adam,1,0.9,999,"0,00000001",2.41344,9,0.0146243
2026-02-19-16-38-15,NVIDIA A100-SXM4-80GB,OpenCL,GEMM_Adam_CPU,compute,GPU,10,1048723456,Adam,1,0.9,999,"0,00000001",0.08704,9,0.0146243
2026-02-19-16-38-16,NVIDIA A100-SXM4-80GB,OpenCL,GEMM_Adam_CPU,data_transfer,GPU,10,1048723456,Adam,1,0.9,999,"0,00000001",2.32346,10,0.0136779
2026-02-19-16-38-16,NVIDIA A100-SXM4-80GB,OpenCL,GEMM_Adam_CPU,compute,GPU,10,1048723456,Adam,1,0.9,999,"0,00000001",0.088064,10,0.0136779
2026-02-19-16-38-17,None,None,GEMM_Adam_CPU,compute,CPU,10,1048723456,Adam,1,0.9,999,"0,00000001",21,1,0
2026-02-19-16-38-18,None,None,GEMM_Adam_CPU,compute,CPU,10,1048723456,Adam,1,0.9,999,"0,00000001",17,2,0.0224746
2026-02-19-16-38-18,None,None,GEMM_Adam_CPU,compute,CPU,10,1048723456,Adam,1,0.9,999,"0,00000001",17,3,0.0212222
2026-02-19-16-38-18,None,None,GEMM_Adam_CPU,compute,CPU,10,1048723456,Adam,1,0.9,999,"0,00000001",17,4,0.0200131
2026-02-19-16-38-18,None,None,GEMM_Adam_CPU,compute,CPU,10,1048723456,Adam,1,0.9,999,"0,00000001",17,5,0.0188475
2026-02-19-16-38-18,None,None,GEMM_Adam_CPU,compute,CPU,10,1048723456,Adam,1,0.9,999,"0,00000001",17,6,0.0177258
2026-02-19-16-38-19,None,None,GEMM_Adam_CPU,compute,CPU,10,1048723456,Adam,1,0.9,999,"0,00000001",17,7,0.0166481
2026-02-19-16-38-19,None,None,GEMM_Adam_CPU,compute,CPU,10,1048723456,Adam,1,0.9,999,"0,00000001",17,8,0.0156143
2026-02-19-16-38-19,None,None,GEMM_Adam_CPU,compute,CPU,10,1048723456,Adam,1,0.9,999,"0,00000001",17,9,0.0146243
2026-02-19-16-38-19,None,None,GEMM_Adam_CPU,compute,CPU,10,1048723456,Adam,1,0.9,999,"0,00000001",17,10,0.0136779
2026-02-19-16-38-20,NVIDIA A100-SXM4-80GB,OpenCL,GEMM_Adam_CPU,data_transfer,GPU,10,1048723456,Adam,1,0.9,999,"0,00000001",2.05587,1,0
2026-02-19-16-38-20,NVIDIA A100-SXM4-80GB,OpenCL,GEMM_Adam_CPU,compute,GPU,10,1048723456,Adam,1,0.9,999,"0,00000001",0.0768,1,0
2026-02-19-16-38-21,NVIDIA A100-SXM4-80GB,OpenCL,GEMM_Adam_CPU,data_transfer,GPU,10,1048723456,Adam,1,0.9,999,"0,00000001",2.21008,2,0.0224746
2026-02-19-16-38-21,NVIDIA A100-SXM4-80GB,OpenCL,GEMM_Adam_CPU,compute,GPU,10,1048723456,Adam,1,0.9,999,"0,00000001",0.08704,2,0.0224746
2026-02-19-16-38-21,NVIDIA A100-SXM4-80GB,OpenCL,GEMM_Adam_CPU,data_transfer,GPU,10,1048723456,Adam,1,0.9,999,"0,00000001",2.5271,3,0.0212222
2026-02-19-16-38-21,NVIDIA A100-SXM4-80GB,OpenCL,GEMM_Adam_CPU,compute,GPU,10,1048723456,Adam,1,0.9,999,"0,00000001",0.088064,3,0.0212222
2026-02-19-16-38-21,NVIDIA A100-SXM4-80GB,OpenCL,GEMM_Adam_CPU,data_transfer,GPU,10,1048723456,Adam,1,0.9,999,"0,00000001",1.99674,4,0.0200131
2026-02-19-16-38-21,NVIDIA A100-SXM4-80GB,OpenCL,GEMM_Adam_CPU,compute,GPU,10,1048723456,Adam,1,0.9,999,"0,00000001",0.09728,4,0.0200131
2026-02-19-16-38-21,NVIDIA A100-SXM4-80GB,OpenCL,GEMM_Adam_CPU,data_transfer,GPU,10,1048723456,Adam,1,0.9,999,"0,00000001",2.04067,5,0.0188475
2026-02-19-16-38-21,NVIDIA A100-SXM4-80GB,OpenCL,GEMM_Adam_CPU,compute,GPU,10,1048723456,Adam,1,0.9,999,"0,00000001",0.09216,5,0.0188475
2026-02-19-16-38-21,NVIDIA A100-SXM4-80GB,OpenCL,GEMM_Adam_CPU,data_transfer,GPU,10,1048723456,Adam,1,0.9,999,"0,00000001",2.53542,6,0.0177258
2026-02-19-16-38-21,NVIDIA A100-SXM4-80GB,OpenCL,GEMM_Adam_CPU,compute,GPU,10,1048723456,Adam,1,0.9,999,"0,00000001",0.088064,6,0.0177258
2026-02-19-16-38-22,NVIDIA A100-SXM4-80GB,OpenCL,GEMM_Adam_CPU,data_transfer,GPU,10,1048723456,Adam,1,0.9,999,"0,00000001",2.20947,7,0.0166481
2026-02-19-16-38-22,NVIDIA A100-SXM4-80GB,OpenCL,GEMM_Adam_CPU,compute,GPU,10,1048723456,Adam,1,0.9,999,"0,00000001",0.089088,7,0.0166481
2026-02-19-16-38-22,NVIDIA A100-SXM4-80GB,OpenCL,GEMM_Adam_CPU,data_transfer,GPU,10,1048723456,Adam,1,0.9,999,"0,00000001",2.41968,8,0.0156143
2026-02-19-16-38-22,NVIDIA A100-SXM4-80GB,OpenCL,GEMM_Adam_CPU,compute,GPU,10,1048723456,Adam,1,0.9,999,"0,00000001",0.086016,8,0.0156143
2026-02-19-16-38-22,NVIDIA A100-SXM4-80GB,OpenCL,GEMM_Adam_CPU,data_transfer,GPU,10,1048723456,Adam,1,0.9,999,"0,00000001",2.47898,9,0.0146243
2026-02-19-16-38-22,NVIDIA A100-SXM4-80GB,OpenCL,GEMM_Adam_CPU,compute,GPU,10,1048723456,Adam,1,0.9,999,"0,00000001",0.08704,9,0.0146243
2026-02-19-16-38-22,NVIDIA A100-SXM4-80GB,OpenCL,GEMM_Adam_CPU,data_transfer,GPU,10,1048723456,Adam,1,0.9,999,"0,00000001",2.18512,10,0.0136779
2026-02-19-16-38-22,NVIDIA A100-SXM4-80GB,OpenCL,GEMM_Adam_CPU,compute,GPU,10,1048723456,Adam,1,0.9,999,"0,00000001",0.084992,10,0.0136779
2026-02-19-16-38-25,None,None,GEMM_Adam_CPU,compute,CPU,10,1048723456,Adam,1,0.9,999,"0,00000001",22,1,0
2026-02-19-16-38-26,None,None,GEMM_Adam_CPU,compute,CPU,10,1048723456,Adam,1,0.9,999,"0,00000001",17,2,0.0224746
2026-02-19-16-38-26,None,None,GEMM_Adam_CPU,compute,CPU,10,1048723456,Adam,1,0.9,999,"0,00000001",17,3,0.0212222
2026-02-19-16-38-26,None,None,GEMM_Adam_CPU,compute,CPU,10,1048723456,Adam,1,0.9,999,"0,00000001",17,4,0.0200131
2026-02-19-16-38-26,None,None,GEMM_Adam_CPU,compute,CPU,10,1048723456,Adam,1,0.9,999,"0,00000001",17,5,0.0188475
2026-02-19-16-38-26,None,None,GEMM_Adam_CPU,compute,CPU,10,1048723456,Adam,1,0.9,999,"0,00000001",17,6,0.0177258
2026-02-19-16-38-27,None,None,GEMM_Adam_CPU,compute,CPU,10,1048723456,Adam,1,0.9,999,"0,00000001",17,7,0.0166481
2026-02-19-16-38-27,None,None,GEMM_Adam_CPU,compute,CPU,10,1048723456,Adam,1,0.9,999,"0,00000001",17,8,0.0156143
2026-02-19-16-38-27,None,None,GEMM_Adam_CPU,compute,CPU,10,1048723456,Adam,1,0.9,999,"0,00000001",17,9,0.0146243
2026-02-19-16-38-27,None,None,GEMM_Adam_CPU,compute,CPU,10,1048723456,Adam,1,0.9,999,"0,00000001",17,10,0.0136779
2026-02-19-16-38-28,NVIDIA A100-SXM4-80GB,OpenCL,GEMM_Adam_CPU,data_transfer,GPU,10,1048723456,Adam,1,0.9,999,"0,00000001",2.09754,1,0
2026-02-19-16-38-28,NVIDIA A100-SXM4-80GB,OpenCL,GEMM_Adam_CPU,compute,GPU,10,1048723456,Adam,1,0.9,999,"0,00000001",0.077824,1,0
2026-02-19-16-38-29,NVIDIA A100-SXM4-80GB,OpenCL,GEMM_Adam_CPU,data_transfer,GPU,10,1048723456,Adam,1,0.9,999,"0,00000001",1.95213,2,0.0224746
2026-02-19-16-38-29,NVIDIA A100-SXM4-80GB,OpenCL,GEMM_Adam_CPU,compute,GPU,10,1048723456,Adam,1,0.9,999,"0,00000001",0.086016,2,0.0224746
2026-02-19-16-38-29,NVIDIA A100-SXM4-80GB,OpenCL,GEMM_Adam_CPU,data_transfer,GPU,10,1048723456,Adam,1,0.9,999,"0,00000001",2.1552,3,0.0212222
2026-02-19-16-38-29,NVIDIA A100-SXM4-80GB,OpenCL,GEMM_Adam_CPU,compute,GPU,10,1048723456,Adam,1,0.9,999,"0,00000001",0.08704,3,0.0212222
2026-02-19-16-38-29,NVIDIA A100-SXM4-80GB,OpenCL,GEMM_Adam_CPU,data_transfer,GPU,10,1048723456,Adam,1,0.9,999,"0,00000001",2.13408,4,0.0200131
2026-02-19-16-38-29,NVIDIA A100-SXM4-80GB,OpenCL,GEMM_Adam_CPU,compute,GPU,10,1048723456,Adam,1,0.9,999,"0,00000001",0.091136,4,0.0200131
2026-02-19-16-38-29,NVIDIA A100-SXM4-80GB,OpenCL,GEMM_Adam_CPU,data_transfer,GPU,10,1048723456,Adam,1,0.9,999,"0,00000001",2.07027,5,0.0188475
2026-02-19-16-38-29,NVIDIA A100-SXM4-80GB,OpenCL,GEMM_Adam_CPU,compute,GPU,10,1048723456,Adam,1,0.9,999,"0,00000001",0.08704,5,0.0188475
2026-02-19-16-38-29,NVIDIA A100-SXM4-80GB,OpenCL,GEMM_Adam_CPU,data_transfer,GPU,10,1048723456,Adam,1,0.9,999,"0,00000001",1.86762,6,0.0177258
2026-02-19-16-38-29,NVIDIA A100-SXM4-80GB,OpenCL,GEMM_Adam_CPU,compute,GPU,10,1048723456,Adam,1,0.9,999,"0,00000001",0.08704,6,0.0177258
2026-02-19-16-38-30,NVIDIA A100-SXM4-80GB,OpenCL,GEMM_Adam_CPU,data_transfer,GPU,10,1048723456,Adam,1,0.9,999,"0,00000001",2.15744,7,0.0166481
2026-02-19-16-38-30,NVIDIA A100-SXM4-80GB,OpenCL,GEMM_Adam_CPU,compute,GPU,10,1048723456,Adam,1,0.9,999,"0,00000001",0.08704,7,0.0166481
2026-02-19-16-38-30,NVIDIA A100-SXM4-80GB,OpenCL,GEMM_Adam_CPU,data_transfer,GPU,10,1048723456,Adam,1,0.9,999,"0,00000001",2.14406,8,0.0156143
2026-02-19-16-38-30,NVIDIA A100-SXM4-80GB,OpenCL,GEMM_Adam_CPU,compute,GPU,10,1048723456,Adam,1,0.9,999,"0,00000001",0.086016,8,0.0156143
2026-02-19-16-38-30,NVIDIA A100-SXM4-80GB,OpenCL,GEMM_Adam_CPU,data_transfer,GPU,10,1048723456,Adam,1,0.9,999,"0,00000001",2.12182,9,0.0146243
2026-02-19-16-38-30,NVIDIA A100-SXM4-80GB,OpenCL,GEMM_Adam_CPU,compute,GPU,10,1048723456,Adam,1,0.9,999,"0,00000001",0.088064,9,0.0146243
2026-02-19-16-38-30,NVIDIA A100-SXM4-80GB,OpenCL,GEMM_Adam_CPU,data_transfer,GPU,10,1048723456,Adam,1,0.9,999,"0,00000001",2.01818,10,0.0136779
2026-02-19-16-38-30,NVIDIA A100-SXM4-80GB,OpenCL,GEMM_Adam_CPU,compute,GPU,10,1048723456,Adam,1,0.9,999,"0,00000001",0.088064,10,0.0136779
2026-02-19-16-38-33,None,None,GEMM_Adam_CPU,compute,CPU,10,1048723456,Adam,1,0.9,999,"0,00000001",22,1,0
2026-02-19-16-38-33,None,None,GEMM_Adam_CPU,compute,CPU,10,1048723456,Adam,1,0.9,999,"0,00000001",17,2,0.0224746
2026-02-19-16-38-33,None,None,GEMM_Adam_CPU,compute,CPU,10,1048723456,Adam,1,0.9,999,"0,00000001",17,3,0.0212222
2026-02-19-16-38-33,None,None,GEMM_Adam_CPU,compute,CPU,10,1048723456,Adam,1,0.9,999,"0,00000001",18,4,0.0200131
2026-02-19-16-38-34,None,None,GEMM_Adam_CPU,compute,CPU,10,1048723456,Adam,1,0.9,999,"0,00000001",17,5,0.0188475
2026-02-19-16-38-34,None,None,GEMM_Adam_CPU,compute,CPU,10,1048723456,Adam,1,0.9,999,"0,00000001",17,6,0.0177258
2026-02-19-16-38-34,None,None,GEMM_Adam_CPU,compute,CPU,10,1048723456,Adam,1,0.9,999,"0,00000001",17,7,0.0166481
2026-02-19-16-38-34,None,None,GEMM_Adam_CPU,compute,CPU,10,1048723456,Adam,1,0.9,999,"0,00000001",17,8,0.0156143
2026-02-19-16-38-35,None,None,GEMM_Adam_CPU,compute,CPU,10,1048723456,Adam,1,0.9,999,"0,00000001",17,9,0.0146243
2026-02-19-16-38-35,None,None,GEMM_Adam_CPU,compute,CPU,10,1048723456,Adam,1,0.9,999,"0,00000001",17,10,0.0136779
2026-02-19-16-38-36,NVIDIA A100-SXM4-80GB,OpenCL,GEMM_Adam_CPU,data_transfer,GPU,10,1048723456,Adam,1,0.9,999,"0,00000001",2.0616,1,0
2026-02-19-16-38-36,NVIDIA A100-SXM4-80GB,OpenCL,GEMM_Adam_CPU,compute,GPU,10,1048723456,Adam,1,0.9,999,"0,00000001",0.079872,1,0
2026-02-19-16-38-36,NVIDIA A100-SXM4-80GB,OpenCL,GEMM_Adam_CPU,data_transfer,GPU,10,1048723456,Adam,1,0.9,999,"0,00000001",1.95213,2,0.0224746
2026-02-19-16-38-36,NVIDIA A100-SXM4-80GB,OpenCL,GEMM_Adam_CPU,compute,GPU,10,1048723456,Adam,1,0.9,999,"0,00000001",0.088064,2,0.0224746
2026-02-19-16-38-36,NVIDIA A100-SXM4-80GB,OpenCL,GEMM_Adam_CPU,data_transfer,GPU,10,1048723456,Adam,1,0.9,999,"0,00000001",2.67968,3,0.0212222
2026-02-19-16-38-36,NVIDIA A100-SXM4-80GB,OpenCL,GEMM_Adam_CPU,compute,GPU,10,1048723456,Adam,1,0.9,999,"0,00000001",0.08704,3,0.0212222
2026-02-19-16-38-36,NVIDIA A100-SXM4-80GB,OpenCL,GEMM_Adam_CPU,data_transfer,GPU,10,1048723456,Adam,1,0.9,999,"0,00000001",2.73046,4,0.0200131
2026-02-19-16-38-36,NVIDIA A100-SXM4-80GB,OpenCL,GEMM_Adam_CPU,compute,GPU,10,1048723456,Adam,1,0.9,999,"0,00000001",0.090112,4,0.0200131
2026-02-19-16-38-37,NVIDIA A100-SXM4-80GB,OpenCL,GEMM_Adam_CPU,data_transfer,GPU,10,1048723456,Adam,1,0.9,999,"0,00000001",2.25798,5,0.0188475
2026-02-19-16-38-37,NVIDIA A100-SXM4-80GB,OpenCL,GEMM_Adam_CPU,compute,GPU,10,1048723456,Adam,1,0.9,999,"0,00000001",0.08704,5,0.0188475
2026-02-19-16-38-37,NVIDIA A100-SXM4-80GB,OpenCL,GEMM_Adam_CPU,data_transfer,GPU,10,1048723456,Adam,1,0.9,999,"0,00000001",2.65088,6,0.0177258
2026-02-19-16-38-37,NVIDIA A100-SXM4-80GB,OpenCL,GEMM_Adam_CPU,compute,GPU,10,1048723456,Adam,1,0.9,999,"0,00000001",0.08704,6,0.0177258
2026-02-19-16-38-37,NVIDIA A100-SXM4-80GB,OpenCL,GEMM_Adam_CPU,data_transfer,GPU,10,1048723456,Adam,1,0.9,999,"0,00000001",2.34691,7,0.0166481
2026-02-19-16-38-37,NVIDIA A100-SXM4-80GB,OpenCL,GEMM_Adam_CPU,compute,GPU,10,1048723456,Adam,1,0.9,999,"0,00000001",0.088064,7,0.0166481
2026-02-19-16-38-37,NVIDIA A100-SXM4-80GB,OpenCL,GEMM_Adam_CPU,data_transfer,GPU,10,1048723456,Adam,1,0.9,999,"0,00000001",2.33459,8,0.0156143
2026-02-19-16-38-37,NVIDIA A100-SXM4-80GB,OpenCL,GEMM_Adam_CPU,compute,GPU,10,1048723456,Adam,1,0.9,999,"0,00000001",0.086016,8,0.0156143
2026-02-19-16-38-37,NVIDIA A100-SXM4-80GB,OpenCL,GEMM_Adam_CPU,data_transfer,GPU,10,1048723456,Adam,1,0.9,999,"0,00000001",2.28442,9,0.0146243
2026-02-19-16-38-37,NVIDIA A100-SXM4-80GB,OpenCL,GEMM_Adam_CPU,compute,GPU,10,1048723456,Adam,1,0.9,999,"0,00000001",0.08704,9,0.0146243
2026-02-19-16-38-38,NVIDIA A100-SXM4-80GB,OpenCL,GEMM_Adam_CPU,data_transfer,GPU,10,1048723456,Adam,1,0.9,999,"0,00000001",2.5704,10,0.0136779
2026-02-19-16-38-38,NVIDIA A100-SXM4-80GB,OpenCL,GEMM_Adam_CPU,compute,GPU,10,1048723456,Adam,1,0.9,999,"0,00000001",0.086016,10,0.0136779
2026-02-19-16-39-42,None,None,GEMM_Adam_CPU,compute,CPU,10,1048723456,Adam,1,0.9,999,"0,00000001",21,1,0
2026-02-19-16-39-43,None,None,GEMM_Adam_CPU,compute,CPU,10,1048723456,Adam,1,0.9,999,"0,00000001",17,2,0.0224746
2026-02-19-16-39-43,None,None,GEMM_Adam_CPU,compute,CPU,10,1048723456,Adam,1,0.9,999,"0,00000001",17,3,0.0212222
2026-02-19-16-39-43,None,None,GEMM_Adam_CPU,compute,CPU,10,1048723456,Adam,1,0.9,999,"0,00000001",17,4,0.0200131
2026-02-19-16-39-44,None,None,GEMM_Adam_CPU,compute,CPU,10,1048723456,Adam,1,0.9,999,"0,00000001",17,5,0.0188475
2026-02-19-16-39-44,None,None,GEMM_Adam_CPU,compute,CPU,10,1048723456,Adam,1,0.9,999,"0,00000001",17,6,0.0177258
2026-02-19-16-39-44,None,None,GEMM_Adam_CPU,compute,CPU,10,1048723456,Adam,1,0.9,999,"0,00000001",17,7,0.0166481
2026-02-19-16-39-45,None,None,GEMM_Adam_CPU,compute,CPU,10,1048723456,Adam,1,0.9,999,"0,00000001",17,8,0.0156143
2026-02-19-16-39-45,None,None,GEMM_Adam_CPU,compute,CPU,10,1048723456,Adam,1,0.9,999,"0,00000001",17,9,0.0146243
2026-02-19-16-39-45,None,None,GEMM_Adam_CPU,compute,CPU,10,1048723456,Adam,1,0.9,999,"0,00000001",17,10,0.0136779
2026-02-19-16-39-46,NVIDIA A100-SXM4-80GB,CUDA,GEMM_Adam_CUDA,data_transfer,GPU,10,1048723456,Adam,1,0.9,999,"0,00000001",2.96746,1,0
2026-02-19-16-39-46,NVIDIA A100-SXM4-80GB,CUDA,GEMM_Adam_CUDA,compute,GPU,10,1048723456,Adam,1,0.9,999,"0,00000001",0.265216,1,0
2026-02-19-16-39-47,NVIDIA A100-SXM4-80GB,CUDA,GEMM_Adam_CUDA,data_transfer,GPU,10,1048723456,Adam,1,0.9,999,"0,00000001",2.13805,2,0.0224746
2026-02-19-16-39-47,NVIDIA A100-SXM4-80GB,CUDA,GEMM_Adam_CUDA,compute,GPU,10,1048723456,Adam,1,0.9,999,"0,00000001",0.094144,2,0.0224746
2026-02-19-16-39-47,NVIDIA A100-SXM4-80GB,CUDA,GEMM_Adam_CUDA,data_transfer,GPU,10,1048723456,Adam,1,0.9,999,"0,00000001",2.50781,3,0.0212222
2026-02-19-16-39-47,NVIDIA A100-SXM4-80GB,CUDA,GEMM_Adam_CUDA,compute,GPU,10,1048723456,Adam,1,0.9,999,"0,00000001",0.092864,3,0.0212222
2026-02-19-16-39-47,NVIDIA A100-SXM4-80GB,CUDA,GEMM_Adam_CUDA,data_transfer,GPU,10,1048723456,Adam,1,0.9,999,"0,00000001",2.30266,4,0.0200131
2026-02-19-16-39-47,NVIDIA A100-SXM4-80GB,CUDA,GEMM_Adam_CUDA,compute,GPU,10,1048723456,Adam,1,0.9,999,"0,00000001",0.099392,4,0.0200131
2026-02-19-16-39-48,NVIDIA A100-SXM4-80GB,CUDA,GEMM_Adam_CUDA,data_transfer,GPU,10,1048723456,Adam,1,0.9,999,"0,00000001",2.22358,5,0.0188475
2026-02-19-16-39-48,NVIDIA A100-SXM4-80GB,CUDA,GEMM_Adam_CUDA,compute,GPU,10,1048723456,Adam,1,0.9,999,"0,00000001",0.093536,5,0.0188475
2026-02-19-16-39-48,NVIDIA A100-SXM4-80GB,CUDA,GEMM_Adam_CUDA,data_transfer,GPU,10,1048723456,Adam,1,0.9,999,"0,00000001",2.0791,6,0.0177258
2026-02-19-16-39-48,NVIDIA A100-SXM4-80GB,CUDA,GEMM_Adam_CUDA,compute,GPU,10,1048723456,Adam,1,0.9,999,"0,00000001",0.09488,6,0.0177258
2026-02-19-16-39-48,NVIDIA A100-SXM4-80GB,CUDA,GEMM_Adam_CUDA,data_transfer,GPU,10,1048723456,Adam,1,0.9,999,"0,00000001",2.10291,7,0.0166481
2026-02-19-16-39-48,NVIDIA A100-SXM4-80GB,CUDA,GEMM_Adam_CUDA,compute,GPU,10,1048723456,Adam,1,0.9,999,"0,00000001",0.093856,7,0.0166481
2026-02-19-16-39-49,NVIDIA A100-SXM4-80GB,CUDA,GEMM_Adam_CUDA,data_transfer,GPU,10,1048723456,Adam,1,0.9,999,"0,00000001",2.28784,8,0.0156143
2026-02-19-16-39-49,NVIDIA A100-SXM4-80GB,CUDA,GEMM_Adam_CUDA,compute,GPU,10,1048723456,Adam,1,0.9,999,"0,00000001",0.093184,8,0.0156143
2026-02-19-16-39-49,NVIDIA A100-SXM4-80GB,CUDA,GEMM_Adam_CUDA,data_transfer,GPU,10,1048723456,Adam,1,0.9,999,"0,00000001",2.43466,9,0.0146243
2026-02-19-16-39-49,NVIDIA A100-SXM4-80GB,CUDA,GEMM_Adam_CUDA,compute,GPU,10,1048723456,Adam,1,0.9,999,"0,00000001",0.094112,9,0.0146243
2026-02-19-16-39-49,NVIDIA A100-SXM4-80GB,CUDA,GEMM_Adam_CUDA,data_transfer,GPU,10,1048723456,Adam,1,0.9,999,"0,00000001",2.53392,10,0.0136779
2026-02-19-16-39-49,NVIDIA A100-SXM4-80GB,CUDA,GEMM_Adam_CUDA,compute,GPU,10,1048723456,Adam,1,0.9,999,"0,00000001",104,10,0.0136779
2026-02-19-16-39-51,None,None,GEMM_Adam_CPU,compute,CPU,10,1048723456,Adam,1,0.9,999,"0,00000001",22,1,0
2026-02-19-16-39-52,None,None,GEMM_Adam_CPU,compute,CPU,10,1048723456,Adam,1,0.9,999,"0,00000001",17,2,0.0224746
2026-02-19-16-39-52,None,None,GEMM_Adam_CPU,compute,CPU,10,1048723456,Adam,1,0.9,999,"0,00000001",17,3,0.0212222
2026-02-19-16-39-52,None,None,GEMM_Adam_CPU,compute,CPU,10,1048723456,Adam,1,0.9,999,"0,00000001",17,4,0.0200131
2026-02-19-16-39-53,None,None,GEMM_Adam_CPU,compute,CPU,10,1048723456,Adam,1,0.9,999,"0,00000001",17,5,0.0188475
2026-02-19-16-39-53,None,None,GEMM_Adam_CPU,compute,CPU,10,1048723456,Adam,1,0.9,999,"0,00000001",17,6,0.0177258
2026-02-19-16-39-53,None,None,GEMM_Adam_CPU,compute,CPU,10,1048723456,Adam,1,0.9,999,"0,00000001",17,7,0.0166481
2026-02-19-16-39-54,None,None,GEMM_Adam_CPU,compute,CPU,10,1048723456,Adam,1,0.9,999,"0,00000001",17,8,0.0156143
2026-02-19-16-39-54,None,None,GEMM_Adam_CPU,compute,CPU,10,1048723456,Adam,1,0.9,999,"0,00000001",17,9,0.0146243
2026-02-19-16-39-54,None,None,GEMM_Adam_CPU,compute,CPU,10,1048723456,Adam,1,0.9,999,"0,00000001",17,10,0.0136779
2026-02-19-16-39-55,NVIDIA A100-SXM4-80GB,CUDA,GEMM_Adam_CUDA,data_transfer,GPU,10,1048723456,Adam,1,0.9,999,"0,00000001",2.19248,1,0
2026-02-19-16-39-55,NVIDIA A100-SXM4-80GB,CUDA,GEMM_Adam_CUDA,compute,GPU,10,1048723456,Adam,1,0.9,999,"0,00000001",0.2144,1,0
2026-02-19-16-39-56,NVIDIA A100-SXM4-80GB,CUDA,GEMM_Adam_CUDA,data_transfer,GPU,10,1048723456,Adam,1,0.9,999,"0,00000001",2.54029,2,0.0224746
2026-02-19-16-39-56,NVIDIA A100-SXM4-80GB,CUDA,GEMM_Adam_CUDA,compute,GPU,10,1048723456,Adam,1,0.9,999,"0,00000001",0.095456,2,0.0224746
2026-02-19-16-39-56,NVIDIA A100-SXM4-80GB,CUDA,GEMM_Adam_CUDA,data_transfer,GPU,10,1048723456,Adam,1,0.9,999,"0,00000001",2.4175,3,0.0212222
2026-02-19-16-39-56,NVIDIA A100-SXM4-80GB,CUDA,GEMM_Adam_CUDA,compute,GPU,10,1048723456,Adam,1,0.9,999,"0,00000001",0.095392,3,0.0212222
2026-02-19-16-39-56,NVIDIA A100-SXM4-80GB,CUDA,GEMM_Adam_CUDA,data_transfer,GPU,10,1048723456,Adam,1,0.9,999,"0,00000001",2.4881,4,0.0200131
2026-02-19-16-39-56,NVIDIA A100-SXM4-80GB,CUDA,GEMM_Adam_CUDA,compute,GPU,10,1048723456,Adam,1,0.9,999,"0,00000001",0.094528,4,0.0200131
2026-02-19-16-39-57,NVIDIA A100-SXM4-80GB,CUDA,GEMM_Adam_CUDA,data_transfer,GPU,10,1048723456,Adam,1,0.9,999,"0,00000001",2.51446,5,0.0188475
2026-02-19-16-39-57,NVIDIA A100-SXM4-80GB,CUDA,GEMM_Adam_CUDA,compute,GPU,10,1048723456,Adam,1,0.9,999,"0,00000001",0.095072,5,0.0188475
2026-02-19-16-39-57,NVIDIA A100-SXM4-80GB,CUDA,GEMM_Adam_CUDA,data_transfer,GPU,10,1048723456,Adam,1,0.9,999,"0,00000001",2.56586,6,0.0177258
2026-02-19-16-39-57,NVIDIA A100-SXM4-80GB,CUDA,GEMM_Adam_CUDA,compute,GPU,10,1048723456,Adam,1,0.9,999,"0,00000001",0.09376,6,0.0177258
2026-02-19-16-39-57,NVIDIA A100-SXM4-80GB,CUDA,GEMM_Adam_CUDA,data_transfer,GPU,10,1048723456,Adam,1,0.9,999,"0,00000001",2.46026,7,0.0166481
2026-02-19-16-39-57,NVIDIA A100-SXM4-80GB,CUDA,GEMM_Adam_CUDA,compute,GPU,10,1048723456,Adam,1,0.9,999,"0,00000001",0.095392,7,0.0166481
2026-02-19-16-39-58,NVIDIA A100-SXM4-80GB,CUDA,GEMM_Adam_CUDA,data_transfer,GPU,10,1048723456,Adam,1,0.9,999,"0,00000001",2.56582,8,0.0156143
2026-02-19-16-39-58,NVIDIA A100-SXM4-80GB,CUDA,GEMM_Adam_CUDA,compute,GPU,10,1048723456,Adam,1,0.9,999,"0,00000001",0.095424,8,0.0156143
2026-02-19-16-39-58,NVIDIA A100-SXM4-80GB,CUDA,GEMM_Adam_CUDA,data_transfer,GPU,10,1048723456,Adam,1,0.9,999,"0,00000001",2.48259,9,0.0146243
2026-02-19-16-39-58,NVIDIA A100-SXM4-80GB,CUDA,GEMM_Adam_CUDA,compute,GPU,10,1048723456,Adam,1,0.9,999,"0,00000001",0.09376,9,0.0146243
2026-02-19-16-39-58,NVIDIA A100-SXM4-80GB,CUDA,GEMM_Adam_CUDA,data_transfer,GPU,10,1048723456,Adam,1,0.9,999,"0,00000001",3.12234,10,0.0136779
2026-02-19-16-39-58,NVIDIA A100-SXM4-80GB,CUDA,GEMM_Adam_CUDA,compute,GPU,10,1048723456,Adam,1,0.9,999,"0,00000001",0.109248,10,0.0136779
2026-02-19-16-40-00,None,None,GEMM_Adam_CPU,compute,CPU,10,1048723456,Adam,1,0.9,999,"0,00000001",23,1,0
2026-02-19-16-40-01,None,None,GEMM_Adam_CPU,compute,CPU,10,1048723456,Adam,1,0.9,999,"0,00000001",17,2,0.0224746
2026-02-19-16-40-01,None,None,GEMM_Adam_CPU,compute,CPU,10,1048723456,Adam,1,0.9,999,"0,00000001",17,3,0.0212222
2026-02-19-16-40-01,None,None,GEMM_Adam_CPU,compute,CPU,10,1048723456,Adam,1,0.9,999,"0,00000001",17,4,0.0200131
2026-02-19-16-40-02,None,None,GEMM_Adam_CPU,compute,CPU,10,1048723456,Adam,1,0.9,999,"0,00000001",17,5,0.0188475
2026-02-19-16-40-02,None,None,GEMM_Adam_CPU,compute,CPU,10,1048723456,Adam,1,0.9,999,"0,00000001",17,6,0.0177258
2026-02-19-16-40-02,None,None,GEMM_Adam_CPU,compute,CPU,10,1048723456,Adam,1,0.9,999,"0,00000001",17,7,0.0166481
2026-02-19-16-40-03,None,None,GEMM_Adam_CPU,compute,CPU,10,1048723456,Adam,1,0.9,999,"0,00000001",17,8,0.0156143
2026-02-19-16-40-03,None,None,GEMM_Adam_CPU,compute,CPU,10,1048723456,Adam,1,0.9,999,"0,00000001",17,9,0.0146243
2026-02-19-16-40-03,None,None,GEMM_Adam_CPU,compute,CPU,10,1048723456,Adam,1,0.9,999,"0,00000001",17,10,0.0136779
2026-02-19-16-40-04,NVIDIA A100-SXM4-80GB,CUDA,GEMM_Adam_CUDA,data_transfer,GPU,10,1048723456,Adam,1,0.9,999,"0,00000001",1.9945,1,0
2026-02-19-16-40-04,NVIDIA A100-SXM4-80GB,CUDA,GEMM_Adam_CUDA,compute,GPU,10,1048723456,Adam,1,0.9,999,"0,00000001",0.20512,1,0
2026-02-19-16-40-05,NVIDIA A100-SXM4-80GB,CUDA,GEMM_Adam_CUDA,data_transfer,GPU,10,1048723456,Adam,1,0.9,999,"0,00000001",1.97507,2,0.0224746
2026-02-19-16-40-05,NVIDIA A100-SXM4-80GB,CUDA,GEMM_Adam_CUDA,compute,GPU,10,1048723456,Adam,1,0.9,999,"0,00000001",0.094752,2,0.0224746
2026-02-19-16-40-05,NVIDIA A100-SXM4-80GB,CUDA,GEMM_Adam_CUDA,data_transfer,GPU,10,1048723456,Adam,1,0.9,999,"0,00000001",1.97603,3,0.0212222
2026-02-19-16-40-05,NVIDIA A100-SXM4-80GB,CUDA,GEMM_Adam_CUDA,compute,GPU,10,1048723456,Adam,1,0.9,999,"0,00000001",0.093376,3,0.0212222
2026-02-19-16-40-05,NVIDIA A100-SXM4-80GB,CUDA,GEMM_Adam_CUDA,data_transfer,GPU,10,1048723456,Adam,1,0.9,999,"0,00000001",2.00138,4,0.0200131
2026-02-19-16-40-05,NVIDIA A100-SXM4-80GB,CUDA,GEMM_Adam_CUDA,compute,GPU,10,1048723456,Adam,1,0.9,999,"0,00000001",0.09392,4,0.0200131
2026-02-19-16-40-06,NVIDIA A100-SXM4-80GB,CUDA,GEMM_Adam_CUDA,data_transfer,GPU,10,1048723456,Adam,1,0.9,999,"0,00000001",2.07331,5,0.0188475
2026-02-19-16-40-06,NVIDIA A100-SXM4-80GB,CUDA,GEMM_Adam_CUDA,compute,GPU,10,1048723456,Adam,1,0.9,999,"0,00000001",0.096576,5,0.0188475
2026-02-19-16-40-06,NVIDIA A100-SXM4-80GB,CUDA,GEMM_Adam_CUDA,data_transfer,GPU,10,1048723456,Adam,1,0.9,999,"0,00000001",2.1063,6,0.0177258
2026-02-19-16-40-06,NVIDIA A100-SXM4-80GB,CUDA,GEMM_Adam_CUDA,compute,GPU,10,1048723456,Adam,1,0.9,999,"0,00000001",0.093632,6,0.0177258
2026-02-19-16-40-07,NVIDIA A100-SXM4-80GB,CUDA,GEMM_Adam_CUDA,data_transfer,GPU,10,1048723456,Adam,1,0.9,999,"0,00000001",2.79894,7,0.0166481
2026-02-19-16-40-07,NVIDIA A100-SXM4-80GB,CUDA,GEMM_Adam_CUDA,compute,GPU,10,1048723456,Adam,1,0.9,999,"0,00000001",0.098624,7,0.0166481
2026-02-19-16-40-07,NVIDIA A100-SXM4-80GB,CUDA,GEMM_Adam_CUDA,data_transfer,GPU,10,1048723456,Adam,1,0.9,999,"0,00000001",1.96502,8,0.0156143
2026-02-19-16-40-07,NVIDIA A100-SXM4-80GB,CUDA,GEMM_Adam_CUDA,compute,GPU,10,1048723456,Adam,1,0.9,999,"0,00000001",0.09584,8,0.0156143
2026-02-19-16-40-07,NVIDIA A100-SXM4-80GB,CUDA,GEMM_Adam_CUDA,data_transfer,GPU,10,1048723456,Adam,1,0.9,999,"0,00000001",2.3072,9,0.0146243
2026-02-19-16-40-07,NVIDIA A100-SXM4-80GB,CUDA,GEMM_Adam_CUDA,compute,GPU,10,1048723456,Adam,1,0.9,999,"0,00000001",0.10784,9,0.0146243
2026-02-19-16-40-08,NVIDIA A100-SXM4-80GB,CUDA,GEMM_Adam_CUDA,data_transfer,GPU,10,1048723456,Adam,1,0.9,999,"0,00000001",1.93952,10,0.0136779
2026-02-19-16-40-08,NVIDIA A100-SXM4-80GB,CUDA,GEMM_Adam_CUDA,compute,GPU,10,1048723456,Adam,1,0.9,999,"0,00000001",0.093728,10,0.0136779
2026-02-19-16-40-09,None,None,GEMM_Adam_CPU,compute,CPU,10,1048723456,Adam,1,0.9,999,"0,00000001",22,1,0
2026-02-19-16-40-10,None,None,GEMM_Adam_CPU,compute,CPU,10,1048723456,Adam,1,0.9,999,"0,00000001",17,2,0.0224746
2026-02-19-16-40-10,None,None,GEMM_Adam_CPU,compute,CPU,10,1048723456,Adam,1,0.9,999,"0,00000001",17,3,0.0212222
2026-02-19-16-40-10,None,None,GEMM_Adam_CPU,compute,CPU,10,1048723456,Adam,1,0.9,999,"0,00000001",17,4,0.0200131
2026-02-19-16-40-11,None,None,GEMM_Adam_CPU,compute,CPU,10,1048723456,Adam,1,0.9,999,"0,00000001",17,5,0.0188475
2026-02-19-16-40-11,None,None,GEMM_Adam_CPU,compute,CPU,10,1048723456,Adam,1,0.9,999,"0,00000001",17,6,0.0177258
2026-02-19-16-40-11,None,None,GEMM_Adam_CPU,compute,CPU,10,1048723456,Adam,1,0.9,999,"0,00000001",17,7,0.0166481
2026-02-19-16-40-12,None,None,GEMM_Adam_CPU,compute,CPU,10,1048723456,Adam,1,0.9,999,"0,00000001",17,8,0.0156143
2026-02-19-16-40-12,None,None,GEMM_Adam_CPU,compute,CPU,10,1048723456,Adam,1,0.9,999,"0,00000001",17,9,0.0146243
2026-02-19-16-40-12,None,None,GEMM_Adam_CPU,compute,CPU,10,1048723456,Adam,1,0.9,999,"0,00000001",17,10,0.0136779
2026-02-19-16-40-13,NVIDIA A100-SXM4-80GB,CUDA,GEMM_Adam_CUDA,data_transfer,GPU,10,1048723456,Adam,1,0.9,999,"0,00000001",1.93325,1,0
2026-02-19-16-40-13,NVIDIA A100-SXM4-80GB,CUDA,GEMM_Adam_CUDA,compute,GPU,10,1048723456,Adam,1,0.9,999,"0,00000001",0.21616,1,0
2026-02-19-16-40-14,NVIDIA A100-SXM4-80GB,CUDA,GEMM_Adam_CUDA,data_transfer,GPU,10,1048723456,Adam,1,0.9,999,"0,00000001",2.49322,2,0.0224746
2026-02-19-16-40-14,NVIDIA A100-SXM4-80GB,CUDA,GEMM_Adam_CUDA,compute,GPU,10,1048723456,Adam,1,0.9,999,"0,00000001",0.0952,2,0.0224746
2026-02-19-16-40-14,NVIDIA A100-SXM4-80GB,CUDA,GEMM_Adam_CUDA,data_transfer,GPU,10,1048723456,Adam,1,0.9,999,"0,00000001",2.52006,3,0.0212222
2026-02-19-16-40-14,NVIDIA A100-SXM4-80GB,CUDA,GEMM_Adam_CUDA,compute,GPU,10,1048723456,Adam,1,0.9,999,"0,00000001",0.094048,3,0.0212222
2026-02-19-16-40-14,NVIDIA A100-SXM4-80GB,CUDA,GEMM_Adam_CUDA,data_transfer,GPU,10,1048723456,Adam,1,0.9,999,"0,00000001",2.55946,4,0.0200131
2026-02-19-16-40-14,NVIDIA A100-SXM4-80GB,CUDA,GEMM_Adam_CUDA,compute,GPU,10,1048723456,Adam,1,0.9,999,"0,00000001",0.093248,4,0.0200131
2026-02-19-16-40-15,NVIDIA A100-SXM4-80GB,CUDA,GEMM_Adam_CUDA,data_transfer,GPU,10,1048723456,Adam,1,0.9,999,"0,00000001",2.4023,5,0.0188475
2026-02-19-16-40-15,NVIDIA A100-SXM4-80GB,CUDA,GEMM_Adam_CUDA,compute,GPU,10,1048723456,Adam,1,0.9,999,"0,00000001",0.093504,5,0.0188475
2026-02-19-16-40-15,NVIDIA A100-SXM4-80GB,CUDA,GEMM_Adam_CUDA,data_transfer,GPU,10,1048723456,Adam,1,0.9,999,"0,00000001",2.51376,6,0.0177258
2026-02-19-16-40-15,NVIDIA A100-SXM4-80GB,CUDA,GEMM_Adam_CUDA,compute,GPU,10,1048723456,Adam,1,0.9,999,"0,00000001",0.093504,6,0.0177258
2026-02-19-16-40-15,NVIDIA A100-SXM4-80GB,CUDA,GEMM_Adam_CUDA,data_transfer,GPU,10,1048723456,Adam,1,0.9,999,"0,00000001",2.22554,7,0.0166481
2026-02-19-16-40-15,NVIDIA A100-SXM4-80GB,CUDA,GEMM_Adam_CUDA,compute,GPU,10,1048723456,Adam,1,0.9,999,"0,00000001",0.094976,7,0.0166481
2026-02-19-16-40-16,NVIDIA A100-SXM4-80GB,CUDA,GEMM_Adam_CUDA,data_transfer,GPU,10,1048723456,Adam,1,0.9,999,"0,00000001",2.16586,8,0.0156143
2026-02-19-16-40-16,NVIDIA A100-SXM4-80GB,CUDA,GEMM_Adam_CUDA,compute,GPU,10,1048723456,Adam,1,0.9,999,"0,00000001",0.094912,8,0.0156143
2026-02-19-16-40-16,NVIDIA A100-SXM4-80GB,CUDA,GEMM_Adam_CUDA,data_transfer,GPU,10,1048723456,Adam,1,0.9,999,"0,00000001",2.00192,9,0.0146243
2026-02-19-16-40-16,NVIDIA A100-SXM4-80GB,CUDA,GEMM_Adam_CUDA,compute,GPU,10,1048723456,Adam,1,0.9,999,"0,00000001",0.093472,9,0.0146243
2026-02-19-16-40-16,NVIDIA A100-SXM4-80GB,CUDA,GEMM_Adam_CUDA,data_transfer,GPU,10,1048723456,Adam,1,0.9,999,"0,00000001",2.46237,10,0.0136779
2026-02-19-16-40-16,NVIDIA A100-SXM4-80GB,CUDA,GEMM_Adam_CUDA,compute,GPU,10,1048723456,Adam,1,0.9,999,"0,00000001",0.106464,10,0.0136779
2026-02-19-16-40-19,None,None,GEMM_Adam_CPU,compute,CPU,10,1048723456,Adam,1,0.9,999,"0,00000001",22,1,0
2026-02-19-16-40-19,None,None,GEMM_Adam_CPU,compute,CPU,10,1048723456,Adam,1,0.9,999,"0,00000001",17,2,0.0224746
2026-02-19-16-40-19,None,None,GEMM_Adam_CPU,compute,CPU,10,1048723456,Adam,1,0.9,999,"0,00000001",17,3,0.0212222
2026-02-19-16-40-20,None,None,GEMM_Adam_CPU,compute,CPU,10,1048723456,Adam,1,0.9,999,"0,00000001",17,4,0.0200131
2026-02-19-16-40-20,None,None,GEMM_Adam_CPU,compute,CPU,10,1048723456,Adam,1,0.9,999,"0,00000001",17,5,0.0188475
2026-02-19-16-40-20,None,None,GEMM_Adam_CPU,compute,CPU,10,1048723456,Adam,1,0.9,999,"0,00000001",17,6,0.0177258
2026-02-19-16-40-21,None,None,GEMM_Adam_CPU,compute,CPU,10,1048723456,Adam,1,0.9,999,"0,00000001",17,7,0.0166481
2026-02-19-16-40-21,None,None,GEMM_Adam_CPU,compute,CPU,10,1048723456,Adam,1,0.9,999,"0,00000001",17,8,0.0156143
2026-02-19-16-40-21,None,None,GEMM_Adam_CPU,compute,CPU,10,1048723456,Adam,1,0.9,999,"0,00000001",17,9,0.0146243
2026-02-19-16-40-22,None,None,GEMM_Adam_CPU,compute,CPU,10,1048723456,Adam,1,0.9,999,"0,00000001",17,10,0.0136779
2026-02-19-16-40-23,NVIDIA A100-SXM4-80GB,CUDA,GEMM_Adam_CUDA,data_transfer,GPU,10,1048723456,Adam,1,0.9,999,"0,00000001",2.02621,1,0
2026-02-19-16-40-23,NVIDIA A100-SXM4-80GB,CUDA,GEMM_Adam_CUDA,compute,GPU,10,1048723456,Adam,1,0.9,999,"0,00000001",0.216672,1,0
2026-02-19-16-40-23,NVIDIA A100-SXM4-80GB,CUDA,GEMM_Adam_CUDA,data_transfer,GPU,10,1048723456,Adam,1,0.9,999,"0,00000001",2.1657,2,0.0224746
2026-02-19-16-40-23,NVIDIA A100-SXM4-80GB,CUDA,GEMM_Adam_CUDA,compute,GPU,10,1048723456,Adam,1,0.9,999,"0,00000001",0.093184,2,0.0224746
2026-02-19-16-40-23,NVIDIA A100-SXM4-80GB,CUDA,GEMM_Adam_CUDA,data_transfer,GPU,10,1048723456,Adam,1,0.9,999,"0,00000001",1.99898,3,0.0212222
2026-02-19-16-40-23,NVIDIA A100-SXM4-80GB,CUDA,GEMM_Adam_CUDA,compute,GPU,10,1048723456,Adam,1,0.9,999,"0,00000001",0.09536,3,0.0212222
2026-02-19-16-40-24,NVIDIA A100-SXM4-80GB,CUDA,GEMM_Adam_CUDA,data_transfer,GPU,10,1048723456,Adam,1,0.9,999,"0,00000001",2.04077,4,0.0200131
2026-02-19-16-40-24,NVIDIA A100-SXM4-80GB,CUDA,GEMM_Adam_CUDA,compute,GPU,10,1048723456,Adam,1,0.9,999,"0,00000001",0.094848,4,0.0200131
2026-02-19-16-40-24,NVIDIA A100-SXM4-80GB,CUDA,GEMM_Adam_CUDA,data_transfer,GPU,10,1048723456,Adam,1,0.9,999,"0,00000001",1.98458,5,0.0188475
2026-02-19-16-40-24,NVIDIA A100-SXM4-80GB,CUDA,GEMM_Adam_CUDA,compute,GPU,10,1048723456,Adam,1,0.9,999,"0,00000001",0.094528,5,0.0188475
2026-02-19-16-40-24,NVIDIA A100-SXM4-80GB,CUDA,GEMM_Adam_CUDA,data_transfer,GPU,10,1048723456,Adam,1,0.9,999,"0,00000001",2.03075,6,0.0177258
2026-02-19-16-40-24,NVIDIA A100-SXM4-80GB,CUDA,GEMM_Adam_CUDA,compute,GPU,10,1048723456,Adam,1,0.9,999,"0,00000001",0.096032,6,0.0177258
2026-02-19-16-40-25,NVIDIA A100-SXM4-80GB,CUDA,GEMM_Adam_CUDA,data_transfer,GPU,10,1048723456,Adam,1,0.9,999,"0,00000001",2.13718,7,0.0166481
2026-02-19-16-40-25,NVIDIA A100-SXM4-80GB,CUDA,GEMM_Adam_CUDA,compute,GPU,10,1048723456,Adam,1,0.9,999,"0,00000001",0.094752,7,0.0166481
2026-02-19-16-40-25,NVIDIA A100-SXM4-80GB,CUDA,GEMM_Adam_CUDA,data_transfer,GPU,10,1048723456,Adam,1,0.9,999,"0,00000001",2.3176,8,0.0156143
2026-02-19-16-40-25,NVIDIA A100-SXM4-80GB,CUDA,GEMM_Adam_CUDA,compute,GPU,10,1048723456,Adam,1,0.9,999,"0,00000001",0.095616,8,0.0156143
2026-02-19-16-40-25,NVIDIA A100-SXM4-80GB,CUDA,GEMM_Adam_CUDA,data_transfer,GPU,10,1048723456,Adam,1,0.9,999,"0,00000001",1.95328,9,0.0146243
2026-02-19-16-40-25,NVIDIA A100-SXM4-80GB,CUDA,GEMM_Adam_CUDA,compute,GPU,10,1048723456,Adam,1,0.9,999,"0,00000001",0.09376,9,0.0146243
2026-02-19-16-40-26,NVIDIA A100-SXM4-80GB,CUDA,GEMM_Adam_CUDA,data_transfer,GPU,10,1048723456,Adam,1,0.9,999,"0,00000001",2.5504,10,0.0136779
2026-02-19-16-40-26,NVIDIA A100-SXM4-80GB,CUDA,GEMM_Adam_CUDA,compute,GPU,10,1048723456,Adam,1,0.9,999,"0,00000001",0.108704,10,0.0136779
2026-02-19-16-53-24,None,None,GEMM_Adam_CPU,compute,CPU,10,1048723456,Adam,1,0.9,999,"0,00000001",26,1,0
2026-02-19-16-53-25,None,None,GEMM_Adam_CPU,compute,CPU,10,1048723456,Adam,1,0.9,999,"0,00000001",18,2,0.0224746
2026-02-19-16-53-25,None,None,GEMM_Adam_CPU,compute,CPU,10,1048723456,Adam,1,0.9,999,"0,00000001",20,3,0.0212222
2026-02-19-16-53-25,None,None,GEMM_Adam_CPU,compute,CPU,10,1048723456,Adam,1,0.9,999,"0,00000001",18,4,0.0200131
2026-02-19-16-53-26,None,None,GEMM_Adam_CPU,compute,CPU,10,1048723456,Adam,1,0.9,999,"0,00000001",20,5,0.0188475
2026-02-19-16-53-26,None,None,GEMM_Adam_CPU,compute,CPU,10,1048723456,Adam,1,0.9,999,"0,00000001",18,6,0.0177258
2026-02-19-16-53-27,None,None,GEMM_Adam_CPU,compute,CPU,10,1048723456,Adam,1,0.9,999,"0,00000001",20,7,0.0166481
2026-02-19-16-53-27,None,None,GEMM_Adam_CPU,compute,CPU,10,1048723456,Adam,1,0.9,999,"0,00000001",19,8,0.0156143
2026-02-19-16-53-27,None,None,GEMM_Adam_CPU,compute,CPU,10,1048723456,Adam,1,0.9,999,"0,00000001",21,9,0.0146243
2026-02-19-16-53-28,None,None,GEMM_Adam_CPU,compute,CPU,10,1048723456,Adam,1,0.9,999,"0,00000001",20,10,0.0136779
2026-02-19-16-53-29,NVIDIA A100-SXM4-80GB,CUDA,GEMM_Adam_CUDA,data_transfer,GPU,10,1048723456,Adam,1,0.9,999,"0,00000001",1.92275,1,0
2026-02-19-16-53-29,NVIDIA A100-SXM4-80GB,CUDA,GEMM_Adam_CUDA,compute,GPU,10,1048723456,Adam,1,0.9,999,"0,00000001",0.221952,1,0
2026-02-19-16-53-29,NVIDIA A100-SXM4-80GB,CUDA,GEMM_Adam_CUDA,data_transfer,GPU,10,1048723456,Adam,1,0.9,999,"0,00000001",1.74557,2,0.0224746
2026-02-19-16-53-29,NVIDIA A100-SXM4-80GB,CUDA,GEMM_Adam_CUDA,compute,GPU,10,1048723456,Adam,1,0.9,999,"0,00000001",0.10144,2,0.0224746
2026-02-19-16-53-29,NVIDIA A100-SXM4-80GB,CUDA,GEMM_Adam_CUDA,data_transfer,GPU,10,1048723456,Adam,1,0.9,999,"0,00000001",1.856,3,0.0212222
2026-02-19-16-53-29,NVIDIA A100-SXM4-80GB,CUDA,GEMM_Adam_CUDA,compute,GPU,10,1048723456,Adam,1,0.9,999,"0,00000001",0.10448,3,0.0212222
2026-02-19-16-53-30,NVIDIA A100-SXM4-80GB,CUDA,GEMM_Adam_CUDA,data_transfer,GPU,10,1048723456,Adam,1,0.9,999,"0,00000001",1.73373,4,0.0200131
2026-02-19-16-53-30,NVIDIA A100-SXM4-80GB,CUDA,GEMM_Adam_CUDA,compute,GPU,10,1048723456,Adam,1,0.9,999,"0,00000001",0.1016,4,0.0200131
2026-02-19-16-53-30,NVIDIA A100-SXM4-80GB,CUDA,GEMM_Adam_CUDA,data_transfer,GPU,10,1048723456,Adam,1,0.9,999,"0,00000001",1.92253,5,0.0188475
2026-02-19-16-53-30,NVIDIA A100-SXM4-80GB,CUDA,GEMM_Adam_CUDA,compute,GPU,10,1048723456,Adam,1,0.9,999,"0,00000001",0.103648,5,0.0188475
2026-02-19-16-53-31,NVIDIA A100-SXM4-80GB,CUDA,GEMM_Adam_CUDA,data_transfer,GPU,10,1048723456,Adam,1,0.9,999,"0,00000001",2.19002,6,0.0177258
2026-02-19-16-53-31,NVIDIA A100-SXM4-80GB,CUDA,GEMM_Adam_CUDA,compute,GPU,10,1048723456,Adam,1,0.9,999,"0,00000001",0.115136,6,0.0177258
2026-02-19-16-53-31,NVIDIA A100-SXM4-80GB,CUDA,GEMM_Adam_CUDA,data_transfer,GPU,10,1048723456,Adam,1,0.9,999,"0,00000001",1.7472,7,0.0166481
2026-02-19-16-53-31,NVIDIA A100-SXM4-80GB,CUDA,GEMM_Adam_CUDA,compute,GPU,10,1048723456,Adam,1,0.9,999,"0,00000001",0.105664,7,0.0166481
2026-02-19-16-53-31,NVIDIA A100-SXM4-80GB,CUDA,GEMM_Adam_CUDA,data_transfer,GPU,10,1048723456,Adam,1,0.9,999,"0,00000001",2.31722,8,0.0156143
2026-02-19-16-53-31,NVIDIA A100-SXM4-80GB,CUDA,GEMM_Adam_CUDA,compute,GPU,10,1048723456,Adam,1,0.9,999,"0,00000001",0.105632,8,0.0156143
2026-02-19-16-53-32,NVIDIA A100-SXM4-80GB,CUDA,GEMM_Adam_CUDA,data_transfer,GPU,10,1048723456,Adam,1,0.9,999,"0,00000001",1.99872,9,0.0146243
2026-02-19-16-53-32,NVIDIA A100-SXM4-80GB,CUDA,GEMM_Adam_CUDA,compute,GPU,10,1048723456,Adam,1,0.9,999,"0,00000001",0.103968,9,0.0146243
2026-02-19-16-53-32,NVIDIA A100-SXM4-80GB,CUDA,GEMM_Adam_CUDA,data_transfer,GPU,10,1048723456,Adam,1,0.9,999,"0,00000001",2.11875,10,0.0136779
2026-02-19-16-53-32,NVIDIA A100-SXM4-80GB,CUDA,GEMM_Adam_CUDA,compute,GPU,10,1048723456,Adam,1,0.9,999,"0,00000001",0.102816,10,0.0136779
2026-03-06-08-54-37,None,None,GEMM_Adam_CPU,compute,CPU,10,1048723456,Adam,1,0.9,999,"0,00000001",23,1,
2026-03-06-08-54-38,None,None,GEMM_Adam_CPU,compute,CPU,10,1048723456,Adam,1,0.9,999,"0,00000001",17,2,
2026-03-06-08-54-38,None,None,GEMM_Adam_CPU,compute,CPU,10,1048723456,Adam,1,0.9,999,"0,00000001",17,3,
2026-03-06-08-54-39,None,None,GEMM_Adam_CPU,compute,CPU,10,1048723456,Adam,1,0.9,999,"0,00000001",17,4,
2026-03-06-08-54-39,None,None,GEMM_Adam_CPU,compute,CPU,10,1048723456,Adam,1,0.9,999,"0,00000001",17,5,
2026-03-06-08-54-40,None,None,GEMM_Adam_CPU,compute,CPU,10,1048723456,Adam,1,0.9,999,"0,00000001",17,6,0.0177258
2026-03-06-08-54-40,None,None,GEMM_Adam_CPU,compute,CPU,10,1048723456,Adam,1,0.9,999,"0,00000001",15,7,0.0166481
2026-03-06-08-54-40,None,None,GEMM_Adam_CPU,compute,CPU,10,1048723456,Adam,1,0.9,999,"0,00000001",17,8,0.0156143
2026-03-06-08-54-41,None,None,GEMM_Adam_CPU,compute,CPU,10,1048723456,Adam,1,0.9,999,"0,00000001",17,9,0.0146243
2026-03-06-08-54-41,None,None,GEMM_Adam_CPU,compute,CPU,10,1048723456,Adam,1,0.9,999,"0,00000001",17,10,0.0136779
2026-03-06-08-57-22,None,None,GEMM_Adam_CPU,compute,CPU,10,1048723456,Adam,1,0.9,999,"0,00000001",23,1,0
2026-03-06-08-57-22,None,None,GEMM_Adam_CPU,compute,CPU,10,1048723456,Adam,1,0.9,999,"0,00000001",17,2,0.0224746
2026-03-06-08-57-23,None,None,GEMM_Adam_CPU,compute,CPU,10,1048723456,Adam,1,0.9,999,"0,00000001",15,3,0.0212222
2026-03-06-08-57-23,None,None,GEMM_Adam_CPU,compute,CPU,10,1048723456,Adam,1,0.9,999,"0,00000001",17,4,0.0200131
2026-03-06-08-57-24,None,None,GEMM_Adam_CPU,compute,CPU,10,1048723456,Adam,1,0.9,999,"0,00000001",17,5,0.0188475
2026-03-06-08-57-24,None,None,GEMM_Adam_CPU,compute,CPU,10,1048723456,Adam,1,0.9,999,"0,00000001",17,6,0.0177258
2026-03-06-08-57-24,None,None,GEMM_Adam_CPU,compute,CPU,10,1048723456,Adam,1,0.9,999,"0,00000001",17,7,0.0166481
2026-03-06-08-57-25,None,None,GEMM_Adam_CPU,compute,CPU,10,1048723456,Adam,1,0.9,999,"0,00000001",17,8,0.0156143
2026-03-06-08-57-25,None,None,GEMM_Adam_CPU,compute,CPU,10,1048723456,Adam,1,0.9,999,"0,00000001",17,9,0.0146243
2026-03-06-08-57-26,None,None,GEMM_Adam_CPU,compute,CPU,10,1048723456,Adam,1,0.9,999,"0,00000001",17,10,0.0136779
2026-03-06-08-59-22,None,None,GEMM_Adam_CPU,compute,CPU,10,1048723456,Adam,1,0.9,999,"0,00000001",21,1,0
2026-03-06-08-59-23,None,None,GEMM_Adam_CPU,compute,CPU,10,1048723456,Adam,1,0.9,999,"0,00000001",17,2,0.0224746
2026-03-06-08-59-23,None,None,GEMM_Adam_CPU,compute,CPU,10,1048723456,Adam,1,0.9,999,"0,00000001",17,3,0.0212222
2026-03-06-08-59-23,None,None,GEMM_Adam_CPU,compute,CPU,10,1048723456,Adam,1,0.9,999,"0,00000001",17,4,0.0200131
2026-03-06-08-59-24,None,None,GEMM_Adam_CPU,compute,CPU,10,1048723456,Adam,1,0.9,999,"0,00000001",17,5,0.0188475
2026-03-06-08-59-24,None,None,GEMM_Adam_CPU,compute,CPU,10,1048723456,Adam,1,0.9,999,"0,00000001",17,6,0.0177258
2026-03-06-08-59-24,None,None,GEMM_Adam_CPU,compute,CPU,10,1048723456,Adam,1,0.9,999,"0,00000001",17,7,0.0166481
2026-03-06-08-59-25,None,None,GEMM_Adam_CPU,compute,CPU,10,1048723456,Adam,1,0.9,999,"0,00000001",17,8,0.0156143
2026-03-06-08-59-25,None,None,GEMM_Adam_CPU,compute,CPU,10,1048723456,Adam,1,0.9,999,"0,00000001",17,9,0.0146243
2026-03-06-08-59-25,None,None,GEMM_Adam_CPU,compute,CPU,10,1048723456,Adam,1,0.9,999,"0,00000001",17,10,0.0136779
2026-03-06-08-59-26,NVIDIA A100-SXM4-80GB,CUDA,GEMM_Adam_CUDA,data_transfer,GPU,10,1048723456,Adam,1,0.9,999,"0,00000001",1.68016,1,0
2026-03-06-08-59-26,NVIDIA A100-SXM4-80GB,CUDA,GEMM_Adam_CUDA,compute,GPU,10,1048723456,Adam,1,0.9,999,"0,00000001",0.742144,1,0
2026-03-06-08-59-26,NVIDIA A100-SXM4-80GB,CUDA,GEMM_Adam_CUDA,data_transfer,GPU,10,1048723456,Adam,1,0.9,999,"0,00000001",2.22102,2,0.0224746
2026-03-06-08-59-26,NVIDIA A100-SXM4-80GB,CUDA,GEMM_Adam_CUDA,compute,GPU,10,1048723456,Adam,1,0.9,999,"0,00000001",0.095328,2,0.0224746
2026-03-06-08-59-27,NVIDIA A100-SXM4-80GB,CUDA,GEMM_Adam_CUDA,data_transfer,GPU,10,1048723456,Adam,1,0.9,999,"0,00000001",2.3248,3,0.0212222
2026-03-06-08-59-27,NVIDIA A100-SXM4-80GB,CUDA,GEMM_Adam_CUDA,compute,GPU,10,1048723456,Adam,1,0.9,999,"0,00000001",0.092224,3,0.0212222
2026-03-06-08-59-27,NVIDIA A100-SXM4-80GB,CUDA,GEMM_Adam_CUDA,data_transfer,GPU,10,1048723456,Adam,1,0.9,999,"0,00000001",2.06464,4,0.0200131
2026-03-06-08-59-27,NVIDIA A100-SXM4-80GB,CUDA,GEMM_Adam_CUDA,compute,GPU,10,1048723456,Adam,1,0.9,999,"0,00000001",0.28512,4,0.0200131
2026-03-06-08-59-27,NVIDIA A100-SXM4-80GB,CUDA,GEMM_Adam_CUDA,data_transfer,GPU,10,1048723456,Adam,1,0.9,999,"0,00000001",2.07075,5,0.0188475
2026-03-06-08-59-27,NVIDIA A100-SXM4-80GB,CUDA,GEMM_Adam_CUDA,compute,GPU,10,1048723456,Adam,1,0.9,999,"0,00000001",0.235488,5,0.0188475
2026-03-06-08-59-28,NVIDIA A100-SXM4-80GB,CUDA,GEMM_Adam_CUDA,data_transfer,GPU,10,1048723456,Adam,1,0.9,999,"0,00000001",2.06778,6,0.0177258
2026-03-06-08-59-28,NVIDIA A100-SXM4-80GB,CUDA,GEMM_Adam_CUDA,compute,GPU,10,1048723456,Adam,1,0.9,999,"0,00000001",0.09248,6,0.0177258
2026-03-06-08-59-28,NVIDIA A100-SXM4-80GB,CUDA,GEMM_Adam_CUDA,data_transfer,GPU,10,1048723456,Adam,1,0.9,999,"0,00000001",2.41162,7,0.0166481
2026-03-06-08-59-28,NVIDIA A100-SXM4-80GB,CUDA,GEMM_Adam_CUDA,compute,GPU,10,1048723456,Adam,1,0.9,999,"0,00000001",0.10176,7,0.0166481
2026-03-06-08-59-28,NVIDIA A100-SXM4-80GB,CUDA,GEMM_Adam_CUDA,data_transfer,GPU,10,1048723456,Adam,1,0.9,999,"0,00000001",1.99046,8,0.0156143
2026-03-06-08-59-28,NVIDIA A100-SXM4-80GB,CUDA,GEMM_Adam_CUDA,compute,GPU,10,1048723456,Adam,1,0.9,999,"0,00000001",0.089568,8,0.0156143
2026-03-06-08-59-29,NVIDIA A100-SXM4-80GB,CUDA,GEMM_Adam_CUDA,data_transfer,GPU,10,1048723456,Adam,1,0.9,999,"0,00000001",2.06323,9,0.0146243
2026-03-06-08-59-29,NVIDIA A100-SXM4-80GB,CUDA,GEMM_Adam_CUDA,compute,GPU,10,1048723456,Adam,1,0.9,999,"0,00000001",0.090976,9,0.0146243
2026-03-06-08-59-29,NVIDIA A100-SXM4-80GB,CUDA,GEMM_Adam_CUDA,data_transfer,GPU,10,1048723456,Adam,1,0.9,999,"0,00000001",2.17066,10,0.0136779
2026-03-06-08-59-29,NVIDIA A100-SXM4-80GB,CUDA,GEMM_Adam_CUDA,compute,GPU,10,1048723456,Adam,1,0.9,999,"0,00000001",0.095232,10,0.0136779
2026-03-06-08-59-35,None,None,GEMM_Adam_CPU,compute,CPU,10,1048723456,Adam,1,0.9,999,"0,00000001",21,1,0
2026-03-06-08-59-35,None,None,GEMM_Adam_CPU,compute,CPU,10,1048723456,Adam,1,0.9,999,"0,00000001",17,2,0.0224746
2026-03-06-08-59-35,None,None,GEMM_Adam_CPU,compute,CPU,10,1048723456,Adam,1,0.9,999,"0,00000001",17,3,0.0212222
2026-03-06-08-59-36,None,None,GEMM_Adam_CPU,compute,CPU,10,1048723456,Adam,1,0.9,999,"0,00000001",17,4,0.0200131
2026-03-06-08-59-36,None,None,GEMM_Adam_CPU,compute,CPU,10,1048723456,Adam,1,0.9,999,"0,00000001",17,5,0.0188475
2026-03-06-08-59-36,None,None,GEMM_Adam_CPU,compute,CPU,10,1048723456,Adam,1,0.9,999,"0,00000001",17,6,0.0177258
2026-03-06-08-59-37,None,None,GEMM_Adam_CPU,compute,CPU,10,1048723456,Adam,1,0.9,999,"0,00000001",17,7,0.0166481
2026-03-06-08-59-37,None,None,GEMM_Adam_CPU,compute,CPU,10,1048723456,Adam,1,0.9,999,"0,00000001",17,8,0.0156143
2026-03-06-08-59-37,None,None,GEMM_Adam_CPU,compute,CPU,10,1048723456,Adam,1,0.9,999,"0,00000001",17,9,0.0146243
2026-03-06-08-59-38,None,None,GEMM_Adam_CPU,compute,CPU,10,1048723456,Adam,1,0.9,999,"0,00000001",17,10,0.0136779
2026-03-06-08-59-38,NVIDIA A100-SXM4-80GB,CUDA,GEMM_Adam_CUDA,data_transfer,GPU,10,1048723456,Adam,1,0.9,999,"0,00000001",1.81779,1,0
2026-03-06-08-59-38,NVIDIA A100-SXM4-80GB,CUDA,GEMM_Adam_CUDA,compute,GPU,10,1048723456,Adam,1,0.9,999,"0,00000001",0.189344,1,0
2026-03-06-08-59-39,NVIDIA A100-SXM4-80GB,CUDA,GEMM_Adam_CUDA,data_transfer,GPU,10,1048723456,Adam,1,0.9,999,"0,00000001",2.20627,2,0.0224746
2026-03-06-08-59-39,NVIDIA A100-SXM4-80GB,CUDA,GEMM_Adam_CUDA,compute,GPU,10,1048723456,Adam,1,0.9,999,"0,00000001",0.27424,2,0.0224746
2026-03-06-08-59-39,NVIDIA A100-SXM4-80GB,CUDA,GEMM_Adam_CUDA,data_transfer,GPU,10,1048723456,Adam,1,0.9,999,"0,00000001",2.05133,3,0.0212222
2026-03-06-08-59-39,NVIDIA A100-SXM4-80GB,CUDA,GEMM_Adam_CUDA,compute,GPU,10,1048723456,Adam,1,0.9,999,"0,00000001",0.228992,3,0.0212222
2026-03-06-08-59-39,NVIDIA A100-SXM4-80GB,CUDA,GEMM_Adam_CUDA,data_transfer,GPU,10,1048723456,Adam,1,0.9,999,"0,00000001",2.05869,4,0.0200131
2026-03-06-08-59-39,NVIDIA A100-SXM4-80GB,CUDA,GEMM_Adam_CUDA,compute,GPU,10,1048723456,Adam,1,0.9,999,"0,00000001",0.0888,4,0.0200131
2026-03-06-08-59-40,NVIDIA A100-SXM4-80GB,CUDA,GEMM_Adam_CUDA,data_transfer,GPU,10,1048723456,Adam,1,0.9,999,"0,00000001",2.05536,5,0.0188475
2026-03-06-08-59-40,NVIDIA A100-SXM4-80GB,CUDA,GEMM_Adam_CUDA,compute,GPU,10,1048723456,Adam,1,0.9,999,"0,00000001",0.276352,5,0.0188475
2026-03-06-08-59-40,NVIDIA A100-SXM4-80GB,CUDA,GEMM_Adam_CUDA,data_transfer,GPU,10,1048723456,Adam,1,0.9,999,"0,00000001",2.1007,6,0.0177258
2026-03-06-08-59-40,NVIDIA A100-SXM4-80GB,CUDA,GEMM_Adam_CUDA,compute,GPU,10,1048723456,Adam,1,0.9,999,"0,00000001",0.09552,6,0.0177258
2026-03-06-08-59-40,NVIDIA A100-SXM4-80GB,CUDA,GEMM_Adam_CUDA,data_transfer,GPU,10,1048723456,Adam,1,0.9,999,"0,00000001",2.25754,7,0.0166481
2026-03-06-08-59-40,NVIDIA A100-SXM4-80GB,CUDA,GEMM_Adam_CUDA,compute,GPU,10,1048723456,Adam,1,0.9,999,"0,00000001",0.08784,7,0.0166481
2026-03-06-08-59-41,NVIDIA A100-SXM4-80GB,CUDA,GEMM_Adam_CUDA,data_transfer,GPU,10,1048723456,Adam,1,0.9,999,"0,00000001",2.11341,8,0.0156143
2026-03-06-08-59-41,NVIDIA A100-SXM4-80GB,CUDA,GEMM_Adam_CUDA,compute,GPU,10,1048723456,Adam,1,0.9,999,"0,00000001",0.090368,8,0.0156143
2026-03-06-08-59-41,NVIDIA A100-SXM4-80GB,CUDA,GEMM_Adam_CUDA,data_transfer,GPU,10,1048723456,Adam,1,0.9,999,"0,00000001",2.06189,9,0.0146243
2026-03-06-08-59-41,NVIDIA A100-SXM4-80GB,CUDA,GEMM_Adam_CUDA,compute,GPU,10,1048723456,Adam,1,0.9,999,"0,00000001",0.101248,9,0.0146243
2026-03-06-08-59-41,NVIDIA A100-SXM4-80GB,CUDA,GEMM_Adam_CUDA,data_transfer,GPU,10,1048723456,Adam,1,0.9,999,"0,00000001",2.06138,10,0.0136779
2026-03-06-08-59-41,NVIDIA A100-SXM4-80GB,CUDA,GEMM_Adam_CUDA,compute,GPU,10,1048723456,Adam,1,0.9,999,"0,00000001",0.091392,10,0.0136779
2026-03-06-08-59-43,None,None,GEMM_Adam_CPU,compute,CPU,10,1048723456,Adam,1,0.9,999,"0,00000001",21,1,0
2026-03-06-08-59-44,None,None,GEMM_Adam_CPU,compute,CPU,10,1048723456,Adam,1,0.9,999,"0,00000001",17,2,0.0224746
2026-03-06-08-59-44,None,None,GEMM_Adam_CPU,compute,CPU,10,1048723456,Adam,1,0.9,999,"0,00000001",17,3,0.0212222
2026-03-06-08-59-44,None,None,GEMM_Adam_CPU,compute,CPU,10,1048723456,Adam,1,0.9,999,"0,00000001",17,4,0.0200131
2026-03-06-08-59-45,None,None,GEMM_Adam_CPU,compute,CPU,10,1048723456,Adam,1,0.9,999,"0,00000001",17,5,0.0188475
2026-03-06-08-59-45,None,None,GEMM_Adam_CPU,compute,CPU,10,1048723456,Adam,1,0.9,999,"0,00000001",17,6,0.0177258
2026-03-06-08-59-45,None,None,GEMM_Adam_CPU,compute,CPU,10,1048723456,Adam,1,0.9,999,"0,00000001",17,7,0.0166481
2026-03-06-08-59-46,None,None,GEMM_Adam_CPU,compute,CPU,10,1048723456,Adam,1,0.9,999,"0,00000001",17,8,0.0156143
2026-03-06-08-59-46,None,None,GEMM_Adam_CPU,compute,CPU,10,1048723456,Adam,1,0.9,999,"0,00000001",17,9,0.0146243
2026-03-06-08-59-46,None,None,GEMM_Adam_CPU,compute,CPU,10,1048723456,Adam,1,0.9,999,"0,00000001",17,10,0.0136779
2026-03-06-08-59-47,NVIDIA A100-SXM4-80GB,CUDA,GEMM_Adam_CUDA,data_transfer,GPU,10,1048723456,Adam,1,0.9,999,"0,00000001",2.0529,1,0
2026-03-06-08-59-47,NVIDIA A100-SXM4-80GB,CUDA,GEMM_Adam_CUDA,compute,GPU,10,1048723456,Adam,1,0.9,999,"0,00000001",0.18592,1,0
2026-03-06-08-59-47,NVIDIA A100-SXM4-80GB,CUDA,GEMM_Adam_CUDA,data_transfer,GPU,10,1048723456,Adam,1,0.9,999,"0,00000001",2.58122,2,0.0224746
2026-03-06-08-59-47,NVIDIA A100-SXM4-80GB,CUDA,GEMM_Adam_CUDA,compute,GPU,10,1048723456,Adam,1,0.9,999,"0,00000001",0.092256,2,0.0224746
2026-03-06-08-59-48,NVIDIA A100-SXM4-80GB,CUDA,GEMM_Adam_CUDA,data_transfer,GPU,10,1048723456,Adam,1,0.9,999,"0,00000001",2.29011,3,0.0212222
2026-03-06-08-59-48,NVIDIA A100-SXM4-80GB,CUDA,GEMM_Adam_CUDA,compute,GPU,10,1048723456,Adam,1,0.9,999,"0,00000001",0.088448,3,0.0212222
2026-03-06-08-59-48,NVIDIA A100-SXM4-80GB,CUDA,GEMM_Adam_CUDA,data_transfer,GPU,10,1048723456,Adam,1,0.9,999,"0,00000001",2.35181,4,0.0200131
2026-03-06-08-59-48,NVIDIA A100-SXM4-80GB,CUDA,GEMM_Adam_CUDA,compute,GPU,10,1048723456,Adam,1,0.9,999,"0,00000001",0.090592,4,0.0200131
2026-03-06-08-59-48,NVIDIA A100-SXM4-80GB,CUDA,GEMM_Adam_CUDA,data_transfer,GPU,10,1048723456,Adam,1,0.9,999,"0,00000001",2.53002,5,0.0188475
2026-03-06-08-59-48,NVIDIA A100-SXM4-80GB,CUDA,GEMM_Adam_CUDA,compute,GPU,10,1048723456,Adam,1,0.9,999,"0,00000001",0.087264,5,0.0188475
2026-03-06-08-59-49,NVIDIA A100-SXM4-80GB,CUDA,GEMM_Adam_CUDA,data_transfer,GPU,10,1048723456,Adam,1,0.9,999,"0,00000001",2.38861,6,0.0177258
2026-03-06-08-59-49,NVIDIA A100-SXM4-80GB,CUDA,GEMM_Adam_CUDA,compute,GPU,10,1048723456,Adam,1,0.9,999,"0,00000001",0.089504,6,0.0177258
2026-03-06-08-59-49,NVIDIA A100-SXM4-80GB,CUDA,GEMM_Adam_CUDA,data_transfer,GPU,10,1048723456,Adam,1,0.9,999,"0,00000001",2.88557,7,0.0166481
2026-03-06-08-59-49,NVIDIA A100-SXM4-80GB,CUDA,GEMM_Adam_CUDA,compute,GPU,10,1048723456,Adam,1,0.9,999,"0,00000001",0.096096,7,0.0166481
2026-03-06-08-59-49,NVIDIA A100-SXM4-80GB,CUDA,GEMM_Adam_CUDA,data_transfer,GPU,10,1048723456,Adam,1,0.9,999,"0,00000001",2.34611,8,0.0156143
2026-03-06-08-59-49,NVIDIA A100-SXM4-80GB,CUDA,GEMM_Adam_CUDA,compute,GPU,10,1048723456,Adam,1,0.9,999,"0,00000001",0.087104,8,0.0156143
2026-03-06-08-59-50,NVIDIA A100-SXM4-80GB,CUDA,GEMM_Adam_CUDA,data_transfer,GPU,10,1048723456,Adam,1,0.9,999,"0,00000001",2.52531,9,0.0146243
2026-03-06-08-59-50,NVIDIA A100-SXM4-80GB,CUDA,GEMM_Adam_CUDA,compute,GPU,10,1048723456,Adam,1,0.9,999,"0,00000001",0.08752,9,0.0146243
2026-03-06-08-59-50,NVIDIA A100-SXM4-80GB,CUDA,GEMM_Adam_CUDA,data_transfer,GPU,10,1048723456,Adam,1,0.9,999,"0,00000001",2.34998,10,0.0136779
2026-03-06-08-59-50,NVIDIA A100-SXM4-80GB,CUDA,GEMM_Adam_CUDA,compute,GPU,10,1048723456,Adam,1,0.9,999,"0,00000001",0.087392,10,0.0136779
2026-03-06-08-59-52,None,None,GEMM_Adam_CPU,compute,CPU,10,1048723456,Adam,1,0.9,999,"0,00000001",21,1,0
2026-03-06-08-59-53,None,None,GEMM_Adam_CPU,compute,CPU,10,1048723456,Adam,1,0.9,999,"0,00000001",17,2,0.0224746
2026-03-06-08-59-53,None,None,GEMM_Adam_CPU,compute,CPU,10,1048723456,Adam,1,0.9,999,"0,00000001",17,3,0.0212222
2026-03-06-08-59-53,None,None,GEMM_Adam_CPU,compute,CPU,10,1048723456,Adam,1,0.9,999,"0,00000001",17,4,0.0200131
2026-03-06-08-59-54,None,None,GEMM_Adam_CPU,compute,CPU,10,1048723456,Adam,1,0.9,999,"0,00000001",17,5,0.0188475
2026-03-06-08-59-54,None,None,GEMM_Adam_CPU,compute,CPU,10,1048723456,Adam,1,0.9,999,"0,00000001",17,6,0.0177258
2026-03-06-08-59-54,None,None,GEMM_Adam_CPU,compute,CPU,10,1048723456,Adam,1,0.9,999,"0,00000001",17,7,0.0166481
2026-03-06-08-59-55,None,None,GEMM_Adam_CPU,compute,CPU,10,1048723456,Adam,1,0.9,999,"0,00000001",17,8,0.0156143
2026-03-06-08-59-55,None,None,GEMM_Adam_CPU,compute,CPU,10,1048723456,Adam,1,0.9,999,"0,00000001",17,9,0.0146243
2026-03-06-08-59-55,None,None,GEMM_Adam_CPU,compute,CPU,10,1048723456,Adam,1,0.9,999,"0,00000001",17,10,0.0136779
2026-03-06-08-59-56,NVIDIA A100-SXM4-80GB,CUDA,GEMM_Adam_CUDA,data_transfer,GPU,10,1048723456,Adam,1,0.9,999,"0,00000001",2.31299,1,0
2026-03-06-08-59-56,NVIDIA A100-SXM4-80GB,CUDA,GEMM_Adam_CUDA,compute,GPU,10,1048723456,Adam,1,0.9,999,"0,00000001",0.189056,1,0
2026-03-06-08-59-56,NVIDIA A100-SXM4-80GB,CUDA,GEMM_Adam_CUDA,data_transfer,GPU,10,1048723456,Adam,1,0.9,999,"0,00000001",2.1928,2,0.0224746
2026-03-06-08-59-56,NVIDIA A100-SXM4-80GB,CUDA,GEMM_Adam_CUDA,compute,GPU,10,1048723456,Adam,1,0.9,999,"0,00000001",0.279072,2,0.0224746
2026-03-06-08-59-57,NVIDIA A100-SXM4-80GB,CUDA,GEMM_Adam_CUDA,data_transfer,GPU,10,1048723456,Adam,1,0.9,999,"0,00000001",2.0703,3,0.0212222
2026-03-06-08-59-57,NVIDIA A100-SXM4-80GB,CUDA,GEMM_Adam_CUDA,compute,GPU,10,1048723456,Adam,1,0.9,999,"0,00000001",0.08672,3,0.0212222
2026-03-06-08-59-57,NVIDIA A100-SXM4-80GB,CUDA,GEMM_Adam_CUDA,data_transfer,GPU,10,1048723456,Adam,1,0.9,999,"0,00000001",2.06246,4,0.0200131
2026-03-06-08-59-57,NVIDIA A100-SXM4-80GB,CUDA,GEMM_Adam_CUDA,compute,GPU,10,1048723456,Adam,1,0.9,999,"0,00000001",0.090688,4,0.0200131
2026-03-06-08-59-57,NVIDIA A100-SXM4-80GB,CUDA,GEMM_Adam_CUDA,data_transfer,GPU,10,1048723456,Adam,1,0.9,999,"0,00000001",2.05677,5,0.0188475
2026-03-06-08-59-57,NVIDIA A100-SXM4-80GB,CUDA,GEMM_Adam_CUDA,compute,GPU,10,1048723456,Adam,1,0.9,999,"0,00000001",0.087424,5,0.0188475
2026-03-06-08-59-58,NVIDIA A100-SXM4-80GB,CUDA,GEMM_Adam_CUDA,data_transfer,GPU,10,1048723456,Adam,1,0.9,999,"0,00000001",2.07437,6,0.0177258
2026-03-06-08-59-58,NVIDIA A100-SXM4-80GB,CUDA,GEMM_Adam_CUDA,compute,GPU,10,1048723456,Adam,1,0.9,999,"0,00000001",0.08944,6,0.0177258
2026-03-06-08-59-58,NVIDIA A100-SXM4-80GB,CUDA,GEMM_Adam_CUDA,data_transfer,GPU,10,1048723456,Adam,1,0.9,999,"0,00000001",2.39962,7,0.0166481
2026-03-06-08-59-58,NVIDIA A100-SXM4-80GB,CUDA,GEMM_Adam_CUDA,compute,GPU,10,1048723456,Adam,1,0.9,999,"0,00000001",0.09824,7,0.0166481
2026-03-06-08-59-58,NVIDIA A100-SXM4-80GB,CUDA,GEMM_Adam_CUDA,data_transfer,GPU,10,1048723456,Adam,1,0.9,999,"0,00000001",2.07914,8,0.0156143
2026-03-06-08-59-58,NVIDIA A100-SXM4-80GB,CUDA,GEMM_Adam_CUDA,compute,GPU,10,1048723456,Adam,1,0.9,999,"0,00000001",0.088032,8,0.0156143
2026-03-06-08-59-59,NVIDIA A100-SXM4-80GB,CUDA,GEMM_Adam_CUDA,data_transfer,GPU,10,1048723456,Adam,1,0.9,999,"0,00000001",2.0999,9,0.0146243
2026-03-06-08-59-59,NVIDIA A100-SXM4-80GB,CUDA,GEMM_Adam_CUDA,compute,GPU,10,1048723456,Adam,1,0.9,999,"0,00000001",0.089856,9,0.0146243
2026-03-06-08-59-59,NVIDIA A100-SXM4-80GB,CUDA,GEMM_Adam_CUDA,data_transfer,GPU,10,1048723456,Adam,1,0.9,999,"0,00000001",2.06298,10,0.0136779
2026-03-06-08-59-59,NVIDIA A100-SXM4-80GB,CUDA,GEMM_Adam_CUDA,compute,GPU,10,1048723456,Adam,1,0.9,999,"0,00000001",0.089632,10,0.0136779
2026-03-06-09-00-01,None,None,GEMM_Adam_CPU,compute,CPU,10,1048723456,Adam,1,0.9,999,"0,00000001",21,1,0
2026-03-06-09-00-01,None,None,GEMM_Adam_CPU,compute,CPU,10,1048723456,Adam,1,0.9,999,"0,00000001",17,2,0.0224746
2026-03-06-09-00-01,None,None,GEMM_Adam_CPU,compute,CPU,10,1048723456,Adam,1,0.9,999,"0,00000001",17,3,0.0212222
2026-03-06-09-00-02,None,None,GEMM_Adam_CPU,compute,CPU,10,1048723456,Adam,1,0.9,999,"0,00000001",17,4,0.0200131
2026-03-06-09-00-02,None,None,GEMM_Adam_CPU,compute,CPU,10,1048723456,Adam,1,0.9,999,"0,00000001",17,5,0.0188475
2026-03-06-09-00-02,None,None,GEMM_Adam_CPU,compute,CPU,10,1048723456,Adam,1,0.9,999,"0,00000001",17,6,0.0177258
2026-03-06-09-00-03,None,None,GEMM_Adam_CPU,compute,CPU,10,1048723456,Adam,1,0.9,999,"0,00000001",17,7,0.0166481
2026-03-06-09-00-03,None,None,GEMM_Adam_CPU,compute,CPU,10,1048723456,Adam,1,0.9,999,"0,00000001",17,8,0.0156143
2026-03-06-09-00-03,None,None,GEMM_Adam_CPU,compute,CPU,10,1048723456,Adam,1,0.9,999,"0,00000001",17,9,0.0146243
2026-03-06-09-00-04,None,None,GEMM_Adam_CPU,compute,CPU,10,1048723456,Adam,1,0.9,999,"0,00000001",17,10,0.0136779
2026-03-06-09-00-05,NVIDIA A100-SXM4-80GB,CUDA,GEMM_Adam_CUDA,data_transfer,GPU,10,1048723456,Adam,1,0.9,999,"0,00000001",2.23194,1,0
2026-03-06-09-00-05,NVIDIA A100-SXM4-80GB,CUDA,GEMM_Adam_CUDA,compute,GPU,10,1048723456,Adam,1,0.9,999,"0,00000001",0.18672,1,0
2026-03-06-09-00-05,NVIDIA A100-SXM4-80GB,CUDA,GEMM_Adam_CUDA,data_transfer,GPU,10,1048723456,Adam,1,0.9,999,"0,00000001",2.23331,2,0.0224746
2026-03-06-09-00-05,NVIDIA A100-SXM4-80GB,CUDA,GEMM_Adam_CUDA,compute,GPU,10,1048723456,Adam,1,0.9,999,"0,00000001",0.095808,2,0.0224746
2026-03-06-09-00-05,NVIDIA A100-SXM4-80GB,CUDA,GEMM_Adam_CUDA,data_transfer,GPU,10,1048723456,Adam,1,0.9,999,"0,00000001",2.13229,3,0.0212222
2026-03-06-09-00-05,NVIDIA A100-SXM4-80GB,CUDA,GEMM_Adam_CUDA,compute,GPU,10,1048723456,Adam,1,0.9,999,"0,00000001",0.094784,3,0.0212222
2026-03-06-09-00-06,NVIDIA A100-SXM4-80GB,CUDA,GEMM_Adam_CUDA,data_transfer,GPU,10,1048723456,Adam,1,0.9,999,"0,00000001",2.06656,4,0.0200131
2026-03-06-09-00-06,NVIDIA A100-SXM4-80GB,CUDA,GEMM_Adam_CUDA,compute,GPU,10,1048723456,Adam,1,0.9,999,"0,00000001",0.09008,4,0.0200131
2026-03-06-09-00-06,NVIDIA A100-SXM4-80GB,CUDA,GEMM_Adam_CUDA,data_transfer,GPU,10,1048723456,Adam,1,0.9,999,"0,00000001",2.04867,5,0.0188475
2026-03-06-09-00-06,NVIDIA A100-SXM4-80GB,CUDA,GEMM_Adam_CUDA,compute,GPU,10,1048723456,Adam,1,0.9,999,"0,00000001",0.092128,5,0.0188475
2026-03-06-09-00-06,NVIDIA A100-SXM4-80GB,CUDA,GEMM_Adam_CUDA,data_transfer,GPU,10,1048723456,Adam,1,0.9,999,"0,00000001",2.06902,6,0.0177258
2026-03-06-09-00-06,NVIDIA A100-SXM4-80GB,CUDA,GEMM_Adam_CUDA,compute,GPU,10,1048723456,Adam,1,0.9,999,"0,00000001",0.090688,6,0.0177258
2026-03-06-09-00-07,NVIDIA A100-SXM4-80GB,CUDA,GEMM_Adam_CUDA,data_transfer,GPU,10,1048723456,Adam,1,0.9,999,"0,00000001",2.26874,7,0.0166481
2026-03-06-09-00-07,NVIDIA A100-SXM4-80GB,CUDA,GEMM_Adam_CUDA,compute,GPU,10,1048723456,Adam,1,0.9,999,"0,00000001",0.101408,7,0.0166481
2026-03-06-09-00-07,NVIDIA A100-SXM4-80GB,CUDA,GEMM_Adam_CUDA,data_transfer,GPU,10,1048723456,Adam,1,0.9,999,"0,00000001",2.07024,8,0.0156143
2026-03-06-09-00-07,NVIDIA A100-SXM4-80GB,CUDA,GEMM_Adam_CUDA,compute,GPU,10,1048723456,Adam,1,0.9,999,"0,00000001",0.09072,8,0.0156143
2026-03-06-09-00-07,NVIDIA A100-SXM4-80GB,CUDA,GEMM_Adam_CUDA,data_transfer,GPU,10,1048723456,Adam,1,0.9,999,"0,00000001",2.07622,9,0.0146243
2026-03-06-09-00-07,NVIDIA A100-SXM4-80GB,CUDA,GEMM_Adam_CUDA,compute,GPU,10,1048723456,Adam,1,0.9,999,"0,00000001",0.0904,9,0.0146243
2026-03-06-09-00-08,NVIDIA A100-SXM4-80GB,CUDA,GEMM_Adam_CUDA,data_transfer,GPU,10,1048723456,Adam,1,0.9,999,"0,00000001",2.08061,10,0.0136779
2026-03-06-09-00-08,NVIDIA A100-SXM4-80GB,CUDA,GEMM_Adam_CUDA,compute,GPU,10,1048723456,Adam,1,0.9,999,"0,00000001",0.090368,10,0.0136779
2026-03-06-09-00-12,None,None,GEMM_Adam_CPU,compute,CPU,10,1048723456,Adam,1,0.9,999,"0,00000001",21,1,0
2026-03-06-09-00-12,None,None,GEMM_Adam_CPU,compute,CPU,10,1048723456,Adam,1,0.9,999,"0,00000001",17,2,0.0224746
2026-03-06-09-00-13,None,None,GEMM_Adam_CPU,compute,CPU,10,1048723456,Adam,1,0.9,999,"0,00000001",17,3,0.0212222
2026-03-06-09-00-13,None,None,GEMM_Adam_CPU,compute,CPU,10,1048723456,Adam,1,0.9,999,"0,00000001",17,4,0.0200131
2026-03-06-09-00-13,None,None,GEMM_Adam_CPU,compute,CPU,10,1048723456,Adam,1,0.9,999,"0,00000001",17,5,0.0188475
2026-03-06-09-00-14,None,None,GEMM_Adam_CPU,compute,CPU,10,1048723456,Adam,1,0.9,999,"0,00000001",17,6,0.0177258
2026-03-06-09-00-14,None,None,GEMM_Adam_CPU,compute,CPU,10,1048723456,Adam,1,0.9,999,"0,00000001",17,7,0.0166481
2026-03-06-09-00-14,None,None,GEMM_Adam_CPU,compute,CPU,10,1048723456,Adam,1,0.9,999,"0,00000001",17,8,0.0156143
2026-03-06-09-00-15,None,None,GEMM_Adam_CPU,compute,CPU,10,1048723456,Adam,1,0.9,999,"0,00000001",17,9,0.0146243
2026-03-06-09-00-15,None,None,GEMM_Adam_CPU,compute,CPU,10,1048723456,Adam,1,0.9,999,"0,00000001",17,10,0.0136779
2026-03-06-09-00-16,NVIDIA A100-SXM4-80GB,CUDA,GEMM_Adam_CUDA,data_transfer,GPU,10,1048723456,Adam,1,0.9,999,"0,00000001",1.76278,1,0
2026-03-06-09-00-16,NVIDIA A100-SXM4-80GB,CUDA,GEMM_Adam_CUDA,compute,GPU,10,1048723456,Adam,1,0.9,999,"0,00000001",0.189408,1,0
2026-03-06-09-00-16,NVIDIA A100-SXM4-80GB,CUDA,GEMM_Adam_CUDA,data_transfer,GPU,10,1048723456,Adam,1,0.9,999,"0,00000001",2.33197,2,0.0224746
2026-03-06-09-00-16,NVIDIA A100-SXM4-80GB,CUDA,GEMM_Adam_CUDA,compute,GPU,10,1048723456,Adam,1,0.9,999,"0,00000001",0.092768,2,0.0224746
2026-03-06-09-00-17,NVIDIA A100-SXM4-80GB,CUDA,GEMM_Adam_CUDA,data_transfer,GPU,10,1048723456,Adam,1,0.9,999,"0,00000001",2.1184,3,0.0212222
2026-03-06-09-00-17,NVIDIA A100-SXM4-80GB,CUDA,GEMM_Adam_CUDA,compute,GPU,10,1048723456,Adam,1,0.9,999,"0,00000001",0.090976,3,0.0212222
2026-03-06-09-00-17,NVIDIA A100-SXM4-80GB,CUDA,GEMM_Adam_CUDA,data_transfer,GPU,10,1048723456,Adam,1,0.9,999,"0,00000001",2.09213,4,0.0200131
2026-03-06-09-00-17,NVIDIA A100-SXM4-80GB,CUDA,GEMM_Adam_CUDA,compute,GPU,10,1048723456,Adam,1,0.9,999,"0,00000001",0.089376,4,0.0200131
2026-03-06-09-00-17,NVIDIA A100-SXM4-80GB,CUDA,GEMM_Adam_CUDA,data_transfer,GPU,10,1048723456,Adam,1,0.9,999,"0,00000001",2.07571,5,0.0188475
2026-03-06-09-00-17,NVIDIA A100-SXM4-80GB,CUDA,GEMM_Adam_CUDA,compute,GPU,10,1048723456,Adam,1,0.9,999,"0,00000001",0.093152,5,0.0188475
2026-03-06-09-00-18,NVIDIA A100-SXM4-80GB,CUDA,GEMM_Adam_CUDA,data_transfer,GPU,10,1048723456,Adam,1,0.9,999,"0,00000001",2.13571,6,0.0177258
2026-03-06-09-00-18,NVIDIA A100-SXM4-80GB,CUDA,GEMM_Adam_CUDA,compute,GPU,10,1048723456,Adam,1,0.9,999,"0,00000001",0.088832,6,0.0177258
2026-03-06-09-00-18,NVIDIA A100-SXM4-80GB,CUDA,GEMM_Adam_CUDA,data_transfer,GPU,10,1048723456,Adam,1,0.9,999,"0,00000001",2.08598,7,0.0166481
2026-03-06-09-00-18,NVIDIA A100-SXM4-80GB,CUDA,GEMM_Adam_CUDA,compute,GPU,10,1048723456,Adam,1,0.9,999,"0,00000001",0.090432,7,0.0166481
2026-03-06-09-00-18,NVIDIA A100-SXM4-80GB,CUDA,GEMM_Adam_CUDA,data_transfer,GPU,10,1048723456,Adam,1,0.9,999,"0,00000001",2.08013,8,0.0156143
2026-03-06-09-00-18,NVIDIA A100-SXM4-80GB,CUDA,GEMM_Adam_CUDA,compute,GPU,10,1048723456,Adam,1,0.9,999,"0,00000001",0.089504,8,0.0156143
2026-03-06-09-00-19,NVIDIA A100-SXM4-80GB,CUDA,GEMM_Adam_CUDA,data_transfer,GPU,10,1048723456,Adam,1,0.9,999,"0,00000001",2.07645,9,0.0146243
2026-03-06-09-00-19,NVIDIA A100-SXM4-80GB,CUDA,GEMM_Adam_CUDA,compute,GPU,10,1048723456,Adam,1,0.9,999,"0,00000001",0.089792,9,0.0146243
2026-03-06-09-00-19,NVIDIA A100-SXM4-80GB,CUDA,GEMM_Adam_CUDA,data_transfer,GPU,10,1048723456,Adam,1,0.9,999,"0,00000001",2.07059,10,0.0136779
2026-03-06-09-00-19,NVIDIA A100-SXM4-80GB,CUDA,GEMM_Adam_CUDA,compute,GPU,10,1048723456,Adam,1,0.9,999,"0,00000001",0.09216,10,0.0136779
2026-03-06-09-00-21,None,None,GEMM_Adam_CPU,compute,CPU,10,1048723456,Adam,1,0.9,999,"0,00000001",21,1,0
2026-03-06-09-00-21,None,None,GEMM_Adam_CPU,compute,CPU,10,1048723456,Adam,1,0.9,999,"0,00000001",17,2,0.0224746
2026-03-06-09-00-21,None,None,GEMM_Adam_CPU,compute,CPU,10,1048723456,Adam,1,0.9,999,"0,00000001",17,3,0.0212222
2026-03-06-09-00-22,None,None,GEMM_Adam_CPU,compute,CPU,10,1048723456,Adam,1,0.9,999,"0,00000001",17,4,0.0200131
2026-03-06-09-00-22,None,None,GEMM_Adam_CPU,compute,CPU,10,1048723456,Adam,1,0.9,999,"0,00000001",17,5,0.0188475
2026-03-06-09-00-22,None,None,GEMM_Adam_CPU,compute,CPU,10,1048723456,Adam,1,0.9,999,"0,00000001",17,6,0.0177258
2026-03-06-09-00-23,None,None,GEMM_Adam_CPU,compute,CPU,10,1048723456,Adam,1,0.9,999,"0,00000001",17,7,0.0166481
2026-03-06-09-00-23,None,None,GEMM_Adam_CPU,compute,CPU,10,1048723456,Adam,1,0.9,999,"0,00000001",17,8,0.0156143
2026-03-06-09-00-23,None,None,GEMM_Adam_CPU,compute,CPU,10,1048723456,Adam,1,0.9,999,"0,00000001",17,9,0.0146243
2026-03-06-09-00-24,None,None,GEMM_Adam_CPU,compute,CPU,10,1048723456,Adam,1,0.9,999,"0,00000001",17,10,0.0136779
2026-03-06-09-00-24,NVIDIA A100-SXM4-80GB,CUDA,GEMM_Adam_CUDA,data_transfer,GPU,10,1048723456,Adam,1,0.9,999,"0,00000001",1.66051,1,0
2026-03-06-09-00-24,NVIDIA A100-SXM4-80GB,CUDA,GEMM_Adam_CUDA,compute,GPU,10,1048723456,Adam,1,0.9,999,"0,00000001",0.191008,1,0
2026-03-06-09-00-25,NVIDIA A100-SXM4-80GB,CUDA,GEMM_Adam_CUDA,data_transfer,GPU,10,1048723456,Adam,1,0.9,999,"0,00000001",2.15162,2,0.0224746
2026-03-06-09-00-25,NVIDIA A100-SXM4-80GB,CUDA,GEMM_Adam_CUDA,compute,GPU,10,1048723456,Adam,1,0.9,999,"0,00000001",0.08192,2,0.0224746
2026-03-06-09-00-25,NVIDIA A100-SXM4-80GB,CUDA,GEMM_Adam_CUDA,data_transfer,GPU,10,1048723456,Adam,1,0.9,999,"0,00000001",2.10266,3,0.0212222
2026-03-06-09-00-25,NVIDIA A100-SXM4-80GB,CUDA,GEMM_Adam_CUDA,compute,GPU,10,1048723456,Adam,1,0.9,999,"0,00000001",0.080992,3,0.0212222
2026-03-06-09-00-25,NVIDIA A100-SXM4-80GB,CUDA,GEMM_Adam_CUDA,data_transfer,GPU,10,1048723456,Adam,1,0.9,999,"0,00000001",2.05398,4,0.0200131
2026-03-06-09-00-25,NVIDIA A100-SXM4-80GB,CUDA,GEMM_Adam_CUDA,compute,GPU,10,1048723456,Adam,1,0.9,999,"0,00000001",0.088992,4,0.0200131
2026-03-06-09-00-26,NVIDIA A100-SXM4-80GB,CUDA,GEMM_Adam_CUDA,data_transfer,GPU,10,1048723456,Adam,1,0.9,999,"0,00000001",2.08448,5,0.0188475
2026-03-06-09-00-26,NVIDIA A100-SXM4-80GB,CUDA,GEMM_Adam_CUDA,compute,GPU,10,1048723456,Adam,1,0.9,999,"0,00000001",0.083552,5,0.0188475
2026-03-06-09-00-26,NVIDIA A100-SXM4-80GB,CUDA,GEMM_Adam_CUDA,data_transfer,GPU,10,1048723456,Adam,1,0.9,999,"0,00000001",2.05632,6,0.0177258
2026-03-06-09-00-26,NVIDIA A100-SXM4-80GB,CUDA,GEMM_Adam_CUDA,compute,GPU,10,1048723456,Adam,1,0.9,999,"0,00000001",0.083488,6,0.0177258
2026-03-06-09-00-26,NVIDIA A100-SXM4-80GB,CUDA,GEMM_Adam_CUDA,data_transfer,GPU,10,1048723456,Adam,1,0.9,999,"0,00000001",2.40797,7,0.0166481
2026-03-06-09-00-26,NVIDIA A100-SXM4-80GB,CUDA,GEMM_Adam_CUDA,compute,GPU,10,1048723456,Adam,1,0.9,999,"0,00000001",0.095072,7,0.0166481
2026-03-06-09-00-27,NVIDIA A100-SXM4-80GB,CUDA,GEMM_Adam_CUDA,data_transfer,GPU,10,1048723456,Adam,1,0.9,999,"0,00000001",2.06515,8,0.0156143
2026-03-06-09-00-27,NVIDIA A100-SXM4-80GB,CUDA,GEMM_Adam_CUDA,compute,GPU,10,1048723456,Adam,1,0.9,999,"0,00000001",0.08384,8,0.0156143
2026-03-06-09-00-27,NVIDIA A100-SXM4-80GB,CUDA,GEMM_Adam_CUDA,data_transfer,GPU,10,1048723456,Adam,1,0.9,999,"0,00000001",2.0537,9,0.0146243
2026-03-06-09-00-27,NVIDIA A100-SXM4-80GB,CUDA,GEMM_Adam_CUDA,compute,GPU,10,1048723456,Adam,1,0.9,999,"0,00000001",0.088512,9,0.0146243
2026-03-06-09-00-27,NVIDIA A100-SXM4-80GB,CUDA,GEMM_Adam_CUDA,data_transfer,GPU,10,1048723456,Adam,1,0.9,999,"0,00000001",2.05037,10,0.0136779
2026-03-06-09-00-27,NVIDIA A100-SXM4-80GB,CUDA,GEMM_Adam_CUDA,compute,GPU,10,1048723456,Adam,1,0.9,999,"0,00000001",0.0848,10,0.0136779
2026-03-06-09-02-15,None,None,GEMM_Adam_CPU,compute,CPU,10,1048723456,Adam,1,0.9,999,"0,00000001",21,1,0
2026-03-06-09-02-16,None,None,GEMM_Adam_CPU,compute,CPU,10,1048723456,Adam,1,0.9,999,"0,00000001",17,2,0.0224746
2026-03-06-09-02-16,None,None,GEMM_Adam_CPU,compute,CPU,10,1048723456,Adam,1,0.9,999,"0,00000001",17,3,0.0212222
2026-03-06-09-02-17,None,None,GEMM_Adam_CPU,compute,CPU,10,1048723456,Adam,1,0.9,999,"0,00000001",17,4,0.0200131
2026-03-06-09-02-17,None,None,GEMM_Adam_CPU,compute,CPU,10,1048723456,Adam,1,0.9,999,"0,00000001",17,5,0.0188475
2026-03-06-09-02-17,None,None,GEMM_Adam_CPU,compute,CPU,10,1048723456,Adam,1,0.9,999,"0,00000001",17,6,0.0177258
2026-03-06-09-02-18,None,None,GEMM_Adam_CPU,compute,CPU,10,1048723456,Adam,1,0.9,999,"0,00000001",17,7,0.0166481
2026-03-06-09-02-18,None,None,GEMM_Adam_CPU,compute,CPU,10,1048723456,Adam,1,0.9,999,"0,00000001",17,8,0.0156143
2026-03-06-09-02-18,None,None,GEMM_Adam_CPU,compute,CPU,10,1048723456,Adam,1,0.9,999,"0,00000001",17,9,0.0146243
2026-03-06-09-02-19,None,None,GEMM_Adam_CPU,compute,CPU,10,1048723456,Adam,1,0.9,999,"0,00000001",17,10,0.0136779
2026-03-06-09-02-19,NVIDIA A100-SXM4-80GB,CUDA,GEMM_Adam_CUDA,data_transfer,GPU,10,1048723456,Adam,1,0.9,999,"0,00000001",1.89261,1,0
2026-03-06-09-02-19,NVIDIA A100-SXM4-80GB,CUDA,GEMM_Adam_CUDA,compute,GPU,10,1048723456,Adam,1,0.9,999,"0,00000001",0.175168,1,0
2026-03-06-09-02-20,NVIDIA A100-SXM4-80GB,CUDA,GEMM_Adam_CUDA,data_transfer,GPU,10,1048723456,Adam,1,0.9,999,"0,00000001",2.40157,2,0.0224746
2026-03-06-09-02-20,NVIDIA A100-SXM4-80GB,CUDA,GEMM_Adam_CUDA,compute,GPU,10,1048723456,Adam,1,0.9,999,"0,00000001",0.094368,2,0.0224746
2026-03-06-09-02-20,NVIDIA A100-SXM4-80GB,CUDA,GEMM_Adam_CUDA,data_transfer,GPU,10,1048723456,Adam,1,0.9,999,"0,00000001",2.34621,3,0.0212222
2026-03-06-09-02-20,NVIDIA A100-SXM4-80GB,CUDA,GEMM_Adam_CUDA,compute,GPU,10,1048723456,Adam,1,0.9,999,"0,00000001",0.089952,3,0.0212222
2026-03-06-09-02-20,NVIDIA A100-SXM4-80GB,CUDA,GEMM_Adam_CUDA,data_transfer,GPU,10,1048723456,Adam,1,0.9,999,"0,00000001",2.31296,4,0.0200131
2026-03-06-09-02-20,NVIDIA A100-SXM4-80GB,CUDA,GEMM_Adam_CUDA,compute,GPU,10,1048723456,Adam,1,0.9,999,"0,00000001",0.095872,4,0.0200131
2026-03-06-09-02-21,NVIDIA A100-SXM4-80GB,CUDA,GEMM_Adam_CUDA,data_transfer,GPU,10,1048723456,Adam,1,0.9,999,"0,00000001",2.31546,5,0.0188475
2026-03-06-09-02-21,NVIDIA A100-SXM4-80GB,CUDA,GEMM_Adam_CUDA,compute,GPU,10,1048723456,Adam,1,0.9,999,"0,00000001",0.087296,5,0.0188475
2026-03-06-09-02-21,NVIDIA A100-SXM4-80GB,CUDA,GEMM_Adam_CUDA,data_transfer,GPU,10,1048723456,Adam,1,0.9,999,"0,00000001",2.2855,6,0.0177258
2026-03-06-09-02-21,NVIDIA A100-SXM4-80GB,CUDA,GEMM_Adam_CUDA,compute,GPU,10,1048723456,Adam,1,0.9,999,"0,00000001",0.086944,6,0.0177258
2026-03-06-09-02-21,NVIDIA A100-SXM4-80GB,CUDA,GEMM_Adam_CUDA,data_transfer,GPU,10,1048723456,Adam,1,0.9,999,"0,00000001",2.30464,7,0.0166481
2026-03-06-09-02-21,NVIDIA A100-SXM4-80GB,CUDA,GEMM_Adam_CUDA,compute,GPU,10,1048723456,Adam,1,0.9,999,"0,00000001",0.086464,7,0.0166481
2026-03-06-09-02-22,NVIDIA A100-SXM4-80GB,CUDA,GEMM_Adam_CUDA,data_transfer,GPU,10,1048723456,Adam,1,0.9,999,"0,00000001",2.68397,8,0.0156143
2026-03-06-09-02-22,NVIDIA A100-SXM4-80GB,CUDA,GEMM_Adam_CUDA,compute,GPU,10,1048723456,Adam,1,0.9,999,"0,00000001",0.096576,8,0.0156143
2026-03-06-09-02-22,NVIDIA A100-SXM4-80GB,CUDA,GEMM_Adam_CUDA,data_transfer,GPU,10,1048723456,Adam,1,0.9,999,"0,00000001",2.29635,9,0.0146243
2026-03-06-09-02-22,NVIDIA A100-SXM4-80GB,CUDA,GEMM_Adam_CUDA,compute,GPU,10,1048723456,Adam,1,0.9,999,"0,00000001",0.087616,9,0.0146243
2026-03-06-09-02-22,NVIDIA A100-SXM4-80GB,CUDA,GEMM_Adam_CUDA,data_transfer,GPU,10,1048723456,Adam,1,0.9,999,"0,00000001",2.28522,10,0.0136779
2026-03-06-09-02-22,NVIDIA A100-SXM4-80GB,CUDA,GEMM_Adam_CUDA,compute,GPU,10,1048723456,Adam,1,0.9,999,"0,00000001",0.08592,10,0.0136779
2026-03-06-09-05-30,None,None,GEMM_Adam_CPU,compute,CPU,10,1048723456,Adam,1,0.9,999,"0,00000001",23,1,0
2026-03-06-09-05-31,None,None,GEMM_Adam_CPU,compute,CPU,10,1048723456,Adam,1,0.9,999,"0,00000001",17,2,0.0224746
2026-03-06-09-05-31,None,None,GEMM_Adam_CPU,compute,CPU,10,1048723456,Adam,1,0.9,999,"0,00000001",17,3,0.0212222
2026-03-06-09-05-31,None,None,GEMM_Adam_CPU,compute,CPU,10,1048723456,Adam,1,0.9,999,"0,00000001",17,4,0.0200131
2026-03-06-09-05-32,None,None,GEMM_Adam_CPU,compute,CPU,10,1048723456,Adam,1,0.9,999,"0,00000001",17,5,0.0188475
2026-03-06-09-05-32,None,None,GEMM_Adam_CPU,compute,CPU,10,1048723456,Adam,1,0.9,999,"0,00000001",17,6,0.0177258
2026-03-06-09-05-33,None,None,GEMM_Adam_CPU,compute,CPU,10,1048723456,Adam,1,0.9,999,"0,00000001",17,7,0.0166481
2026-03-06-09-05-33,None,None,GEMM_Adam_CPU,compute,CPU,10,1048723456,Adam,1,0.9,999,"0,00000001",17,8,0.0156143
2026-03-06-09-05-33,None,None,GEMM_Adam_CPU,compute,CPU,10,1048723456,Adam,1,0.9,999,"0,00000001",17,9,0.0146243
2026-03-06-09-05-34,None,None,GEMM_Adam_CPU,compute,CPU,10,1048723456,Adam,1,0.9,999,"0,00000001",17,10,0.0136779
2026-03-06-09-11-22,None,None,GEMM_Adam_CPU,compute,CPU,10,1048723456,Adam,1,0.9,999,"0,00000001",23,1,0
2026-03-06-09-11-22,None,None,GEMM_Adam_CPU,compute,CPU,10,1048723456,Adam,1,0.9,999,"0,00000001",17,2,0.0224746
2026-03-06-09-11-23,None,None,GEMM_Adam_CPU,compute,CPU,10,1048723456,Adam,1,0.9,999,"0,00000001",17,3,0.0212222
2026-03-06-09-11-23,None,None,GEMM_Adam_CPU,compute,CPU,10,1048723456,Adam,1,0.9,999,"0,00000001",15,4,0.0200131
2026-03-06-09-11-23,None,None,GEMM_Adam_CPU,compute,CPU,10,1048723456,Adam,1,0.9,999,"0,00000001",15,5,0.0188475
2026-03-06-09-11-24,None,None,GEMM_Adam_CPU,compute,CPU,10,1048723456,Adam,1,0.9,999,"0,00000001",17,6,0.0177258
2026-03-06-09-11-24,None,None,GEMM_Adam_CPU,compute,CPU,10,1048723456,Adam,1,0.9,999,"0,00000001",17,7,0.0166481
2026-03-06-09-11-25,None,None,GEMM_Adam_CPU,compute,CPU,10,1048723456,Adam,1,0.9,999,"0,00000001",17,8,0.0156143
2026-03-06-09-11-25,None,None,GEMM_Adam_CPU,compute,CPU,10,1048723456,Adam,1,0.9,999,"0,00000001",15,9,0.0146243
2026-03-06-09-11-26,None,None,GEMM_Adam_CPU,compute,CPU,10,1048723456,Adam,1,0.9,999,"0,00000001",17,10,0.0136779
2026-03-06-09-14-59,None,None,GEMM_Adam_CPU,compute,CPU,10,1048723456,Adam,1,0.9,999,"0,00000001",23,1,0
2026-03-06-09-15-00,None,None,GEMM_Adam_CPU,compute,CPU,10,1048723456,Adam,1,0.9,999,"0,00000001",17,2,0.0224746
2026-03-06-09-15-00,None,None,GEMM_Adam_CPU,compute,CPU,10,1048723456,Adam,1,0.9,999,"0,00000001",17,3,0.0212222
2026-03-06-09-15-01,None,None,GEMM_Adam_CPU,compute,CPU,10,1048723456,Adam,1,0.9,999,"0,00000001",17,4,0.0200131
2026-03-06-09-15-01,None,None,GEMM_Adam_CPU,compute,CPU,10,1048723456,Adam,1,0.9,999,"0,00000001",17,5,0.0188475
2026-03-06-09-15-01,None,None,GEMM_Adam_CPU,compute,CPU,10,1048723456,Adam,1,0.9,999,"0,00000001",17,6,0.0177258
2026-03-06-09-15-02,None,None,GEMM_Adam_CPU,compute,CPU,10,1048723456,Adam,1,0.9,999,"0,00000001",17,7,0.0166481
2026-03-06-09-15-02,None,None,GEMM_Adam_CPU,compute,CPU,10,1048723456,Adam,1,0.9,999,"0,00000001",17,8,0.0156143
2026-03-06-09-15-03,None,None,GEMM_Adam_CPU,compute,CPU,10,1048723456,Adam,1,0.9,999,"0,00000001",17,9,0.0146243
2026-03-06-09-15-03,None,None,GEMM_Adam_CPU,compute,CPU,10,1048723456,Adam,1,0.9,999,"0,00000001",17,10,0.0136779
2026-03-07-09-52-43,None,None,GEMM_Adam_CPU,compute,CPU,10,1048723456,Adam,1,0.9,999,"0,00000001",20,1,0
2026-03-07-09-52-43,None,None,GEMM_Adam_CPU,compute,CPU,10,1048723456,Adam,1,0.9,999,"0,00000001",17,2,0.0224746
2026-03-07-09-52-44,None,None,GEMM_Adam_CPU,compute,CPU,10,1048723456,Adam,1,0.9,999,"0,00000001",17,3,0.0212222
2026-03-07-09-52-44,None,None,GEMM_Adam_CPU,compute,CPU,10,1048723456,Adam,1,0.9,999,"0,00000001",16,4,0.0200131
2026-03-07-09-52-44,None,None,GEMM_Adam_CPU,compute,CPU,10,1048723456,Adam,1,0.9,999,"0,00000001",16,5,0.0188475
2026-03-07-09-52-45,None,None,GEMM_Adam_CPU,compute,CPU,10,1048723456,Adam,1,0.9,999,"0,00000001",16,6,0.0177258
2026-03-07-09-52-45,None,None,GEMM_Adam_CPU,compute,CPU,10,1048723456,Adam,1,0.9,999,"0,00000001",16,7,0.0166481
2026-03-07-09-52-45,None,None,GEMM_Adam_CPU,compute,CPU,10,1048723456,Adam,1,0.9,999,"0,00000001",17,8,0.0156143
2026-03-07-09-52-46,None,None,GEMM_Adam_CPU,compute,CPU,10,1048723456,Adam,1,0.9,999,"0,00000001",16,9,0.0146243
2026-03-07-09-52-46,None,None,GEMM_Adam_CPU,compute,CPU,10,1048723456,Adam,1,0.9,999,"0,00000001",16,10,0.0136779
2026-03-07-09-54-26,None,None,GEMM_Adam_CPU,compute,CPU,10,1048723456,Adam,1,0.9,999,"0,00000001",23,1,0
2026-03-07-09-54-26,None,None,GEMM_Adam_CPU,compute,CPU,10,1048723456,Adam,1,0.9,999,"0,00000001",15,2,0.0224746
2026-03-07-09-54-26,None,None,GEMM_Adam_CPU,compute,CPU,10,1048723456,Adam,1,0.9,999,"0,00000001",15,3,0.0212222
2026-03-07-09-54-27,None,None,GEMM_Adam_CPU,compute,CPU,10,1048723456,Adam,1,0.9,999,"0,00000001",17,4,0.0200131
2026-03-07-09-54-27,None,None,GEMM_Adam_CPU,compute,CPU,10,1048723456,Adam,1,0.9,999,"0,00000001",17,5,0.0188475
2026-03-07-09-54-28,None,None,GEMM_Adam_CPU,compute,CPU,10,1048723456,Adam,1,0.9,999,"0,00000001",17,6,0.0177258
2026-03-07-09-54-28,None,None,GEMM_Adam_CPU,compute,CPU,10,1048723456,Adam,1,0.9,999,"0,00000001",15,7,0.0166481
2026-03-07-09-54-28,None,None,GEMM_Adam_CPU,compute,CPU,10,1048723456,Adam,1,0.9,999,"0,00000001",17,8,0.0156143
2026-03-07-09-54-29,None,None,GEMM_Adam_CPU,compute,CPU,10,1048723456,Adam,1,0.9,999,"0,00000001",15,9,0.0146243
2026-03-07-09-54-29,None,None,GEMM_Adam_CPU,compute,CPU,10,1048723456,Adam,1,0.9,999,"0,00000001",17,10,0.0136779
2026-03-07-09-58-37,None,None,GEMM_Adam_CPU,compute,CPU,10,1048723456,Adam,1,0.9,999,"0,00000001",20,1,0
2026-03-07-09-58-38,None,None,GEMM_Adam_CPU,compute,CPU,10,1048723456,Adam,1,0.9,999,"0,00000001",16,2,0.0224746
2026-03-07-09-58-38,None,None,GEMM_Adam_CPU,compute,CPU,10,1048723456,Adam,1,0.9,999,"0,00000001",16,3,0.0212222
2026-03-07-09-58-38,None,None,GEMM_Adam_CPU,compute,CPU,10,1048723456,Adam,1,0.9,999,"0,00000001",17,4,0.0200131
2026-03-07-09-58-39,None,None,GEMM_Adam_CPU,compute,CPU,10,1048723456,Adam,1,0.9,999,"0,00000001",16,5,0.0188475
2026-03-07-09-58-39,None,None,GEMM_Adam_CPU,compute,CPU,10,1048723456,Adam,1,0.9,999,"0,00000001",16,6,0.0177258
2026-03-07-09-58-39,None,None,GEMM_Adam_CPU,compute,CPU,10,1048723456,Adam,1,0.9,999,"0,00000001",17,7,0.0166481
2026-03-07-09-58-40,None,None,GEMM_Adam_CPU,compute,CPU,10,1048723456,Adam,1,0.9,999,"0,00000001",16,8,0.0156143
2026-03-07-09-58-40,None,None,GEMM_Adam_CPU,compute,CPU,10,1048723456,Adam,1,0.9,999,"0,00000001",16,9,0.0146243
2026-03-07-09-58-40,None,None,GEMM_Adam_CPU,compute,CPU,10,1048723456,Adam,1,0.9,999,"0,00000001",16,10,0.0136779
2026-03-07-09-59-12,None,None,GEMM_Adam_CPU,compute,CPU,10,1048723456,Adam,1,0.9,999,"0,00000001",23,1,0
2026-03-07-09-59-12,None,None,GEMM_Adam_CPU,compute,CPU,10,1048723456,Adam,1,0.9,999,"0,00000001",17,2,0.0224746
2026-03-07-09-59-13,None,None,GEMM_Adam_CPU,compute,CPU,10,1048723456,Adam,1,0.9,999,"0,00000001",17,3,0.0212222
2026-03-07-09-59-13,None,None,GEMM_Adam_CPU,compute,CPU,10,1048723456,Adam,1,0.9,999,"0,00000001",17,4,0.0200131
2026-03-07-09-59-14,None,None,GEMM_Adam_CPU,compute,CPU,10,1048723456,Adam,1,0.9,999,"0,00000001",17,5,0.0188475
2026-03-07-09-59-14,None,None,GEMM_Adam_CPU,compute,CPU,10,1048723456,Adam,1,0.9,999,"0,00000001",15,6,0.0177258
2026-03-07-09-59-14,None,None,GEMM_Adam_CPU,compute,CPU,10,1048723456,Adam,1,0.9,999,"0,00000001",17,7,0.0166481
2026-03-07-09-59-15,None,None,GEMM_Adam_CPU,compute,CPU,10,1048723456,Adam,1,0.9,999,"0,00000001",17,8,0.0156143
2026-03-07-09-59-15,None,None,GEMM_Adam_CPU,compute,CPU,10,1048723456,Adam,1,0.9,999,"0,00000001",17,9,0.0146243
2026-03-07-09-59-16,None,None,GEMM_Adam_CPU,compute,CPU,10,1048723456,Adam,1,0.9,999,"0,00000001",17,10,0.0136779
2026-03-07-10-05-42,Quadro RTX 5000 ,CUDA,GEMM_Adam_CUDA,data_transfer,GPU,10,1048723456,Adam,1,0.9,999,"0,00000001",6.8465,1,0
2026-03-07-10-05-42,Quadro RTX 5000 ,CUDA,GEMM_Adam_CUDA,compute,GPU,10,1048723456,Adam,1,0.9,999,"0,00000001",0.402944,1,0
2026-03-07-10-05-42,Quadro RTX 5000 ,CUDA,GEMM_Adam_CUDA,data_transfer,GPU,10,1048723456,Adam,1,0.9,999,"0,00000001",6.58966,2,0.0224746
2026-03-07-10-05-42,Quadro RTX 5000 ,CUDA,GEMM_Adam_CUDA,compute,GPU,10,1048723456,Adam,1,0.9,999,"0,00000001",0.292768,2,0.0224746
2026-03-07-10-05-43,Quadro RTX 5000 ,CUDA,GEMM_Adam_CUDA,data_transfer,GPU,10,1048723456,Adam,1,0.9,999,"0,00000001",6.54493,3,0.0212222
2026-03-07-10-05-43,Quadro RTX 5000 ,CUDA,GEMM_Adam_CUDA,compute,GPU,10,1048723456,Adam,1,0.9,999,"0,00000001",0.29408,3,0.0212222
2026-03-07-10-05-43,Quadro RTX 5000 ,CUDA,GEMM_Adam_CUDA,data_transfer,GPU,10,1048723456,Adam,1,0.9,999,"0,00000001",6.96371,4,0.0200131
2026-03-07-10-05-43,Quadro RTX 5000 ,CUDA,GEMM_Adam_CUDA,compute,GPU,10,1048723456,Adam,1,0.9,999,"0,00000001",0.30528,4,0.0200131
2026-03-07-10-05-44,Quadro RTX 5000 ,CUDA,GEMM_Adam_CUDA,data_transfer,GPU,10,1048723456,Adam,1,0.9,999,"0,00000001",6.55686,5,0.0188475
2026-03-07-10-05-44,Quadro RTX 5000 ,CUDA,GEMM_Adam_CUDA,compute,GPU,10,1048723456,Adam,1,0.9,999,"0,00000001",0.293216,5,0.0188475
2026-03-07-10-05-44,Quadro RTX 5000 ,CUDA,GEMM_Adam_CUDA,data_transfer,GPU,10,1048723456,Adam,1,0.9,999,"0,00000001",6.54768,6,0.0177258
2026-03-07-10-05-44,Quadro RTX 5000 ,CUDA,GEMM_Adam_CUDA,compute,GPU,10,1048723456,Adam,1,0.9,999,"0,00000001",0.292416,6,0.0177258
2026-03-07-10-05-44,Quadro RTX 5000 ,CUDA,GEMM_Adam_CUDA,data_transfer,GPU,10,1048723456,Adam,1,0.9,999,"0,00000001",6.53488,7,0.0166481
2026-03-07-10-05-44,Quadro RTX 5000 ,CUDA,GEMM_Adam_CUDA,compute,GPU,10,1048723456,Adam,1,0.9,999,"0,00000001",0.299808,7,0.0166481
2026-03-07-10-05-45,Quadro RTX 5000 ,CUDA,GEMM_Adam_CUDA,data_transfer,GPU,10,1048723456,Adam,1,0.9,999,"0,00000001",6.55926,8,0.0156143
2026-03-07-10-05-45,Quadro RTX 5000 ,CUDA,GEMM_Adam_CUDA,compute,GPU,10,1048723456,Adam,1,0.9,999,"0,00000001",0.29456,8,0.0156143
2026-03-07-10-05-45,Quadro RTX 5000 ,CUDA,GEMM_Adam_CUDA,data_transfer,GPU,10,1048723456,Adam,1,0.9,999,"0,00000001",6.54291,9,0.0146243
2026-03-07-10-05-45,Quadro RTX 5000 ,CUDA,GEMM_Adam_CUDA,compute,GPU,10,1048723456,Adam,1,0.9,999,"0,00000001",0.294016,9,0.0146243
2026-03-07-10-05-46,Quadro RTX 5000 ,CUDA,GEMM_Adam_CUDA,data_transfer,GPU,10,1048723456,Adam,1,0.9,999,"0,00000001",6.55942,10,0.0136779
2026-03-07-10-05-46,Quadro RTX 5000 ,CUDA,GEMM_Adam_CUDA,compute,GPU,10,1048723456,Adam,1,0.9,999,"0,00000001",0.293696,10,0.0136779
2026-03-07-10-24-35,Quadro RTX 5000 ,OpenCL,GEMM_Adam_CPU,data_transfer,GPU,10,1048723456,Adam,1,0.9,999,"0,00000001",6.77142,1,0
2026-03-07-10-24-35,Quadro RTX 5000 ,OpenCL,GEMM_Adam_CPU,compute,GPU,10,1048723456,Adam,1,0.9,999,"0,00000001",0.28272,1,0
2026-03-07-10-24-35,Quadro RTX 5000 ,OpenCL,GEMM_Adam_CPU,data_transfer,GPU,10,1048723456,Adam,1,0.9,999,"0,00000001",6.57789,2,0.0224746
2026-03-07-10-24-35,Quadro RTX 5000 ,OpenCL,GEMM_Adam_CPU,compute,GPU,10,1048723456,Adam,1,0.9,999,"0,00000001",0.286496,2,0.0224746
2026-03-07-10-24-35,Quadro RTX 5000 ,OpenCL,GEMM_Adam_CPU,data_transfer,GPU,10,1048723456,Adam,1,0.9,999,"0,00000001",6.80608,3,0.0212222
2026-03-07-10-24-35,Quadro RTX 5000 ,OpenCL,GEMM_Adam_CPU,compute,GPU,10,1048723456,Adam,1,0.9,999,"0,00000001",0.287328,3,0.0212222
2026-03-07-10-24-36,Quadro RTX 5000 ,OpenCL,GEMM_Adam_CPU,data_transfer,GPU,10,1048723456,Adam,1,0.9,999,"0,00000001",7.01078,4,0.0200131
2026-03-07-10-24-36,Quadro RTX 5000 ,OpenCL,GEMM_Adam_CPU,compute,GPU,10,1048723456,Adam,1,0.9,999,"0,00000001",0.293056,4,0.0200131
2026-03-07-10-24-36,Quadro RTX 5000 ,OpenCL,GEMM_Adam_CPU,data_transfer,GPU,10,1048723456,Adam,1,0.9,999,"0,00000001",6.70784,5,0.0188475
2026-03-07-10-24-36,Quadro RTX 5000 ,OpenCL,GEMM_Adam_CPU,compute,GPU,10,1048723456,Adam,1,0.9,999,"0,00000001",0.287392,5,0.0188475
2026-03-07-10-24-37,Quadro RTX 5000 ,OpenCL,GEMM_Adam_CPU,data_transfer,GPU,10,1048723456,Adam,1,0.9,999,"0,00000001",6.72,6,0.0177258
2026-03-07-10-24-37,Quadro RTX 5000 ,OpenCL,GEMM_Adam_CPU,compute,GPU,10,1048723456,Adam,1,0.9,999,"0,00000001",0.290432,6,0.0177258
2026-03-07-10-24-37,Quadro RTX 5000 ,OpenCL,GEMM_Adam_CPU,data_transfer,GPU,10,1048723456,Adam,1,0.9,999,"0,00000001",6.75296,7,0.0166481
2026-03-07-10-24-37,Quadro RTX 5000 ,OpenCL,GEMM_Adam_CPU,compute,GPU,10,1048723456,Adam,1,0.9,999,"0,00000001",0.286816,7,0.0166481
2026-03-07-10-24-38,Quadro RTX 5000 ,OpenCL,GEMM_Adam_CPU,data_transfer,GPU,10,1048723456,Adam,1,0.9,999,"0,00000001",6.58611,8,0.0156143
2026-03-07-10-24-38,Quadro RTX 5000 ,OpenCL,GEMM_Adam_CPU,compute,GPU,10,1048723456,Adam,1,0.9,999,"0,00000001",0.286848,8,0.0156143
2026-03-07-10-24-38,Quadro RTX 5000 ,OpenCL,GEMM_Adam_CPU,data_transfer,GPU,10,1048723456,Adam,1,0.9,999,"0,00000001",6.78784,9,0.0146243
2026-03-07-10-24-38,Quadro RTX 5000 ,OpenCL,GEMM_Adam_CPU,compute,GPU,10,1048723456,Adam,1,0.9,999,"0,00000001",0.287968,9,0.0146243
2026-03-07-10-24-38,Quadro RTX 5000 ,OpenCL,GEMM_Adam_CPU,data_transfer,GPU,10,1048723456,Adam,1,0.9,999,"0,00000001",6.75466,10,0.0136779
2026-03-07-10-24-38,Quadro RTX 5000 ,OpenCL,GEMM_Adam_CPU,compute,GPU,10,1048723456,Adam,1,0.9,999,"0,00000001",0.287616,10,0.0136779
2026-03-07-10-25-01,Quadro RTX 5000 ,CUDA,GEMM_Adam_CUDA,data_transfer,GPU,10,1048723456,Adam,1,0.9,999,"0,00000001",6.85165,1,0
2026-03-07-10-25-01,Quadro RTX 5000 ,CUDA,GEMM_Adam_CUDA,compute,GPU,10,1048723456,Adam,1,0.9,999,"0,00000001",0.403264,1,0
2026-03-07-10-25-02,Quadro RTX 5000 ,CUDA,GEMM_Adam_CUDA,data_transfer,GPU,10,1048723456,Adam,1,0.9,999,"0,00000001",6.56272,2,0.0224746
2026-03-07-10-25-02,Quadro RTX 5000 ,CUDA,GEMM_Adam_CUDA,compute,GPU,10,1048723456,Adam,1,0.9,999,"0,00000001",0.293984,2,0.0224746
2026-03-07-10-25-02,Quadro RTX 5000 ,CUDA,GEMM_Adam_CUDA,data_transfer,GPU,10,1048723456,Adam,1,0.9,999,"0,00000001",6.56179,3,0.0212222
2026-03-07-10-25-02,Quadro RTX 5000 ,CUDA,GEMM_Adam_CUDA,compute,GPU,10,1048723456,Adam,1,0.9,999,"0,00000001",0.292736,3,0.0212222
2026-03-07-10-25-03,Quadro RTX 5000 ,CUDA,GEMM_Adam_CUDA,data_transfer,GPU,10,1048723456,Adam,1,0.9,999,"0,00000001",6.95731,4,0.0200131
2026-03-07-10-25-03,Quadro RTX 5000 ,CUDA,GEMM_Adam_CUDA,compute,GPU,10,1048723456,Adam,1,0.9,999,"0,00000001",0.306752,4,0.0200131
2026-03-07-10-25-03,Quadro RTX 5000 ,CUDA,GEMM_Adam_CUDA,data_transfer,GPU,10,1048723456,Adam,1,0.9,999,"0,00000001",6.54339,5,0.0188475
2026-03-07-10-25-03,Quadro RTX 5000 ,CUDA,GEMM_Adam_CUDA,compute,GPU,10,1048723456,Adam,1,0.9,999,"0,00000001",0.293696,5,0.0188475
2026-03-07-10-25-03,Quadro RTX 5000 ,CUDA,GEMM_Adam_CUDA,data_transfer,GPU,10,1048723456,Adam,1,0.9,999,"0,00000001",6.56835,6,0.0177258
2026-03-07-10-25-03,Quadro RTX 5000 ,CUDA,GEMM_Adam_CUDA,compute,GPU,10,1048723456,Adam,1,0.9,999,"0,00000001",0.292,6,0.0177258
2026-03-07-10-25-04,Quadro RTX 5000 ,CUDA,GEMM_Adam_CUDA,data_transfer,GPU,10,1048723456,Adam,1,0.9,999,"0,00000001",6.57082,7,0.0166481
2026-03-07-10-25-04,Quadro RTX 5000 ,CUDA,GEMM_Adam_CUDA,compute,GPU,10,1048723456,Adam,1,0.9,999,"0,00000001",0.292832,7,0.0166481
2026-03-07-10-25-04,Quadro RTX 5000 ,CUDA,GEMM_Adam_CUDA,data_transfer,GPU,10,1048723456,Adam,1,0.9,999,"0,00000001",6.56861,8,0.0156143
2026-03-07-10-25-04,Quadro RTX 5000 ,CUDA,GEMM_Adam_CUDA,compute,GPU,10,1048723456,Adam,1,0.9,999,"0,00000001",0.293824,8,0.0156143
2026-03-07-10-25-05,Quadro RTX 5000 ,CUDA,GEMM_Adam_CUDA,data_transfer,GPU,10,1048723456,Adam,1,0.9,999,"0,00000001",6.56307,9,0.0146243
2026-03-07-10-25-05,Quadro RTX 5000 ,CUDA,GEMM_Adam_CUDA,compute,GPU,10,1048723456,Adam,1,0.9,999,"0,00000001",0.29168,9,0.0146243
2026-03-07-10-25-05,Quadro RTX 5000 ,CUDA,GEMM_Adam_CUDA,data_transfer,GPU,10,1048723456,Adam,1,0.9,999,"0,00000001",6.55789,10,0.0136779
2026-03-07-10-25-05,Quadro RTX 5000 ,CUDA,GEMM_Adam_CUDA,compute,GPU,10,1048723456,Adam,1,0.9,999,"0,00000001",0.292256,10,0.0136779
2026-03-07-10-25-11,Quadro RTX 5000 ,OpenCL,GEMM_Adam_CPU,data_transfer,GPU,10,1048723456,Adam,1,0.9,999,"0,00000001",6.71997,1,0
2026-03-07-10-25-11,Quadro RTX 5000 ,OpenCL,GEMM_Adam_CPU,compute,GPU,10,1048723456,Adam,1,0.9,999,"0,00000001",0.282272,1,0
2026-03-07-10-25-11,Quadro RTX 5000 ,OpenCL,GEMM_Adam_CPU,data_transfer,GPU,10,1048723456,Adam,1,0.9,999,"0,00000001",6.83667,2,0.0224746
2026-03-07-10-25-11,Quadro RTX 5000 ,OpenCL,GEMM_Adam_CPU,compute,GPU,10,1048723456,Adam,1,0.9,999,"0,00000001",0.288128,2,0.0224746
2026-03-07-10-25-12,Quadro RTX 5000 ,OpenCL,GEMM_Adam_CPU,data_transfer,GPU,10,1048723456,Adam,1,0.9,999,"0,00000001",6.76714,3,0.0212222
2026-03-07-10-25-12,Quadro RTX 5000 ,OpenCL,GEMM_Adam_CPU,compute,GPU,10,1048723456,Adam,1,0.9,999,"0,00000001",0.28672,3,0.0212222
2026-03-07-10-25-12,Quadro RTX 5000 ,OpenCL,GEMM_Adam_CPU,data_transfer,GPU,10,1048723456,Adam,1,0.9,999,"0,00000001",6.8921,4,0.0200131
2026-03-07-10-25-12,Quadro RTX 5000 ,OpenCL,GEMM_Adam_CPU,compute,GPU,10,1048723456,Adam,1,0.9,999,"0,00000001",0.292832,4,0.0200131
2026-03-07-10-25-13,Quadro RTX 5000 ,OpenCL,GEMM_Adam_CPU,data_transfer,GPU,10,1048723456,Adam,1,0.9,999,"0,00000001",6.82893,5,0.0188475
2026-03-07-10-25-13,Quadro RTX 5000 ,OpenCL,GEMM_Adam_CPU,compute,GPU,10,1048723456,Adam,1,0.9,999,"0,00000001",0.287904,5,0.0188475
2026-03-07-10-25-13,Quadro RTX 5000 ,OpenCL,GEMM_Adam_CPU,data_transfer,GPU,10,1048723456,Adam,1,0.9,999,"0,00000001",6.82557,6,0.0177258
2026-03-07-10-25-13,Quadro RTX 5000 ,OpenCL,GEMM_Adam_CPU,compute,GPU,10,1048723456,Adam,1,0.9,999,"0,00000001",0.288416,6,0.0177258
2026-03-07-10-25-14,Quadro RTX 5000 ,OpenCL,GEMM_Adam_CPU,data_transfer,GPU,10,1048723456,Adam,1,0.9,999,"0,00000001",6.71533,7,0.0166481
2026-03-07-10-25-14,Quadro RTX 5000 ,OpenCL,GEMM_Adam_CPU,compute,GPU,10,1048723456,Adam,1,0.9,999,"0,00000001",0.287424,7,0.0166481
2026-03-07-10-25-14,Quadro RTX 5000 ,OpenCL,GEMM_Adam_CPU,data_transfer,GPU,10,1048723456,Adam,1,0.9,999,"0,00000001",6.74259,8,0.0156143
2026-03-07-10-25-14,Quadro RTX 5000 ,OpenCL,GEMM_Adam_CPU,compute,GPU,10,1048723456,Adam,1,0.9,999,"0,00000001",0.287104,8,0.0156143
2026-03-07-10-25-14,Quadro RTX 5000 ,OpenCL,GEMM_Adam_CPU,data_transfer,GPU,10,1048723456,Adam,1,0.9,999,"0,00000001",6.83757,9,0.0146243
2026-03-07-10-25-14,Quadro RTX 5000 ,OpenCL,GEMM_Adam_CPU,compute,GPU,10,1048723456,Adam,1,0.9,999,"0,00000001",0.28672,9,0.0146243
2026-03-07-10-25-15,Quadro RTX 5000 ,OpenCL,GEMM_Adam_CPU,data_transfer,GPU,10,1048723456,Adam,1,0.9,999,"0,00000001",6.86643,10,0.0136779
2026-03-07-10-25-15,Quadro RTX 5000 ,OpenCL,GEMM_Adam_CPU,compute,GPU,10,1048723456,Adam,1,0.9,999,"0,00000001",0.287584,10,0.0136779
2026-03-07-10-25-26,Quadro RTX 5000 ,CUDA,GEMM_Adam_CUDA,data_transfer,GPU,10,1048723456,Adam,1,0.9,999,"0,00000001",6.83571,1,0
2026-03-07-10-25-26,Quadro RTX 5000 ,CUDA,GEMM_Adam_CUDA,compute,GPU,10,1048723456,Adam,1,0.9,999,"0,00000001",0.400672,1,0
2026-03-07-10-25-26,Quadro RTX 5000 ,CUDA,GEMM_Adam_CUDA,data_transfer,GPU,10,1048723456,Adam,1,0.9,999,"0,00000001",6.55402,2,0.0224746
2026-03-07-10-25-26,Quadro RTX 5000 ,CUDA,GEMM_Adam_CUDA,compute,GPU,10,1048723456,Adam,1,0.9,999,"0,00000001",0.293792,2,0.0224746
2026-03-07-10-25-27,Quadro RTX 5000 ,CUDA,GEMM_Adam_CUDA,data_transfer,GPU,10,1048723456,Adam,1,0.9,999,"0,00000001",6.54573,3,0.0212222
2026-03-07-10-25-27,Quadro RTX 5000 ,CUDA,GEMM_Adam_CUDA,compute,GPU,10,1048723456,Adam,1,0.9,999,"0,00000001",0.293344,3,0.0212222
2026-03-07-10-25-27,Quadro RTX 5000 ,CUDA,GEMM_Adam_CUDA,data_transfer,GPU,10,1048723456,Adam,1,0.9,999,"0,00000001",6.93293,4,0.0200131
2026-03-07-10-25-27,Quadro RTX 5000 ,CUDA,GEMM_Adam_CUDA,compute,GPU,10,1048723456,Adam,1,0.9,999,"0,00000001",0.306336,4,0.0200131
2026-03-07-10-25-28,Quadro RTX 5000 ,CUDA,GEMM_Adam_CUDA,data_transfer,GPU,10,1048723456,Adam,1,0.9,999,"0,00000001",6.54848,5,0.0188475
2026-03-07-10-25-28,Quadro RTX 5000 ,CUDA,GEMM_Adam_CUDA,compute,GPU,10,1048723456,Adam,1,0.9,999,"0,00000001",0.294336,5,0.0188475
2026-03-07-10-25-28,Quadro RTX 5000 ,CUDA,GEMM_Adam_CUDA,data_transfer,GPU,10,1048723456,Adam,1,0.9,999,"0,00000001",6.55389,6,0.0177258
2026-03-07-10-25-28,Quadro RTX 5000 ,CUDA,GEMM_Adam_CUDA,compute,GPU,10,1048723456,Adam,1,0.9,999,"0,00000001",0.293088,6,0.0177258
2026-03-07-10-25-28,Quadro RTX 5000 ,CUDA,GEMM_Adam_CUDA,data_transfer,GPU,10,1048723456,Adam,1,0.9,999,"0,00000001",6.56208,7,0.0166481
2026-03-07-10-25-28,Quadro RTX 5000 ,CUDA,GEMM_Adam_CUDA,compute,GPU,10,1048723456,Adam,1,0.9,999,"0,00000001",0.29312,7,0.0166481
2026-03-07-10-25-29,Quadro RTX 5000 ,CUDA,GEMM_Adam_CUDA,data_transfer,GPU,10,1048723456,Adam,1,0.9,999,"0,00000001",6.56528,8,0.0156143
2026-03-07-10-25-29,Quadro RTX 5000 ,CUDA,GEMM_Adam_CUDA,compute,GPU,10,1048723456,Adam,1,0.9,999,"0,00000001",0.293376,8,0.0156143
2026-03-07-10-25-29,Quadro RTX 5000 ,CUDA,GEMM_Adam_CUDA,data_transfer,GPU,10,1048723456,Adam,1,0.9,999,"0,00000001",6.5529,9,0.0146243
2026-03-07-10-25-29,Quadro RTX 5000 ,CUDA,GEMM_Adam_CUDA,compute,GPU,10,1048723456,Adam,1,0.9,999,"0,00000001",0.292736,9,0.0146243
2026-03-07-10-25-30,Quadro RTX 5000 ,CUDA,GEMM_Adam_CUDA,data_transfer,GPU,10,1048723456,Adam,1,0.9,999,"0,00000001",6.55158,10,0.0136779
2026-03-07-10-25-30,Quadro RTX 5000 ,CUDA,GEMM_Adam_CUDA,compute,GPU,10,1048723456,Adam,1,0.9,999,"0,00000001",0.293344,10,0.0136779
2026-03-07-10-25-33,Quadro RTX 5000 ,OpenCL,GEMM_Adam_CPU,data_transfer,GPU,10,1048723456,Adam,1,0.9,999,"0,00000001",6.84118,1,0
2026-03-07-10-25-33,Quadro RTX 5000 ,OpenCL,GEMM_Adam_CPU,compute,GPU,10,1048723456,Adam,1,0.9,999,"0,00000001",0.282656,1,0
2026-03-07-10-25-33,Quadro RTX 5000 ,OpenCL,GEMM_Adam_CPU,data_transfer,GPU,10,1048723456,Adam,1,0.9,999,"0,00000001",6.6711,2,0.0224746
2026-03-07-10-25-33,Quadro RTX 5000 ,OpenCL,GEMM_Adam_CPU,compute,GPU,10,1048723456,Adam,1,0.9,999,"0,00000001",0.288352,2,0.0224746
2026-03-07-10-25-34,Quadro RTX 5000 ,OpenCL,GEMM_Adam_CPU,data_transfer,GPU,10,1048723456,Adam,1,0.9,999,"0,00000001",6.80752,3,0.0212222
2026-03-07-10-25-34,Quadro RTX 5000 ,OpenCL,GEMM_Adam_CPU,compute,GPU,10,1048723456,Adam,1,0.9,999,"0,00000001",0.286848,3,0.0212222
2026-03-07-10-25-34,Quadro RTX 5000 ,OpenCL,GEMM_Adam_CPU,data_transfer,GPU,10,1048723456,Adam,1,0.9,999,"0,00000001",7.24141,4,0.0200131
2026-03-07-10-25-34,Quadro RTX 5000 ,OpenCL,GEMM_Adam_CPU,compute,GPU,10,1048723456,Adam,1,0.9,999,"0,00000001",0.297984,4,0.0200131
2026-03-07-10-25-35,Quadro RTX 5000 ,OpenCL,GEMM_Adam_CPU,data_transfer,GPU,10,1048723456,Adam,1,0.9,999,"0,00000001",6.77373,5,0.0188475
2026-03-07-10-25-35,Quadro RTX 5000 ,OpenCL,GEMM_Adam_CPU,compute,GPU,10,1048723456,Adam,1,0.9,999,"0,00000001",0.288512,5,0.0188475
2026-03-07-10-25-35,Quadro RTX 5000 ,OpenCL,GEMM_Adam_CPU,data_transfer,GPU,10,1048723456,Adam,1,0.9,999,"0,00000001",6.8505,6,0.0177258
2026-03-07-10-25-35,Quadro RTX 5000 ,OpenCL,GEMM_Adam_CPU,compute,GPU,10,1048723456,Adam,1,0.9,999,"0,00000001",0.289408,6,0.0177258
2026-03-07-10-25-35,Quadro RTX 5000 ,OpenCL,GEMM_Adam_CPU,data_transfer,GPU,10,1048723456,Adam,1,0.9,999,"0,00000001",6.71475,7,0.0166481
2026-03-07-10-25-35,Quadro RTX 5000 ,OpenCL,GEMM_Adam_CPU,compute,GPU,10,1048723456,Adam,1,0.9,999,"0,00000001",0.290688,7,0.0166481
2026-03-07-10-25-36,Quadro RTX 5000 ,OpenCL,GEMM_Adam_CPU,data_transfer,GPU,10,1048723456,Adam,1,0.9,999,"0,00000001",6.82819,8,0.0156143
2026-03-07-10-25-36,Quadro RTX 5000 ,OpenCL,GEMM_Adam_CPU,compute,GPU,10,1048723456,Adam,1,0.9,999,"0,00000001",0.287072,8,0.0156143
2026-03-07-10-25-36,Quadro RTX 5000 ,OpenCL,GEMM_Adam_CPU,data_transfer,GPU,10,1048723456,Adam,1,0.9,999,"0,00000001",6.7872,9,0.0146243
2026-03-07-10-25-36,Quadro RTX 5000 ,OpenCL,GEMM_Adam_CPU,compute,GPU,10,1048723456,Adam,1,0.9,999,"0,00000001",0.28816,9,0.0146243
2026-03-07-10-25-37,Quadro RTX 5000 ,OpenCL,GEMM_Adam_CPU,data_transfer,GPU,10,1048723456,Adam,1,0.9,999,"0,00000001",6.68378,10,0.0136779
2026-03-07-10-25-37,Quadro RTX 5000 ,OpenCL,GEMM_Adam_CPU,compute,GPU,10,1048723456,Adam,1,0.9,999,"0,00000001",0.287424,10,0.0136779
2026-03-07-10-25-41,Quadro RTX 5000 ,CUDA,GEMM_Adam_CUDA,data_transfer,GPU,10,1048723456,Adam,1,0.9,999,"0,00000001",6.86307,1,0
2026-03-07-10-25-41,Quadro RTX 5000 ,CUDA,GEMM_Adam_CUDA,compute,GPU,10,1048723456,Adam,1,0.9,999,"0,00000001",0.399328,1,0
2026-03-07-10-25-42,Quadro RTX 5000 ,CUDA,GEMM_Adam_CUDA,data_transfer,GPU,10,1048723456,Adam,1,0.9,999,"0,00000001",6.57344,2,0.0224746
2026-03-07-10-25-42,Quadro RTX 5000 ,CUDA,GEMM_Adam_CUDA,compute,GPU,10,1048723456,Adam,1,0.9,999,"0,00000001",0.292928,2,0.0224746
2026-03-07-10-25-42,Quadro RTX 5000 ,CUDA,GEMM_Adam_CUDA,data_transfer,GPU,10,1048723456,Adam,1,0.9,999,"0,00000001",6.5681,3,0.0212222
2026-03-07-10-25-42,Quadro RTX 5000 ,CUDA,GEMM_Adam_CUDA,compute,GPU,10,1048723456,Adam,1,0.9,999,"0,00000001",0.293408,3,0.0212222
2026-03-07-10-25-43,Quadro RTX 5000 ,CUDA,GEMM_Adam_CUDA,data_transfer,GPU,10,1048723456,Adam,1,0.9,999,"0,00000001",6.96598,4,0.0200131
2026-03-07-10-25-43,Quadro RTX 5000 ,CUDA,GEMM_Adam_CUDA,compute,GPU,10,1048723456,Adam,1,0.9,999,"0,00000001",0.308448,4,0.0200131
2026-03-07-10-25-43,Quadro RTX 5000 ,CUDA,GEMM_Adam_CUDA,data_transfer,GPU,10,1048723456,Adam,1,0.9,999,"0,00000001",6.56003,5,0.0188475
2026-03-07-10-25-43,Quadro RTX 5000 ,CUDA,GEMM_Adam_CUDA,compute,GPU,10,1048723456,Adam,1,0.9,999,"0,00000001",0.292864,5,0.0188475
2026-03-07-10-25-44,Quadro RTX 5000 ,CUDA,GEMM_Adam_CUDA,data_transfer,GPU,10,1048723456,Adam,1,0.9,999,"0,00000001",6.54934,6,0.0177258
2026-03-07-10-25-44,Quadro RTX 5000 ,CUDA,GEMM_Adam_CUDA,compute,GPU,10,1048723456,Adam,1,0.9,999,"0,00000001",0.292832,6,0.0177258
2026-03-07-10-25-44,Quadro RTX 5000 ,CUDA,GEMM_Adam_CUDA,data_transfer,GPU,10,1048723456,Adam,1,0.9,999,"0,00000001",6.55277,7,0.0166481
2026-03-07-10-25-44,Quadro RTX 5000 ,CUDA,GEMM_Adam_CUDA,compute,GPU,10,1048723456,Adam,1,0.9,999,"0,00000001",0.292672,7,0.0166481
2026-03-07-10-25-44,Quadro RTX 5000 ,CUDA,GEMM_Adam_CUDA,data_transfer,GPU,10,1048723456,Adam,1,0.9,999,"0,00000001",6.56074,8,0.0156143
2026-03-07-10-25-44,Quadro RTX 5000 ,CUDA,GEMM_Adam_CUDA,compute,GPU,10,1048723456,Adam,1,0.9,999,"0,00000001",0.299296,8,0.0156143
2026-03-07-10-25-45,Quadro RTX 5000 ,CUDA,GEMM_Adam_CUDA,data_transfer,GPU,10,1048723456,Adam,1,0.9,999,"0,00000001",6.57158,9,0.0146243
2026-03-07-10-25-45,Quadro RTX 5000 ,CUDA,GEMM_Adam_CUDA,compute,GPU,10,1048723456,Adam,1,0.9,999,"0,00000001",0.293024,9,0.0146243
2026-03-07-10-25-45,Quadro RTX 5000 ,CUDA,GEMM_Adam_CUDA,data_transfer,GPU,10,1048723456,Adam,1,0.9,999,"0,00000001",6.5663,10,0.0136779
2026-03-07-10-25-45,Quadro RTX 5000 ,CUDA,GEMM_Adam_CUDA,compute,GPU,10,1048723456,Adam,1,0.9,999,"0,00000001",0.29296,10,0.0136779
2026-03-07-10-25-50,Quadro RTX 5000 ,OpenCL,GEMM_Adam_CPU,data_transfer,GPU,10,1048723456,Adam,1,0.9,999,"0,00000001",6.76656,1,0
2026-03-07-10-25-50,Quadro RTX 5000 ,OpenCL,GEMM_Adam_CPU,compute,GPU,10,1048723456,Adam,1,0.9,999,"0,00000001",0.2824,1,0
2026-03-07-10-25-50,Quadro RTX 5000 ,OpenCL,GEMM_Adam_CPU,data_transfer,GPU,10,1048723456,Adam,1,0.9,999,"0,00000001",6.54752,2,0.0224746
2026-03-07-10-25-50,Quadro RTX 5000 ,OpenCL,GEMM_Adam_CPU,compute,GPU,10,1048723456,Adam,1,0.9,999,"0,00000001",0.287264,2,0.0224746
2026-03-07-10-25-50,Quadro RTX 5000 ,OpenCL,GEMM_Adam_CPU,data_transfer,GPU,10,1048723456,Adam,1,0.9,999,"0,00000001",6.59859,3,0.0212222
2026-03-07-10-25-50,Quadro RTX 5000 ,OpenCL,GEMM_Adam_CPU,compute,GPU,10,1048723456,Adam,1,0.9,999,"0,00000001",0.287552,3,0.0212222
2026-03-07-10-25-51,Quadro RTX 5000 ,OpenCL,GEMM_Adam_CPU,data_transfer,GPU,10,1048723456,Adam,1,0.9,999,"0,00000001",6.88042,4,0.0200131
2026-03-07-10-25-51,Quadro RTX 5000 ,OpenCL,GEMM_Adam_CPU,compute,GPU,10,1048723456,Adam,1,0.9,999,"0,00000001",0.294368,4,0.0200131
2026-03-07-10-25-51,Quadro RTX 5000 ,OpenCL,GEMM_Adam_CPU,data_transfer,GPU,10,1048723456,Adam,1,0.9,999,"0,00000001",6.72762,5,0.0188475
2026-03-07-10-25-51,Quadro RTX 5000 ,OpenCL,GEMM_Adam_CPU,compute,GPU,10,1048723456,Adam,1,0.9,999,"0,00000001",0.285696,5,0.0188475
2026-03-07-10-25-52,Quadro RTX 5000 ,OpenCL,GEMM_Adam_CPU,data_transfer,GPU,10,1048723456,Adam,1,0.9,999,"0,00000001",6.7327,6,0.0177258
2026-03-07-10-25-52,Quadro RTX 5000 ,OpenCL,GEMM_Adam_CPU,compute,GPU,10,1048723456,Adam,1,0.9,999,"0,00000001",0.287456,6,0.0177258
2026-03-07-10-25-52,Quadro RTX 5000 ,OpenCL,GEMM_Adam_CPU,data_transfer,GPU,10,1048723456,Adam,1,0.9,999,"0,00000001",6.67021,7,0.0166481
2026-03-07-10-25-52,Quadro RTX 5000 ,OpenCL,GEMM_Adam_CPU,compute,GPU,10,1048723456,Adam,1,0.9,999,"0,00000001",0.287264,7,0.0166481
2026-03-07-10-25-53,Quadro RTX 5000 ,OpenCL,GEMM_Adam_CPU,data_transfer,GPU,10,1048723456,Adam,1,0.9,999,"0,00000001",6.82086,8,0.0156143
2026-03-07-10-25-53,Quadro RTX 5000 ,OpenCL,GEMM_Adam_CPU,compute,GPU,10,1048723456,Adam,1,0.9,999,"0,00000001",0.289312,8,0.0156143
2026-03-07-10-25-53,Quadro RTX 5000 ,OpenCL,GEMM_Adam_CPU,data_transfer,GPU,10,1048723456,Adam,1,0.9,999,"0,00000001",6.77782,9,0.0146243
2026-03-07-10-25-53,Quadro RTX 5000 ,OpenCL,GEMM_Adam_CPU,compute,GPU,10,1048723456,Adam,1,0.9,999,"0,00000001",0.287168,9,0.0146243
2026-03-07-10-25-53,Quadro RTX 5000 ,OpenCL,GEMM_Adam_CPU,data_transfer,GPU,10,1048723456,Adam,1,0.9,999,"0,00000001",6.73875,10,0.0136779
2026-03-07-10-25-53,Quadro RTX 5000 ,OpenCL,GEMM_Adam_CPU,compute,GPU,10,1048723456,Adam,1,0.9,999,"0,00000001",0.288576,10,0.0136779
2026-03-07-10-25-58,Quadro RTX 5000 ,CUDA,GEMM_Adam_CUDA,data_transfer,GPU,10,1048723456,Adam,1,0.9,999,"0,00000001",6.81414,1,0
2026-03-07-10-25-58,Quadro RTX 5000 ,CUDA,GEMM_Adam_CUDA,compute,GPU,10,1048723456,Adam,1,0.9,999,"0,00000001",0.400832,1,0
2026-03-07-10-25-59,Quadro RTX 5000 ,CUDA,GEMM_Adam_CUDA,data_transfer,GPU,10,1048723456,Adam,1,0.9,999,"0,00000001",6.52285,2,0.0224746
2026-03-07-10-25-59,Quadro RTX 5000 ,CUDA,GEMM_Adam_CUDA,compute,GPU,10,1048723456,Adam,1,0.9,999,"0,00000001",0.2928,2,0.0224746
2026-03-07-10-25-59,Quadro RTX 5000 ,CUDA,GEMM_Adam_CUDA,data_transfer,GPU,10,1048723456,Adam,1,0.9,999,"0,00000001",6.53878,3,0.0212222
2026-03-07-10-25-59,Quadro RTX 5000 ,CUDA,GEMM_Adam_CUDA,compute,GPU,10,1048723456,Adam,1,0.9,999,"0,00000001",0.293184,3,0.0212222
2026-03-07-10-26-00,Quadro RTX 5000 ,CUDA,GEMM_Adam_CUDA,data_transfer,GPU,10,1048723456,Adam,1,0.9,999,"0,00000001",6.97824,4,0.0200131
2026-03-07-10-26-00,Quadro RTX 5000 ,CUDA,GEMM_Adam_CUDA,compute,GPU,10,1048723456,Adam,1,0.9,999,"0,00000001",0.30816,4,0.0200131
2026-03-07-10-26-00,Quadro RTX 5000 ,CUDA,GEMM_Adam_CUDA,data_transfer,GPU,10,1048723456,Adam,1,0.9,999,"0,00000001",6.5719,5,0.0188475
2026-03-07-10-26-00,Quadro RTX 5000 ,CUDA,GEMM_Adam_CUDA,compute,GPU,10,1048723456,Adam,1,0.9,999,"0,00000001",0.29376,5,0.0188475
2026-03-07-10-26-01,Quadro RTX 5000 ,CUDA,GEMM_Adam_CUDA,data_transfer,GPU,10,1048723456,Adam,1,0.9,999,"0,00000001",6.55261,6,0.0177258
2026-03-07-10-26-01,Quadro RTX 5000 ,CUDA,GEMM_Adam_CUDA,compute,GPU,10,1048723456,Adam,1,0.9,999,"0,00000001",0.294144,6,0.0177258
2026-03-07-10-26-01,Quadro RTX 5000 ,CUDA,GEMM_Adam_CUDA,data_transfer,GPU,10,1048723456,Adam,1,0.9,999,"0,00000001",6.56467,7,0.0166481
2026-03-07-10-26-01,Quadro RTX 5000 ,CUDA,GEMM_Adam_CUDA,compute,GPU,10,1048723456,Adam,1,0.9,999,"0,00000001",0.293056,7,0.0166481
2026-03-07-10-26-01,Quadro RTX 5000 ,CUDA,GEMM_Adam_CUDA,data_transfer,GPU,10,1048723456,Adam,1,0.9,999,"0,00000001",6.53923,8,0.0156143
2026-03-07-10-26-01,Quadro RTX 5000 ,CUDA,GEMM_Adam_CUDA,compute,GPU,10,1048723456,Adam,1,0.9,999,"0,00000001",0.298752,8,0.0156143
2026-03-07-10-26-02,Quadro RTX 5000 ,CUDA,GEMM_Adam_CUDA,data_transfer,GPU,10,1048723456,Adam,1,0.9,999,"0,00000001",6.54813,9,0.0146243
2026-03-07-10-26-02,Quadro RTX 5000 ,CUDA,GEMM_Adam_CUDA,compute,GPU,10,1048723456,Adam,1,0.9,999,"0,00000001",0.292576,9,0.0146243
2026-03-07-10-26-02,Quadro RTX 5000 ,CUDA,GEMM_Adam_CUDA,data_transfer,GPU,10,1048723456,Adam,1,0.9,999,"0,00000001",6.54803,10,0.0136779
2026-03-07-10-26-02,Quadro RTX 5000 ,CUDA,GEMM_Adam_CUDA,compute,GPU,10,1048723456,Adam,1,0.9,999,"0,00000001",0.293152,10,0.0136779
2026-03-07-10-26-06,Quadro RTX 5000 ,OpenCL,GEMM_Adam_CPU,data_transfer,GPU,10,1048723456,Adam,1,0.9,999,"0,00000001",6.77328,1,0
2026-03-07-10-26-06,Quadro RTX 5000 ,OpenCL,GEMM_Adam_CPU,compute,GPU,10,1048723456,Adam,1,0.9,999,"0,00000001",0.282048,1,0
2026-03-07-10-26-07,Quadro RTX 5000 ,OpenCL,GEMM_Adam_CPU,data_transfer,GPU,10,1048723456,Adam,1,0.9,999,"0,00000001",6.56493,2,0.0224746
2026-03-07-10-26-07,Quadro RTX 5000 ,OpenCL,GEMM_Adam_CPU,compute,GPU,10,1048723456,Adam,1,0.9,999,"0,00000001",0.287616,2,0.0224746
2026-03-07-10-26-07,Quadro RTX 5000 ,OpenCL,GEMM_Adam_CPU,data_transfer,GPU,10,1048723456,Adam,1,0.9,999,"0,00000001",6.47571,3,0.0212222
2026-03-07-10-26-07,Quadro RTX 5000 ,OpenCL,GEMM_Adam_CPU,compute,GPU,10,1048723456,Adam,1,0.9,999,"0,00000001",0.287296,3,0.0212222
2026-03-07-10-26-08,Quadro RTX 5000 ,OpenCL,GEMM_Adam_CPU,data_transfer,GPU,10,1048723456,Adam,1,0.9,999,"0,00000001",6.85152,4,0.0200131
2026-03-07-10-26-08,Quadro RTX 5000 ,OpenCL,GEMM_Adam_CPU,compute,GPU,10,1048723456,Adam,1,0.9,999,"0,00000001",0.294688,4,0.0200131
2026-03-07-10-26-08,Quadro RTX 5000 ,OpenCL,GEMM_Adam_CPU,data_transfer,GPU,10,1048723456,Adam,1,0.9,999,"0,00000001",6.68278,5,0.0188475
2026-03-07-10-26-08,Quadro RTX 5000 ,OpenCL,GEMM_Adam_CPU,compute,GPU,10,1048723456,Adam,1,0.9,999,"0,00000001",0.286432,5,0.0188475
2026-03-07-10-26-08,Quadro RTX 5000 ,OpenCL,GEMM_Adam_CPU,data_transfer,GPU,10,1048723456,Adam,1,0.9,999,"0,00000001",6.74483,6,0.0177258
2026-03-07-10-26-08,Quadro RTX 5000 ,OpenCL,GEMM_Adam_CPU,compute,GPU,10,1048723456,Adam,1,0.9,999,"0,00000001",0.286912,6,0.0177258
2026-03-07-10-26-09,Quadro RTX 5000 ,OpenCL,GEMM_Adam_CPU,data_transfer,GPU,10,1048723456,Adam,1,0.9,999,"0,00000001",6.69677,7,0.0166481
2026-03-07-10-26-09,Quadro RTX 5000 ,OpenCL,GEMM_Adam_CPU,compute,GPU,10,1048723456,Adam,1,0.9,999,"0,00000001",0.286624,7,0.0166481
2026-03-07-10-26-09,Quadro RTX 5000 ,OpenCL,GEMM_Adam_CPU,data_transfer,GPU,10,1048723456,Adam,1,0.9,999,"0,00000001",6.7471,8,0.0156143
2026-03-07-10-26-09,Quadro RTX 5000 ,OpenCL,GEMM_Adam_CPU,compute,GPU,10,1048723456,Adam,1,0.9,999,"0,00000001",0.287488,8,0.0156143
2026-03-07-10-26-10,Quadro RTX 5000 ,OpenCL,GEMM_Adam_CPU,data_transfer,GPU,10,1048723456,Adam,1,0.9,999,"0,00000001",6.71504,9,0.0146243
2026-03-07-10-26-10,Quadro RTX 5000 ,OpenCL,GEMM_Adam_CPU,compute,GPU,10,1048723456,Adam,1,0.9,999,"0,00000001",0.286976,9,0.0146243
2026-03-07-10-26-10,Quadro RTX 5000 ,OpenCL,GEMM_Adam_CPU,data_transfer,GPU,10,1048723456,Adam,1,0.9,999,"0,00000001",6.80653,10,0.0136779
2026-03-07-10-26-10,Quadro RTX 5000 ,OpenCL,GEMM_Adam_CPU,compute,GPU,10,1048723456,Adam,1,0.9,999,"0,00000001",0.287136,10,0.0136779
2026-03-07-10-26-26,Quadro RTX 5000 ,CUDA,GEMM_Adam_CUDA,data_transfer,GPU,10,1048723456,Adam,1,0.9,999,"0,00000001",6.85213,1,0
2026-03-07-10-26-26,Quadro RTX 5000 ,CUDA,GEMM_Adam_CUDA,compute,GPU,10,1048723456,Adam,1,0.9,999,"0,00000001",0.400224,1,0
2026-03-07-10-26-26,Quadro RTX 5000 ,CUDA,GEMM_Adam_CUDA,data_transfer,GPU,10,1048723456,Adam,1,0.9,999,"0,00000001",6.55069,2,0.0224746
2026-03-07-10-26-26,Quadro RTX 5000 ,CUDA,GEMM_Adam_CUDA,compute,GPU,10,1048723456,Adam,1,0.9,999,"0,00000001",0.29488,2,0.0224746
2026-03-07-10-26-27,Quadro RTX 5000 ,CUDA,GEMM_Adam_CUDA,data_transfer,GPU,10,1048723456,Adam,1,0.9,999,"0,00000001",6.55808,3,0.0212222
2026-03-07-10-26-27,Quadro RTX 5000 ,CUDA,GEMM_Adam_CUDA,compute,GPU,10,1048723456,Adam,1,0.9,999,"0,00000001",0.291904,3,0.0212222
2026-03-07-10-26-27,Quadro RTX 5000 ,CUDA,GEMM_Adam_CUDA,data_transfer,GPU,10,1048723456,Adam,1,0.9,999,"0,00000001",6.98451,4,0.0200131
2026-03-07-10-26-27,Quadro RTX 5000 ,CUDA,GEMM_Adam_CUDA,compute,GPU,10,1048723456,Adam,1,0.9,999,"0,00000001",0.306848,4,0.0200131
2026-03-07-10-26-28,Quadro RTX 5000 ,CUDA,GEMM_Adam_CUDA,data_transfer,GPU,10,1048723456,Adam,1,0.9,999,"0,00000001",6.55024,5,0.0188475
2026-03-07-10-26-28,Quadro RTX 5000 ,CUDA,GEMM_Adam_CUDA,compute,GPU,10,1048723456,Adam,1,0.9,999,"0,00000001",0.29264,5,0.0188475
2026-03-07-10-26-28,Quadro RTX 5000 ,CUDA,GEMM_Adam_CUDA,data_transfer,GPU,10,1048723456,Adam,1,0.9,999,"0,00000001",6.5616,6,0.0177258
2026-03-07-10-26-28,Quadro RTX 5000 ,CUDA,GEMM_Adam_CUDA,compute,GPU,10,1048723456,Adam,1,0.9,999,"0,00000001",0.292576,6,0.0177258
2026-03-07-10-26-28,Quadro RTX 5000 ,CUDA,GEMM_Adam_CUDA,data_transfer,GPU,10,1048723456,Adam,1,0.9,999,"0,00000001",6.5552,7,0.0166481
2026-03-07-10-26-28,Quadro RTX 5000 ,CUDA,GEMM_Adam_CUDA,compute,GPU,10,1048723456,Adam,1,0.9,999,"0,00000001",0.292544,7,0.0166481
2026-03-07-10-26-29,Quadro RTX 5000 ,CUDA,GEMM_Adam_CUDA,data_transfer,GPU,10,1048723456,Adam,1,0.9,999,"0,00000001",6.53405,8,0.0156143
2026-03-07-10-26-29,Quadro RTX 5000 ,CUDA,GEMM_Adam_CUDA,compute,GPU,10,1048723456,Adam,1,0.9,999,"0,00000001",0.292672,8,0.0156143
2026-03-07-10-26-29,Quadro RTX 5000 ,CUDA,GEMM_Adam_CUDA,data_transfer,GPU,10,1048723456,Adam,1,0.9,999,"0,00000001",6.54394,9,0.0146243
2026-03-07-10-26-29,Quadro RTX 5000 ,CUDA,GEMM_Adam_CUDA,compute,GPU,10,1048723456,Adam,1,0.9,999,"0,00000001",0.292832,9,0.0146243
2026-03-07-10-26-30,Quadro RTX 5000 ,CUDA,GEMM_Adam_CUDA,data_transfer,GPU,10,1048723456,Adam,1,0.9,999,"0,00000001",6.5495,10,0.0136779
2026-03-07-10-26-30,Quadro RTX 5000 ,CUDA,GEMM_Adam_CUDA,compute,GPU,10,1048723456,Adam,1,0.9,999,"0,00000001",0.291904,10,0.0136779
2026-03-07-10-26-38,Quadro RTX 5000 ,OpenCL,GEMM_Adam_CPU,data_transfer,GPU,10,1048723456,Adam,1,0.9,999,"0,00000001",6.71603,1,0
2026-03-07-10-26-38,Quadro RTX 5000 ,OpenCL,GEMM_Adam_CPU,compute,GPU,10,1048723456,Adam,1,0.9,999,"0,00000001",0.283424,1,0
2026-03-07-10-26-38,Quadro RTX 5000 ,OpenCL,GEMM_Adam_CPU,data_transfer,GPU,10,1048723456,Adam,1,0.9,999,"0,00000001",6.71018,2,0.0224746
2026-03-07-10-26-38,Quadro RTX 5000 ,OpenCL,GEMM_Adam_CPU,compute,GPU,10,1048723456,Adam,1,0.9,999,"0,00000001",0.28848,2,0.0224746
2026-03-07-10-26-39,Quadro RTX 5000 ,OpenCL,GEMM_Adam_CPU,data_transfer,GPU,10,1048723456,Adam,1,0.9,999,"0,00000001",6.56992,3,0.0212222
2026-03-07-10-26-39,Quadro RTX 5000 ,OpenCL,GEMM_Adam_CPU,compute,GPU,10,1048723456,Adam,1,0.9,999,"0,00000001",0.287264,3,0.0212222
2026-03-07-10-26-39,Quadro RTX 5000 ,OpenCL,GEMM_Adam_CPU,data_transfer,GPU,10,1048723456,Adam,1,0.9,999,"0,00000001",7.05123,4,0.0200131
2026-03-07-10-26-39,Quadro RTX 5000 ,OpenCL,GEMM_Adam_CPU,compute,GPU,10,1048723456,Adam,1,0.9,999,"0,00000001",0.293152,4,0.0200131
2026-03-07-10-26-39,Quadro RTX 5000 ,OpenCL,GEMM_Adam_CPU,data_transfer,GPU,10,1048723456,Adam,1,0.9,999,"0,00000001",6.80218,5,0.0188475
2026-03-07-10-26-39,Quadro RTX 5000 ,OpenCL,GEMM_Adam_CPU,compute,GPU,10,1048723456,Adam,1,0.9,999,"0,00000001",0.288,5,0.0188475
2026-03-07-10-26-40,Quadro RTX 5000 ,OpenCL,GEMM_Adam_CPU,data_transfer,GPU,10,1048723456,Adam,1,0.9,999,"0,00000001",6.88179,6,0.0177258
2026-03-07-10-26-40,Quadro RTX 5000 ,OpenCL,GEMM_Adam_CPU,compute,GPU,10,1048723456,Adam,1,0.9,999,"0,00000001",0.28672,6,0.0177258
2026-03-07-10-26-40,Quadro RTX 5000 ,OpenCL,GEMM_Adam_CPU,data_transfer,GPU,10,1048723456,Adam,1,0.9,999,"0,00000001",6.64163,7,0.0166481
2026-03-07-10-26-40,Quadro RTX 5000 ,OpenCL,GEMM_Adam_CPU,compute,GPU,10,1048723456,Adam,1,0.9,999,"0,00000001",0.28672,7,0.0166481
2026-03-07-10-26-41,Quadro RTX 5000 ,OpenCL,GEMM_Adam_CPU,data_transfer,GPU,10,1048723456,Adam,1,0.9,999,"0,00000001",6.87437,8,0.0156143
2026-03-07-10-26-41,Quadro RTX 5000 ,OpenCL,GEMM_Adam_CPU,compute,GPU,10,1048723456,Adam,1,0.9,999,"0,00000001",0.288512,8,0.0156143
2026-03-07-10-26-41,Quadro RTX 5000 ,OpenCL,GEMM_Adam_CPU,data_transfer,GPU,10,1048723456,Adam,1,0.9,999,"0,00000001",6.69798,9,0.0146243
2026-03-07-10-26-41,Quadro RTX 5000 ,OpenCL,GEMM_Adam_CPU,compute,GPU,10,1048723456,Adam,1,0.9,999,"0,00000001",0.287168,9,0.0146243
2026-03-07-10-26-42,Quadro RTX 5000 ,OpenCL,GEMM_Adam_CPU,data_transfer,GPU,10,1048723456,Adam,1,0.9,999,"0,00000001",6.71658,10,0.0136779
2026-03-07-10-26-42,Quadro RTX 5000 ,OpenCL,GEMM_Adam_CPU,compute,GPU,10,1048723456,Adam,1,0.9,999,"0,00000001",0.287776,10,0.0136779
2026-03-07-10-26-48,Quadro RTX 5000 ,CUDA,GEMM_Adam_CUDA,data_transfer,GPU,10,1048723456,Adam,1,0.9,999,"0,00000001",6.87146,1,0
2026-03-07-10-26-48,Quadro RTX 5000 ,CUDA,GEMM_Adam_CUDA,compute,GPU,10,1048723456,Adam,1,0.9,999,"0,00000001",0.400992,1,0
2026-03-07-10-26-48,Quadro RTX 5000 ,CUDA,GEMM_Adam_CUDA,data_transfer,GPU,10,1048723456,Adam,1,0.9,999,"0,00000001",6.56736,2,0.0224746
2026-03-07-10-26-48,Quadro RTX 5000 ,CUDA,GEMM_Adam_CUDA,compute,GPU,10,1048723456,Adam,1,0.9,999,"0,00000001",0.292608,2,0.0224746
2026-03-07-10-26-49,Quadro RTX 5000 ,CUDA,GEMM_Adam_CUDA,data_transfer,GPU,10,1048723456,Adam,1,0.9,999,"0,00000001",6.55152,3,0.0212222
2026-03-07-10-26-49,Quadro RTX 5000 ,CUDA,GEMM_Adam_CUDA,compute,GPU,10,1048723456,Adam,1,0.9,999,"0,00000001",0.292544,3,0.0212222
2026-03-07-10-26-49,Quadro RTX 5000 ,CUDA,GEMM_Adam_CUDA,data_transfer,GPU,10,1048723456,Adam,1,0.9,999,"0,00000001",6.93709,4,0.0200131
2026-03-07-10-26-49,Quadro RTX 5000 ,CUDA,GEMM_Adam_CUDA,compute,GPU,10,1048723456,Adam,1,0.9,999,"0,00000001",0.30672,4,0.0200131
2026-03-07-10-26-49,Quadro RTX 5000 ,CUDA,GEMM_Adam_CUDA,data_transfer,GPU,10,1048723456,Adam,1,0.9,999,"0,00000001",6.54845,5,0.0188475
2026-03-07-10-26-49,Quadro RTX 5000 ,CUDA,GEMM_Adam_CUDA,compute,GPU,10,1048723456,Adam,1,0.9,999,"0,00000001",0.293664,5,0.0188475
2026-03-07-10-26-50,Quadro RTX 5000 ,CUDA,GEMM_Adam_CUDA,data_transfer,GPU,10,1048723456,Adam,1,0.9,999,"0,00000001",6.54803,6,0.0177258
2026-03-07-10-26-50,Quadro RTX 5000 ,CUDA,GEMM_Adam_CUDA,compute,GPU,10,1048723456,Adam,1,0.9,999,"0,00000001",0.291808,6,0.0177258
2026-03-07-10-26-50,Quadro RTX 5000 ,CUDA,GEMM_Adam_CUDA,data_transfer,GPU,10,1048723456,Adam,1,0.9,999,"0,00000001",6.54829,7,0.0166481
2026-03-07-10-26-50,Quadro RTX 5000 ,CUDA,GEMM_Adam_CUDA,compute,GPU,10,1048723456,Adam,1,0.9,999,"0,00000001",0.291904,7,0.0166481
2026-03-07-10-26-51,Quadro RTX 5000 ,CUDA,GEMM_Adam_CUDA,data_transfer,GPU,10,1048723456,Adam,1,0.9,999,"0,00000001",6.5488,8,0.0156143
2026-03-07-10-26-51,Quadro RTX 5000 ,CUDA,GEMM_Adam_CUDA,compute,GPU,10,1048723456,Adam,1,0.9,999,"0,00000001",0.2936,8,0.0156143
2026-03-07-10-26-51,Quadro RTX 5000 ,CUDA,GEMM_Adam_CUDA,data_transfer,GPU,10,1048723456,Adam,1,0.9,999,"0,00000001",6.55558,9,0.0146243
2026-03-07-10-26-51,Quadro RTX 5000 ,CUDA,GEMM_Adam_CUDA,compute,GPU,10,1048723456,Adam,1,0.9,999,"0,00000001",0.291872,9,0.0146243
2026-03-07-10-26-51,Quadro RTX 5000 ,CUDA,GEMM_Adam_CUDA,data_transfer,GPU,10,1048723456,Adam,1,0.9,999,"0,00000001",6.56509,10,0.0136779
2026-03-07-10-26-51,Quadro RTX 5000 ,CUDA,GEMM_Adam_CUDA,compute,GPU,10,1048723456,Adam,1,0.9,999,"0,00000001",0.29248,10,0.0136779
2026-03-07-10-27-41,Quadro RTX 5000 ,OpenCL,GEMM_Adam_CPU,data_transfer,GPU,10,1048723456,Adam,1,0.9,999,"0,00000001",6.85702,1,0
2026-03-07-10-27-41,Quadro RTX 5000 ,OpenCL,GEMM_Adam_CPU,compute,GPU,10,1048723456,Adam,1,0.9,999,"0,00000001",0.282784,1,0
2026-03-07-10-27-41,Quadro RTX 5000 ,OpenCL,GEMM_Adam_CPU,data_transfer,GPU,10,1048723456,Adam,1,0.9,999,"0,00000001",6.79789,2,0.0224746
2026-03-07-10-27-41,Quadro RTX 5000 ,OpenCL,GEMM_Adam_CPU,compute,GPU,10,1048723456,Adam,1,0.9,999,"0,00000001",0.286944,2,0.0224746
2026-03-07-10-27-42,Quadro RTX 5000 ,OpenCL,GEMM_Adam_CPU,data_transfer,GPU,10,1048723456,Adam,1,0.9,999,"0,00000001",6.80954,3,0.0212222
2026-03-07-10-27-42,Quadro RTX 5000 ,OpenCL,GEMM_Adam_CPU,compute,GPU,10,1048723456,Adam,1,0.9,999,"0,00000001",0.286848,3,0.0212222
2026-03-07-10-27-42,Quadro RTX 5000 ,OpenCL,GEMM_Adam_CPU,data_transfer,GPU,10,1048723456,Adam,1,0.9,999,"0,00000001",7.01222,4,0.0200131
2026-03-07-10-27-42,Quadro RTX 5000 ,OpenCL,GEMM_Adam_CPU,compute,GPU,10,1048723456,Adam,1,0.9,999,"0,00000001",0.29312,4,0.0200131
2026-03-07-10-27-43,Quadro RTX 5000 ,OpenCL,GEMM_Adam_CPU,data_transfer,GPU,10,1048723456,Adam,1,0.9,999,"0,00000001",6.71923,5,0.0188475
2026-03-07-10-27-43,Quadro RTX 5000 ,OpenCL,GEMM_Adam_CPU,compute,GPU,10,1048723456,Adam,1,0.9,999,"0,00000001",0.287136,5,0.0188475
2026-03-07-10-27-43,Quadro RTX 5000 ,OpenCL,GEMM_Adam_CPU,data_transfer,GPU,10,1048723456,Adam,1,0.9,999,"0,00000001",6.7281,6,0.0177258
2026-03-07-10-27-43,Quadro RTX 5000 ,OpenCL,GEMM_Adam_CPU,compute,GPU,10,1048723456,Adam,1,0.9,999,"0,00000001",0.288032,6,0.0177258
2026-03-07-10-27-43,Quadro RTX 5000 ,OpenCL,GEMM_Adam_CPU,data_transfer,GPU,10,1048723456,Adam,1,0.9,999,"0,00000001",6.71584,7,0.0166481
2026-03-07-10-27-43,Quadro RTX 5000 ,OpenCL,GEMM_Adam_CPU,compute,GPU,10,1048723456,Adam,1,0.9,999,"0,00000001",0.287104,7,0.0166481
2026-03-07-10-27-44,Quadro RTX 5000 ,OpenCL,GEMM_Adam_CPU,data_transfer,GPU,10,1048723456,Adam,1,0.9,999,"0,00000001",6.81968,8,0.0156143
2026-03-07-10-27-44,Quadro RTX 5000 ,OpenCL,GEMM_Adam_CPU,compute,GPU,10,1048723456,Adam,1,0.9,999,"0,00000001",0.286656,8,0.0156143
2026-03-07-10-27-44,Quadro RTX 5000 ,OpenCL,GEMM_Adam_CPU,data_transfer,GPU,10,1048723456,Adam,1,0.9,999,"0,00000001",6.64365,9,0.0146243
2026-03-07-10-27-44,Quadro RTX 5000 ,OpenCL,GEMM_Adam_CPU,compute,GPU,10,1048723456,Adam,1,0.9,999,"0,00000001",0.287808,9,0.0146243
2026-03-07-10-27-45,Quadro RTX 5000 ,OpenCL,GEMM_Adam_CPU,data_transfer,GPU,10,1048723456,Adam,1,0.9,999,"0,00000001",6.86371,10,0.0136779
2026-03-07-10-27-45,Quadro RTX 5000 ,OpenCL,GEMM_Adam_CPU,compute,GPU,10,1048723456,Adam,1,0.9,999,"0,00000001",0.287648,10,0.0136779
2026-03-07-10-27-48,Quadro RTX 5000 ,CUDA,GEMM_Adam_CUDA,data_transfer,GPU,10,1048723456,Adam,1,0.9,999,"0,00000001",6.87421,1,0
2026-03-07-10-27-48,Quadro RTX 5000 ,CUDA,GEMM_Adam_CUDA,compute,GPU,10,1048723456,Adam,1,0.9,999,"0,00000001",0.400704,1,0
2026-03-07-10-27-49,Quadro RTX 5000 ,CUDA,GEMM_Adam_CUDA,data_transfer,GPU,10,1048723456,Adam,1,0.9,999,"0,00000001",6.55286,2,0.0224746
2026-03-07-10-27-49,Quadro RTX 5000 ,CUDA,GEMM_Adam_CUDA,compute,GPU,10,1048723456,Adam,1,0.9,999,"0,00000001",0.293152,2,0.0224746
2026-03-07-10-27-49,Quadro RTX 5000 ,CUDA,GEMM_Adam_CUDA,data_transfer,GPU,10,1048723456,Adam,1,0.9,999,"0,00000001",6.56848,3,0.0212222
2026-03-07-10-27-49,Quadro RTX 5000 ,CUDA,GEMM_Adam_CUDA,compute,GPU,10,1048723456,Adam,1,0.9,999,"0,00000001",0.292224,3,0.0212222
2026-03-07-10-27-50,Quadro RTX 5000 ,CUDA,GEMM_Adam_CUDA,data_transfer,GPU,10,1048723456,Adam,1,0.9,999,"0,00000001",6.89878,4,0.0200131
2026-03-07-10-27-50,Quadro RTX 5000 ,CUDA,GEMM_Adam_CUDA,compute,GPU,10,1048723456,Adam,1,0.9,999,"0,00000001",0.30912,4,0.0200131
2026-03-07-10-27-50,Quadro RTX 5000 ,CUDA,GEMM_Adam_CUDA,data_transfer,GPU,10,1048723456,Adam,1,0.9,999,"0,00000001",6.52035,5,0.0188475
2026-03-07-10-27-50,Quadro RTX 5000 ,CUDA,GEMM_Adam_CUDA,compute,GPU,10,1048723456,Adam,1,0.9,999,"0,00000001",0.294176,5,0.0188475
2026-03-07-10-27-51,Quadro RTX 5000 ,CUDA,GEMM_Adam_CUDA,data_transfer,GPU,10,1048723456,Adam,1,0.9,999,"0,00000001",6.53667,6,0.0177258
2026-03-07-10-27-51,Quadro RTX 5000 ,CUDA,GEMM_Adam_CUDA,compute,GPU,10,1048723456,Adam,1,0.9,999,"0,00000001",0.294112,6,0.0177258
2026-03-07-10-27-51,Quadro RTX 5000 ,CUDA,GEMM_Adam_CUDA,data_transfer,GPU,10,1048723456,Adam,1,0.9,999,"0,00000001",6.536,7,0.0166481
2026-03-07-10-27-51,Quadro RTX 5000 ,CUDA,GEMM_Adam_CUDA,compute,GPU,10,1048723456,Adam,1,0.9,999,"0,00000001",0.2936,7,0.0166481
2026-03-07-10-27-51,Quadro RTX 5000 ,CUDA,GEMM_Adam_CUDA,data_transfer,GPU,10,1048723456,Adam,1,0.9,999,"0,00000001",6.53434,8,0.0156143
2026-03-07-10-27-51,Quadro RTX 5000 ,CUDA,GEMM_Adam_CUDA,compute,GPU,10,1048723456,Adam,1,0.9,999,"0,00000001",0.293984,8,0.0156143
2026-03-07-10-27-52,Quadro RTX 5000 ,CUDA,GEMM_Adam_CUDA,data_transfer,GPU,10,1048723456,Adam,1,0.9,999,"0,00000001",6.52054,9,0.0146243
2026-03-07-10-27-52,Quadro RTX 5000 ,CUDA,GEMM_Adam_CUDA,compute,GPU,10,1048723456,Adam,1,0.9,999,"0,00000001",0.2936,9,0.0146243
2026-03-07-10-27-52,Quadro RTX 5000 ,CUDA,GEMM_Adam_CUDA,data_transfer,GPU,10,1048723456,Adam,1,0.9,999,"0,00000001",6.53594,10,0.0136779
2026-03-07-10-27-52,Quadro RTX 5000 ,CUDA,GEMM_Adam_CUDA,compute,GPU,10,1048723456,Adam,1,0.9,999,"0,00000001",0.293664,10,0.0136779
2026-03-07-10-27-56,Quadro RTX 5000 ,OpenCL,GEMM_Adam_CPU,data_transfer,GPU,10,1048723456,Adam,1,0.9,999,"0,00000001",6.54086,1,0
2026-03-07-10-27-56,Quadro RTX 5000 ,OpenCL,GEMM_Adam_CPU,compute,GPU,10,1048723456,Adam,1,0.9,999,"0,00000001",0.282784,1,0
2026-03-07-10-27-57,Quadro RTX 5000 ,OpenCL,GEMM_Adam_CPU,data_transfer,GPU,10,1048723456,Adam,1,0.9,999,"0,00000001",6.82275,2,0.0224746
2026-03-07-10-27-57,Quadro RTX 5000 ,OpenCL,GEMM_Adam_CPU,compute,GPU,10,1048723456,Adam,1,0.9,999,"0,00000001",0.288736,2,0.0224746
2026-03-07-10-27-57,Quadro RTX 5000 ,OpenCL,GEMM_Adam_CPU,data_transfer,GPU,10,1048723456,Adam,1,0.9,999,"0,00000001",6.63936,3,0.0212222
2026-03-07-10-27-57,Quadro RTX 5000 ,OpenCL,GEMM_Adam_CPU,compute,GPU,10,1048723456,Adam,1,0.9,999,"0,00000001",0.288128,3,0.0212222
2026-03-07-10-27-58,Quadro RTX 5000 ,OpenCL,GEMM_Adam_CPU,data_transfer,GPU,10,1048723456,Adam,1,0.9,999,"0,00000001",6.67766,4,0.0200131
2026-03-07-10-27-58,Quadro RTX 5000 ,OpenCL,GEMM_Adam_CPU,compute,GPU,10,1048723456,Adam,1,0.9,999,"0,00000001",0.293312,4,0.0200131
2026-03-07-10-27-58,Quadro RTX 5000 ,OpenCL,GEMM_Adam_CPU,data_transfer,GPU,10,1048723456,Adam,1,0.9,999,"0,00000001",6.72662,5,0.0188475
2026-03-07-10-27-58,Quadro RTX 5000 ,OpenCL,GEMM_Adam_CPU,compute,GPU,10,1048723456,Adam,1,0.9,999,"0,00000001",0.288512,5,0.0188475
2026-03-07-10-27-58,Quadro RTX 5000 ,OpenCL,GEMM_Adam_CPU,data_transfer,GPU,10,1048723456,Adam,1,0.9,999,"0,00000001",6.75802,6,0.0177258
2026-03-07-10-27-58,Quadro RTX 5000 ,OpenCL,GEMM_Adam_CPU,compute,GPU,10,1048723456,Adam,1,0.9,999,"0,00000001",0.287872,6,0.0177258
2026-03-07-10-27-59,Quadro RTX 5000 ,OpenCL,GEMM_Adam_CPU,data_transfer,GPU,10,1048723456,Adam,1,0.9,999,"0,00000001",6.79805,7,0.0166481
2026-03-07-10-27-59,Quadro RTX 5000 ,OpenCL,GEMM_Adam_CPU,compute,GPU,10,1048723456,Adam,1,0.9,999,"0,00000001",0.287328,7,0.0166481
2026-03-07-10-27-59,Quadro RTX 5000 ,OpenCL,GEMM_Adam_CPU,data_transfer,GPU,10,1048723456,Adam,1,0.9,999,"0,00000001",6.85344,8,0.0156143
2026-03-07-10-27-59,Quadro RTX 5000 ,OpenCL,GEMM_Adam_CPU,compute,GPU,10,1048723456,Adam,1,0.9,999,"0,00000001",0.287616,8,0.0156143
2026-03-07-10-28-00,Quadro RTX 5000 ,OpenCL,GEMM_Adam_CPU,data_transfer,GPU,10,1048723456,Adam,1,0.9,999,"0,00000001",6.89869,9,0.0146243
2026-03-07-10-28-00,Quadro RTX 5000 ,OpenCL,GEMM_Adam_CPU,compute,GPU,10,1048723456,Adam,1,0.9,999,"0,00000001",0.28752,9,0.0146243
2026-03-07-10-28-00,Quadro RTX 5000 ,OpenCL,GEMM_Adam_CPU,data_transfer,GPU,10,1048723456,Adam,1,0.9,999,"0,00000001",6.65504,10,0.0136779
2026-03-07-10-28-00,Quadro RTX 5000 ,OpenCL,GEMM_Adam_CPU,compute,GPU,10,1048723456,Adam,1,0.9,999,"0,00000001",0.28672,10,0.0136779
2026-03-07-10-28-03,Quadro RTX 5000 ,CUDA,GEMM_Adam_CUDA,data_transfer,GPU,10,1048723456,Adam,1,0.9,999,"0,00000001",6.86093,1,0
2026-03-07-10-28-03,Quadro RTX 5000 ,CUDA,GEMM_Adam_CUDA,compute,GPU,10,1048723456,Adam,1,0.9,999,"0,00000001",0.403744,1,0
2026-03-07-10-28-04,Quadro RTX 5000 ,CUDA,GEMM_Adam_CUDA,data_transfer,GPU,10,1048723456,Adam,1,0.9,999,"0,00000001",6.77139,2,0.0224746
2026-03-07-10-28-04,Quadro RTX 5000 ,CUDA,GEMM_Adam_CUDA,compute,GPU,10,1048723456,Adam,1,0.9,999,"0,00000001",0.293088,2,0.0224746
2026-03-07-10-28-04,Quadro RTX 5000 ,CUDA,GEMM_Adam_CUDA,data_transfer,GPU,10,1048723456,Adam,1,0.9,999,"0,00000001",6.58026,3,0.0212222
2026-03-07-10-28-04,Quadro RTX 5000 ,CUDA,GEMM_Adam_CUDA,compute,GPU,10,1048723456,Adam,1,0.9,999,"0,00000001",0.293056,3,0.0212222
2026-03-07-10-28-05,Quadro RTX 5000 ,CUDA,GEMM_Adam_CUDA,data_transfer,GPU,10,1048723456,Adam,1,0.9,999,"0,00000001",6.96998,4,0.0200131
2026-03-07-10-28-05,Quadro RTX 5000 ,CUDA,GEMM_Adam_CUDA,compute,GPU,10,1048723456,Adam,1,0.9,999,"0,00000001",0.306592,4,0.0200131
2026-03-07-10-28-05,Quadro RTX 5000 ,CUDA,GEMM_Adam_CUDA,data_transfer,GPU,10,1048723456,Adam,1,0.9,999,"0,00000001",6.56077,5,0.0188475
2026-03-07-10-28-05,Quadro RTX 5000 ,CUDA,GEMM_Adam_CUDA,compute,GPU,10,1048723456,Adam,1,0.9,999,"0,00000001",0.293408,5,0.0188475
2026-03-07-10-28-05,Quadro RTX 5000 ,CUDA,GEMM_Adam_CUDA,data_transfer,GPU,10,1048723456,Adam,1,0.9,999,"0,00000001",6.56038,6,0.0177258
2026-03-07-10-28-05,Quadro RTX 5000 ,CUDA,GEMM_Adam_CUDA,compute,GPU,10,1048723456,Adam,1,0.9,999,"0,00000001",0.293408,6,0.0177258
2026-03-07-10-28-06,Quadro RTX 5000 ,CUDA,GEMM_Adam_CUDA,data_transfer,GPU,10,1048723456,Adam,1,0.9,999,"0,00000001",6.55562,7,0.0166481
2026-03-07-10-28-06,Quadro RTX 5000 ,CUDA,GEMM_Adam_CUDA,compute,GPU,10,1048723456,Adam,1,0.9,999,"0,00000001",0.300768,7,0.0166481
2026-03-07-10-28-06,Quadro RTX 5000 ,CUDA,GEMM_Adam_CUDA,data_transfer,GPU,10,1048723456,Adam,1,0.9,999,"0,00000001",6.54406,8,0.0156143
2026-03-07-10-28-06,Quadro RTX 5000 ,CUDA,GEMM_Adam_CUDA,compute,GPU,10,1048723456,Adam,1,0.9,999,"0,00000001",0.29408,8,0.0156143
2026-03-07-10-28-07,Quadro RTX 5000 ,CUDA,GEMM_Adam_CUDA,data_transfer,GPU,10,1048723456,Adam,1,0.9,999,"0,00000001",6.53661,9,0.0146243
2026-03-07-10-28-07,Quadro RTX 5000 ,CUDA,GEMM_Adam_CUDA,compute,GPU,10,1048723456,Adam,1,0.9,999,"0,00000001",0.294656,9,0.0146243
2026-03-07-10-28-07,Quadro RTX 5000 ,CUDA,GEMM_Adam_CUDA,data_transfer,GPU,10,1048723456,Adam,1,0.9,999,"0,00000001",6.56042,10,0.0136779
2026-03-07-10-28-07,Quadro RTX 5000 ,CUDA,GEMM_Adam_CUDA,compute,GPU,10,1048723456,Adam,1,0.9,999,"0,00000001",0.292,10,0.01367792026-03-12-21-10-37,NVIDIA GeForce GTX 970,CUDA,GEMM_Adam_CUDA,data_transfer,GPU,10,-1953955840,Adam,0.001,0.9,0.999,1e-08,8.4241,0,02026-03-12-21-12-39,NVIDIA GeForce GTX 970,CUDA,GEMM_Adam_CUDA,data_transfer,GPU,10,-1953955840,Adam,0.001,0.9,0.999,1e-08,8.99382,0,0
2026-03-12-21-12-39,NVIDIA GeForce GTX 970,CUDA,GEMM_Adam_CUDA,compute,GPU,10,-1953955840,Adam,0.001,0.9,0.999,1e-08,1.86736,0,0
2026-03-12-21-12-40,NVIDIA GeForce GTX 970,CUDA,GEMM_Adam_CUDA,data_transfer,GPU,10,-1953955840,Adam,0.001,0.9,0.999,1e-08,9.04093,0,0.0335697
2026-03-12-21-12-40,NVIDIA GeForce GTX 970,CUDA,GEMM_Adam_CUDA,compute,GPU,10,-1953955840,Adam,0.001,0.9,0.999,1e-08,1.77747,0,0.0335697
2026-03-12-21-12-41,NVIDIA GeForce GTX 970,CUDA,GEMM_Adam_CUDA,data_transfer,GPU,10,-1953955840,Adam,0.001,0.9,0.999,1e-08,8.7041,0,0.0313473
2026-03-12-21-12-41,NVIDIA GeForce GTX 970,CUDA,GEMM_Adam_CUDA,compute,GPU,10,-1953955840,Adam,0.001,0.9,0.999,1e-08,1.82262,0,0.0313473
2026-03-12-21-12-41,NVIDIA GeForce GTX 970,CUDA,GEMM_Adam_CUDA,data_transfer,GPU,10,-1953955840,Adam,0.001,0.9,0.999,1e-08,8.69552,0,0.0292132
2026-03-12-21-12-41,NVIDIA GeForce GTX 970,CUDA,GEMM_Adam_CUDA,compute,GPU,10,-1953955840,Adam,0.001,0.9,0.999,1e-08,1.76986,0,0.0292132
2026-03-12-21-12-42,NVIDIA GeForce GTX 970,CUDA,GEMM_Adam_CUDA,data_transfer,GPU,10,-1953955840,Adam,0.001,0.9,0.999,1e-08,8.7321,0,0.027168
2026-03-12-21-12-42,NVIDIA GeForce GTX 970,CUDA,GEMM_Adam_CUDA,compute,GPU,10,-1953955840,Adam,0.001,0.9,0.999,1e-08,1.78246,0,0.027168
2026-03-12-21-12-43,NVIDIA GeForce GTX 970,CUDA,GEMM_Adam_CUDA,data_transfer,GPU,10,-1953955840,Adam,0.001,0.9,0.999,1e-08,8.88128,0,0.0252124
2026-03-12-21-12-43,NVIDIA GeForce GTX 970,CUDA,GEMM_Adam_CUDA,compute,GPU,10,-1953955840,Adam,0.001,0.9,0.999,1e-08,1.78819,0,0.0252124
2026-03-12-21-12-43,NVIDIA GeForce GTX 970,CUDA,GEMM_Adam_CUDA,data_transfer,GPU,10,-1953955840,Adam,0.001,0.9,0.999,1e-08,8.55862,0,0.0233466
2026-03-12-21-12-43,NVIDIA GeForce GTX 970,CUDA,GEMM_Adam_CUDA,compute,GPU,10,-1953955840,Adam,0.001,0.9,0.999,1e-08,1.78381,0,0.0233466
2026-03-12-21-12-44,NVIDIA GeForce GTX 970,CUDA,GEMM_Adam_CUDA,data_transfer,GPU,10,-1953955840,Adam,0.001,0.9,0.999,1e-08,8.74806,0,0.0215704
2026-03-12-21-12-44,NVIDIA GeForce GTX 970,CUDA,GEMM_Adam_CUDA,compute,GPU,10,-1953955840,Adam,0.001,0.9,0.999,1e-08,1.77622,0,0.0215704
2026-03-12-21-12-45,NVIDIA GeForce GTX 970,CUDA,GEMM_Adam_CUDA,data_transfer,GPU,10,-1953955840,Adam,0.001,0.9,0.999,1e-08,8.83478,0,0.0198835
2026-03-12-21-12-45,NVIDIA GeForce GTX 970,CUDA,GEMM_Adam_CUDA,compute,GPU,10,-1953955840,Adam,0.001,0.9,0.999,1e-08,1.78643,0,0.0198835
2026-03-12-21-12-46,NVIDIA GeForce GTX 970,CUDA,GEMM_Adam_CUDA,data_transfer,GPU,10,-1953955840,Adam,0.001,0.9,0.999,1e-08,8.784,0,0.0182851
2026-03-12-21-12-46,NVIDIA GeForce GTX 970,CUDA,GEMM_Adam_CUDA,compute,GPU,10,-1953955840,Adam,0.001,0.9,0.999,1e-08,1.7857,0,0.0182851
2026-03-12-21-16-03,CUDA,GEMM_Adam_CUDA,data_transfer,GPU,10,1048723456,Adam,0.001,0.9,0.999,1e-08,4.18064,0,0
2026-03-12-21-16-03,CUDA,GEMM_Adam_CUDA,compute,GPU,10,1048723456,Adam,0.001,0.9,0.999,1e-08,2.4951,0,0
2026-03-12-21-16-08,CUDA,GEMM_Adam_CUDA,data_transfer,GPU,10,1048723456,Adam,0.001,0.9,0.999,1e-08,4.02992,0,0.0224746
2026-03-12-21-16-08,CUDA,GEMM_Adam_CUDA,compute,GPU,10,1048723456,Adam,0.001,0.9,0.999,1e-08,2.37987,0,0.0224746
2026-03-12-21-16-13,CUDA,GEMM_Adam_CUDA,data_transfer,GPU,10,1048723456,Adam,0.001,0.9,0.999,1e-08,3.80717,0,0.0212222
2026-03-12-21-16-13,CUDA,GEMM_Adam_CUDA,compute,GPU,10,1048723456,Adam,0.001,0.9,0.999,1e-08,2.38157,0,0.0212222
2026-03-12-21-16-19,CUDA,GEMM_Adam_CUDA,data_transfer,GPU,10,1048723456,Adam,0.001,0.9,0.999,1e-08,3.87101,0,0.0200131
2026-03-12-21-16-19,CUDA,GEMM_Adam_CUDA,compute,GPU,10,1048723456,Adam,0.001,0.9,0.999,1e-08,2.36957,0,0.0200131
2026-03-12-21-16-24,CUDA,GEMM_Adam_CUDA,data_transfer,GPU,10,1048723456,Adam,0.001,0.9,0.999,1e-08,4.41299,0,0.0188475
2026-03-12-21-16-24,CUDA,GEMM_Adam_CUDA,compute,GPU,10,1048723456,Adam,0.001,0.9,0.999,1e-08,2.38134,0,0.0188475
2026-03-12-21-16-29,CUDA,GEMM_Adam_CUDA,data_transfer,GPU,10,1048723456,Adam,0.001,0.9,0.999,1e-08,3.87446,0,0.0177258
2026-03-12-21-16-29,CUDA,GEMM_Adam_CUDA,compute,GPU,10,1048723456,Adam,0.001,0.9,0.999,1e-08,2.37706,0,0.0177258
2026-03-12-21-16-35,CUDA,GEMM_Adam_CUDA,data_transfer,GPU,10,1048723456,Adam,0.001,0.9,0.999,1e-08,3.86077,0,0.0166481
2026-03-12-21-16-35,CUDA,GEMM_Adam_CUDA,compute,GPU,10,1048723456,Adam,0.001,0.9,0.999,1e-08,2.37354,0,0.0166481
2026-03-12-21-16-40,CUDA,GEMM_Adam_CUDA,data_transfer,GPU,10,1048723456,Adam,0.001,0.9,0.999,1e-08,3.8575,0,0.0156143
2026-03-12-21-16-40,CUDA,GEMM_Adam_CUDA,compute,GPU,10,1048723456,Adam,0.001,0.9,0.999,1e-08,2.37283,0,0.0156143
2026-03-12-21-16-45,CUDA,GEMM_Adam_CUDA,data_transfer,GPU,10,1048723456,Adam,0.001,0.9,0.999,1e-08,3.93325,0,0.0146243
2026-03-12-21-16-45,CUDA,GEMM_Adam_CUDA,compute,GPU,10,1048723456,Adam,0.001,0.9,0.999,1e-08,2.38285,0,0.0146243
2026-03-12-21-16-51,CUDA,GEMM_Adam_CUDA,data_transfer,GPU,10,1048723456,Adam,0.001,0.9,0.999,1e-08,3.87293,0,0.0136779
2026-03-12-21-16-51,CUDA,GEMM_Adam_CUDA,compute,GPU,10,1048723456,Adam,0.001,0.9,0.999,1e-08,2.37187,0,0.01367792026-03-12-21-36-06,NVIDIA GeForce GTX 970,CUDA,GEMM_Adam_CUDA,data_transfer,GPU,10,-1953955840,Adam,0.001,0.9,0.999,1e-08,8.65869,0,02026-03-12-21-42-48,NVIDIA GeForce GTX 970,CUDA,GEMM_Adam_CUDA,data_transfer,GPU,10,-1953955840,Adam,0.001,0.9,0.999,1e-08,8.60406,0,02026-03-12-21-48-48,NVIDIA GeForce GTX 970,CUDA,GEMM_Adam_CUDA,data_transfer,GPU,10,-1953955840,Adam,0.001,0.9,0.999,1e-08,8.6615,0,0
2026-03-12-21-50-11,NVIDIA GeForce GTX 970,CUDA,GEMM_Adam_CUDA,data_transfer,GPU,10,2341011456,Adam,0.001,0.9,0.999,1e-08,9.02243,0,0
2026-03-12-21-50-11,NVIDIA GeForce GTX 970,CUDA,GEMM_Adam_CUDA,compute,GPU,10,2341011456,Adam,0.001,0.9,0.999,1e-08,1.83136,0,0
2026-03-12-21-50-12,NVIDIA GeForce GTX 970,CUDA,GEMM_Adam_CUDA,data_transfer,GPU,10,2341011456,Adam,0.001,0.9,0.999,1e-08,9.10806,0,0.0335697
2026-03-12-21-50-12,NVIDIA GeForce GTX 970,CUDA,GEMM_Adam_CUDA,compute,GPU,10,2341011456,Adam,0.001,0.9,0.999,1e-08,1.79786,0,0.0335697
2026-03-12-21-50-13,NVIDIA GeForce GTX 970,CUDA,GEMM_Adam_CUDA,data_transfer,GPU,10,2341011456,Adam,0.001,0.9,0.999,1e-08,9.05011,0,0.0313473
2026-03-12-21-50-13,NVIDIA GeForce GTX 970,CUDA,GEMM_Adam_CUDA,compute,GPU,10,2341011456,Adam,0.001,0.9,0.999,1e-08,2.04227,0,0.0313473
2026-03-12-21-50-14,NVIDIA GeForce GTX 970,CUDA,GEMM_Adam_CUDA,data_transfer,GPU,10,2341011456,Adam,0.001,0.9,0.999,1e-08,8.96144,0,0.0292132
2026-03-12-21-50-14,NVIDIA GeForce GTX 970,CUDA,GEMM_Adam_CUDA,compute,GPU,10,2341011456,Adam,0.001,0.9,0.999,1e-08,1.76464,0,0.0292132
2026-03-12-21-50-14,NVIDIA GeForce GTX 970,CUDA,GEMM_Adam_CUDA,data_transfer,GPU,10,2341011456,Adam,0.001,0.9,0.999,1e-08,8.83523,0,0.027168
2026-03-12-21-50-14,NVIDIA GeForce GTX 970,CUDA,GEMM_Adam_CUDA,compute,GPU,10,2341011456,Adam,0.001,0.9,0.999,1e-08,1.76154,0,0.027168
2026-03-12-21-50-15,NVIDIA GeForce GTX 970,CUDA,GEMM_Adam_CUDA,data_transfer,GPU,10,2341011456,Adam,0.001,0.9,0.999,1e-08,9.85242,0,0.0252124
2026-03-12-21-50-15,NVIDIA GeForce GTX 970,CUDA,GEMM_Adam_CUDA,compute,GPU,10,2341011456,Adam,0.001,0.9,0.999,1e-08,1.76541,0,0.0252124
2026-03-12-21-50-16,NVIDIA GeForce GTX 970,CUDA,GEMM_Adam_CUDA,data_transfer,GPU,10,2341011456,Adam,0.001,0.9,0.999,1e-08,8.89274,0,0.0233466
2026-03-12-21-50-16,NVIDIA GeForce GTX 970,CUDA,GEMM_Adam_CUDA,compute,GPU,10,2341011456,Adam,0.001,0.9,0.999,1e-08,1.7864,0,0.0233466
2026-03-12-21-50-17,NVIDIA GeForce GTX 970,CUDA,GEMM_Adam_CUDA,data_transfer,GPU,10,2341011456,Adam,0.001,0.9,0.999,1e-08,8.80698,0,0.0215704
2026-03-12-21-50-17,NVIDIA GeForce GTX 970,CUDA,GEMM_Adam_CUDA,compute,GPU,10,2341011456,Adam,0.001,0.9,0.999,1e-08,1.78374,0,0.0215704
2026-03-12-21-50-17,NVIDIA GeForce GTX 970,CUDA,GEMM_Adam_CUDA,data_transfer,GPU,10,2341011456,Adam,0.001,0.9,0.999,1e-08,9.92874,0,0.0198835
2026-03-12-21-50-17,NVIDIA GeForce GTX 970,CUDA,GEMM_Adam_CUDA,compute,GPU,10,2341011456,Adam,0.001,0.9,0.999,1e-08,1.78995,0,0.0198835
2026-03-12-21-50-18,NVIDIA GeForce GTX 970,CUDA,GEMM_Adam_CUDA,data_transfer,GPU,10,2341011456,Adam,0.001,0.9,0.999,1e-08,9.46141,0,0.0182851
2026-03-12-21-50-18,NVIDIA GeForce GTX 970,CUDA,GEMM_Adam_CUDA,compute,GPU,10,2341011456,Adam,0.001,0.9,0.999,1e-08,1.78432,0,0.0182851
2026-03-12-21-52-31,NVIDIA GeForce GTX 970,CUDA,GEMM_Adam_CUDA,data_transfer,GPU,10,2341011456,Adam,0.001,0.9,0.999,1e-08,9.09133,0,0
2026-03-12-21-52-31,NVIDIA GeForce GTX 970,CUDA,GEMM_Adam_CUDA,compute,GPU,10,2341011456,Adam,0.001,0.9,0.999,1e-08,1.81856,0,0
2026-03-12-21-52-31,NVIDIA GeForce GTX 970,CUDA,GEMM_Adam_CUDA,data_transfer,GPU,10,2341011456,Adam,0.001,0.9,0.999,1e-08,9.0968,0,0.0335697
2026-03-12-21-52-31,NVIDIA GeForce GTX 970,CUDA,GEMM_Adam_CUDA,compute,GPU,10,2341011456,Adam,0.001,0.9,0.999,1e-08,1.79178,0,0.0335697
2026-03-12-21-52-32,NVIDIA GeForce GTX 970,CUDA,GEMM_Adam_CUDA,data_transfer,GPU,10,2341011456,Adam,0.001,0.9,0.999,1e-08,10.9926,0,0.0313473
2026-03-12-21-52-32,NVIDIA GeForce GTX 970,CUDA,GEMM_Adam_CUDA,compute,GPU,10,2341011456,Adam,0.001,0.9,0.999,1e-08,1.80384,0,0.0313473
2026-03-12-21-52-33,NVIDIA GeForce GTX 970,CUDA,GEMM_Adam_CUDA,data_transfer,GPU,10,2341011456,Adam,0.001,0.9,0.999,1e-08,8.91606,0,0.0292132
2026-03-12-21-52-33,NVIDIA GeForce GTX 970,CUDA,GEMM_Adam_CUDA,compute,GPU,10,2341011456,Adam,0.001,0.9,0.999,1e-08,1.76051,0,0.0292132
2026-03-12-21-52-34,NVIDIA GeForce GTX 970,CUDA,GEMM_Adam_CUDA,data_transfer,GPU,10,2341011456,Adam,0.001,0.9,0.999,1e-08,9.13555,0,0.027168
2026-03-12-21-52-34,NVIDIA GeForce GTX 970,CUDA,GEMM_Adam_CUDA,compute,GPU,10,2341011456,Adam,0.001,0.9,0.999,1e-08,1.77674,0,0.027168
2026-03-12-21-52-35,NVIDIA GeForce GTX 970,CUDA,GEMM_Adam_CUDA,data_transfer,GPU,10,2341011456,Adam,0.001,0.9,0.999,1e-08,9.22982,0,0.0252124
2026-03-12-21-52-35,NVIDIA GeForce GTX 970,CUDA,GEMM_Adam_CUDA,compute,GPU,10,2341011456,Adam,0.001,0.9,0.999,1e-08,1.79744,0,0.0252124
2026-03-12-21-52-36,NVIDIA GeForce GTX 970,CUDA,GEMM_Adam_CUDA,data_transfer,GPU,10,2341011456,Adam,0.001,0.9,0.999,1e-08,8.81024,0,0.0233466
2026-03-12-21-52-36,NVIDIA GeForce GTX 970,CUDA,GEMM_Adam_CUDA,compute,GPU,10,2341011456,Adam,0.001,0.9,0.999,1e-08,2.03597,0,0.0233466
2026-03-12-21-52-36,NVIDIA GeForce GTX 970,CUDA,GEMM_Adam_CUDA,data_transfer,GPU,10,2341011456,Adam,0.001,0.9,0.999,1e-08,9.32099,0,0.0215704
2026-03-12-21-52-36,NVIDIA GeForce GTX 970,CUDA,GEMM_Adam_CUDA,compute,GPU,10,2341011456,Adam,0.001,0.9,0.999,1e-08,2.20464,0,0.0215704
2026-03-12-21-52-37,NVIDIA GeForce GTX 970,CUDA,GEMM_Adam_CUDA,data_transfer,GPU,10,2341011456,Adam,0.001,0.9,0.999,1e-08,9.03885,0,0.0198835
2026-03-12-21-52-37,NVIDIA GeForce GTX 970,CUDA,GEMM_Adam_CUDA,compute,GPU,10,2341011456,Adam,0.001,0.9,0.999,1e-08,2.06054,0,0.0198835
2026-03-12-21-52-38,NVIDIA GeForce GTX 970,CUDA,GEMM_Adam_CUDA,data_transfer,GPU,10,2341011456,Adam,0.001,0.9,0.999,1e-08,9.5329,0,0.0182851
2026-03-12-21-52-38,NVIDIA GeForce GTX 970,CUDA,GEMM_Adam_CUDA,compute,GPU,10,2341011456,Adam,0.001,0.9,0.999,1e-08,2.02957,0,0.0182851
2026-03-12-21-52-39,NVIDIA GeForce GTX 970,CUDA,GEMM_Adam_CUDA,data_transfer,GPU,10,2341011456,Adam,0.001,0.9,0.999,1e-08,9.02544,0,0
2026-03-12-21-52-39,NVIDIA GeForce GTX 970,CUDA,GEMM_Adam_CUDA,compute,GPU,10,2341011456,Adam,0.001,0.9,0.999,1e-08,1.86893,0,0
2026-03-12-21-52-40,NVIDIA GeForce GTX 970,CUDA,GEMM_Adam_CUDA,data_transfer,GPU,10,2341011456,Adam,0.001,0.9,0.999,1e-08,9.55472,0,0.0335697
2026-03-12-21-52-40,NVIDIA GeForce GTX 970,CUDA,GEMM_Adam_CUDA,compute,GPU,10,2341011456,Adam,0.001,0.9,0.999,1e-08,1.77014,0,0.0335697
2026-03-12-21-52-41,NVIDIA GeForce GTX 970,CUDA,GEMM_Adam_CUDA,data_transfer,GPU,10,2341011456,Adam,0.001,0.9,0.999,1e-08,9.24918,0,0.0313473
2026-03-12-21-52-41,NVIDIA GeForce GTX 970,CUDA,GEMM_Adam_CUDA,compute,GPU,10,2341011456,Adam,0.001,0.9,0.999,1e-08,1.8079,0,0.0313473
2026-03-12-21-52-41,NVIDIA GeForce GTX 970,CUDA,GEMM_Adam_CUDA,data_transfer,GPU,10,2341011456,Adam,0.001,0.9,0.999,1e-08,9.97446,0,0.0292132
2026-03-12-21-52-41,NVIDIA GeForce GTX 970,CUDA,GEMM_Adam_CUDA,compute,GPU,10,2341011456,Adam,0.001,0.9,0.999,1e-08,2.10192,0,0.0292132
2026-03-12-21-52-42,NVIDIA GeForce GTX 970,CUDA,GEMM_Adam_CUDA,data_transfer,GPU,10,2341011456,Adam,0.001,0.9,0.999,1e-08,9.21882,0,0.027168
2026-03-12-21-52-42,NVIDIA GeForce GTX 970,CUDA,GEMM_Adam_CUDA,compute,GPU,10,2341011456,Adam,0.001,0.9,0.999,1e-08,1.80144,0,0.027168
2026-03-12-21-52-43,NVIDIA GeForce GTX 970,CUDA,GEMM_Adam_CUDA,data_transfer,GPU,10,2341011456,Adam,0.001,0.9,0.999,1e-08,9.44419,0,0.0252124
2026-03-12-21-52-43,NVIDIA GeForce GTX 970,CUDA,GEMM_Adam_CUDA,compute,GPU,10,2341011456,Adam,0.001,0.9,0.999,1e-08,1.78733,0,0.0252124
2026-03-12-21-52-44,NVIDIA GeForce GTX 970,CUDA,GEMM_Adam_CUDA,data_transfer,GPU,10,2341011456,Adam,0.001,0.9,0.999,1e-08,9.33043,0,0.0233466
2026-03-12-21-52-44,NVIDIA GeForce GTX 970,CUDA,GEMM_Adam_CUDA,compute,GPU,10,2341011456,Adam,0.001,0.9,0.999,1e-08,1.75981,0,0.0233466
2026-03-12-21-52-44,NVIDIA GeForce GTX 970,CUDA,GEMM_Adam_CUDA,data_transfer,GPU,10,2341011456,Adam,0.001,0.9,0.999,1e-08,9.24525,0,0.0215704
2026-03-12-21-52-44,NVIDIA GeForce GTX 970,CUDA,GEMM_Adam_CUDA,compute,GPU,10,2341011456,Adam,0.001,0.9,0.999,1e-08,1.80211,0,0.0215704
2026-03-12-21-52-45,NVIDIA GeForce GTX 970,CUDA,GEMM_Adam_CUDA,data_transfer,GPU,10,2341011456,Adam,0.001,0.9,0.999,1e-08,9.14294,0,0.0198835
2026-03-12-21-52-45,NVIDIA GeForce GTX 970,CUDA,GEMM_Adam_CUDA,compute,GPU,10,2341011456,Adam,0.001,0.9,0.999,1e-08,1.76042,0,0.0198835
2026-03-12-21-52-46,NVIDIA GeForce GTX 970,CUDA,GEMM_Adam_CUDA,data_transfer,GPU,10,2341011456,Adam,0.001,0.9,0.999,1e-08,9.82528,0,0.0182851
2026-03-12-21-52-46,NVIDIA GeForce GTX 970,CUDA,GEMM_Adam_CUDA,compute,GPU,10,2341011456,Adam,0.001,0.9,0.999,1e-08,2.09206,0,0.0182851
2026-03-12-21-53-32,NVIDIA GeForce GTX 970,CUDA,GEMM_Adam_CUDA,data_transfer,GPU,10,4145299456,Adam,0.001,0.9,0.999,1e-08,15.2508,0,0
2026-03-12-21-53-32,NVIDIA GeForce GTX 970,CUDA,GEMM_Adam_CUDA,compute,GPU,10,4145299456,Adam,0.001,0.9,0.999,1e-08,3.17203,0,0
2026-03-12-21-53-33,NVIDIA GeForce GTX 970,CUDA,GEMM_Adam_CUDA,data_transfer,GPU,10,4145299456,Adam,0.001,0.9,0.999,1e-08,15.4888,0,0.044708
2026-03-12-21-53-33,NVIDIA GeForce GTX 970,CUDA,GEMM_Adam_CUDA,compute,GPU,10,4145299456,Adam,0.001,0.9,0.999,1e-08,3.10102,0,0.044708
2026-03-12-21-53-34,NVIDIA GeForce GTX 970,CUDA,GEMM_Adam_CUDA,data_transfer,GPU,10,4145299456,Adam,0.001,0.9,0.999,1e-08,15.8943,0,0.0413558
2026-03-12-21-53-34,NVIDIA GeForce GTX 970,CUDA,GEMM_Adam_CUDA,compute,GPU,10,4145299456,Adam,0.001,0.9,0.999,1e-08,3.12966,0,0.0413558
2026-03-12-21-53-35,NVIDIA GeForce GTX 970,CUDA,GEMM_Adam_CUDA,data_transfer,GPU,10,4145299456,Adam,0.001,0.9,0.999,1e-08,15.7878,0,0.0381521
2026-03-12-21-53-35,NVIDIA GeForce GTX 970,CUDA,GEMM_Adam_CUDA,compute,GPU,10,4145299456,Adam,0.001,0.9,0.999,1e-08,3.12541,0,0.0381521
2026-03-12-21-53-37,NVIDIA GeForce GTX 970,CUDA,GEMM_Adam_CUDA,data_transfer,GPU,10,4145299456,Adam,0.001,0.9,0.999,1e-08,17.6367,0,0.0350981
2026-03-12-21-53-37,NVIDIA GeForce GTX 970,CUDA,GEMM_Adam_CUDA,compute,GPU,10,4145299456,Adam,0.001,0.9,0.999,1e-08,3.09187,0,0.0350981
2026-03-12-21-53-38,NVIDIA GeForce GTX 970,CUDA,GEMM_Adam_CUDA,data_transfer,GPU,10,4145299456,Adam,0.001,0.9,0.999,1e-08,17.5557,0,0.0321947
2026-03-12-21-53-38,NVIDIA GeForce GTX 970,CUDA,GEMM_Adam_CUDA,compute,GPU,10,4145299456,Adam,0.001,0.9,0.999,1e-08,3.11232,0,0.0321947
2026-03-12-21-53-40,NVIDIA GeForce GTX 970,CUDA,GEMM_Adam_CUDA,data_transfer,GPU,10,4145299456,Adam,0.001,0.9,0.999,1e-08,15.3933,0,0.0294422
2026-03-12-21-53-40,NVIDIA GeForce GTX 970,CUDA,GEMM_Adam_CUDA,compute,GPU,10,4145299456,Adam,0.001,0.9,0.999,1e-08,3.37238,0,0.0294422
2026-03-12-21-53-41,NVIDIA GeForce GTX 970,CUDA,GEMM_Adam_CUDA,data_transfer,GPU,10,4145299456,Adam,0.001,0.9,0.999,1e-08,16.7432,0,0.0268402
2026-03-12-21-53-41,NVIDIA GeForce GTX 970,CUDA,GEMM_Adam_CUDA,compute,GPU,10,4145299456,Adam,0.001,0.9,0.999,1e-08,3.09734,0,0.0268402
2026-03-12-21-53-42,NVIDIA GeForce GTX 970,CUDA,GEMM_Adam_CUDA,data_transfer,GPU,10,4145299456,Adam,0.001,0.9,0.999,1e-08,16.1508,0,0.0243879
2026-03-12-21-53-42,NVIDIA GeForce GTX 970,CUDA,GEMM_Adam_CUDA,compute,GPU,10,4145299456,Adam,0.001,0.9,0.999,1e-08,3.14483,0,0.0243879
2026-03-12-21-53-44,NVIDIA GeForce GTX 970,CUDA,GEMM_Adam_CUDA,data_transfer,GPU,10,4145299456,Adam,0.001,0.9,0.999,1e-08,16.6153,0,0.0220838
2026-03-12-21-53-44,NVIDIA GeForce GTX 970,CUDA,GEMM_Adam_CUDA,compute,GPU,10,4145299456,Adam,0.001,0.9,0.999,1e-08,3.23565,0,0.0220838
2026-03-12-21-53-46,NVIDIA GeForce GTX 970,CUDA,GEMM_Adam_CUDA,data_transfer,GPU,10,4145299456,Adam,0.001,0.9,0.999,1e-08,15.3129,0,0
2026-03-12-21-53-46,NVIDIA GeForce GTX 970,CUDA,GEMM_Adam_CUDA,compute,GPU,10,4145299456,Adam,0.001,0.9,0.999,1e-08,3.1801,0,0
2026-03-12-21-53-48,NVIDIA GeForce GTX 970,CUDA,GEMM_Adam_CUDA,data_transfer,GPU,10,4145299456,Adam,0.001,0.9,0.999,1e-08,15.3122,0,0.044708
2026-03-12-21-53-48,NVIDIA GeForce GTX 970,CUDA,GEMM_Adam_CUDA,compute,GPU,10,4145299456,Adam,0.001,0.9,0.999,1e-08,3.15907,0,0.044708
2026-03-12-21-53-49,NVIDIA GeForce GTX 970,CUDA,GEMM_Adam_CUDA,data_transfer,GPU,10,4145299456,Adam,0.001,0.9,0.999,1e-08,15.5051,0,0.0413558
2026-03-12-21-53-49,NVIDIA GeForce GTX 970,CUDA,GEMM_Adam_CUDA,compute,GPU,10,4145299456,Adam,0.001,0.9,0.999,1e-08,3.13053,0,0.0413558
2026-03-12-21-53-51,NVIDIA GeForce GTX 970,CUDA,GEMM_Adam_CUDA,data_transfer,GPU,10,4145299456,Adam,0.001,0.9,0.999,1e-08,16.1626,0,0.0381521
2026-03-12-21-53-51,NVIDIA GeForce GTX 970,CUDA,GEMM_Adam_CUDA,compute,GPU,10,4145299456,Adam,0.001,0.9,0.999,1e-08,3.08598,0,0.0381521
2026-03-12-21-53-52,NVIDIA GeForce GTX 970,CUDA,GEMM_Adam_CUDA,data_transfer,GPU,10,4145299456,Adam,0.001,0.9,0.999,1e-08,15.362,0,0.0350981
2026-03-12-21-53-52,NVIDIA GeForce GTX 970,CUDA,GEMM_Adam_CUDA,compute,GPU,10,4145299456,Adam,0.001,0.9,0.999,1e-08,3.1399,0,0.0350981
2026-03-12-21-53-54,NVIDIA GeForce GTX 970,CUDA,GEMM_Adam_CUDA,data_transfer,GPU,10,4145299456,Adam,0.001,0.9,0.999,1e-08,16.2767,0,0.0321947
2026-03-12-21-53-54,NVIDIA GeForce GTX 970,CUDA,GEMM_Adam_CUDA,compute,GPU,10,4145299456,Adam,0.001,0.9,0.999,1e-08,3.08768,0,0.0321947
2026-03-12-21-53-55,NVIDIA GeForce GTX 970,CUDA,GEMM_Adam_CUDA,data_transfer,GPU,10,4145299456,Adam,0.001,0.9,0.999,1e-08,16.5416,0,0.0294422
2026-03-12-21-53-55,NVIDIA GeForce GTX 970,CUDA,GEMM_Adam_CUDA,compute,GPU,10,4145299456,Adam,0.001,0.9,0.999,1e-08,3.09968,0,0.0294422
2026-03-12-21-53-56,NVIDIA GeForce GTX 970,CUDA,GEMM_Adam_CUDA,data_transfer,GPU,10,4145299456,Adam,0.001,0.9,0.999,1e-08,15.9651,0,0.0268402
2026-03-12-21-53-56,NVIDIA GeForce GTX 970,CUDA,GEMM_Adam_CUDA,compute,GPU,10,4145299456,Adam,0.001,0.9,0.999,1e-08,3.1384,0,0.0268402
2026-03-12-21-53-58,NVIDIA GeForce GTX 970,CUDA,GEMM_Adam_CUDA,data_transfer,GPU,10,4145299456,Adam,0.001,0.9,0.999,1e-08,15.2802,0,0.0243879
2026-03-12-21-53-58,NVIDIA GeForce GTX 970,CUDA,GEMM_Adam_CUDA,compute,GPU,10,4145299456,Adam,0.001,0.9,0.999,1e-08,3.1183,0,0.0243879
2026-03-12-21-53-59,NVIDIA GeForce GTX 970,CUDA,GEMM_Adam_CUDA,data_transfer,GPU,10,4145299456,Adam,0.001,0.9,0.999,1e-08,16.4981,0,0.0220838
2026-03-12-21-53-59,NVIDIA GeForce GTX 970,CUDA,GEMM_Adam_CUDA,compute,GPU,10,4145299456,Adam,0.001,0.9,0.999,1e-08,3.4801,0,0.0220838
2026-03-12-21-54-02,NVIDIA GeForce GTX 970,CUDA,GEMM_Adam_CUDA,data_transfer,GPU,10,4145299456,Adam,0.001,0.9,0.999,1e-08,15.052,0,0
2026-03-12-21-54-02,NVIDIA GeForce GTX 970,CUDA,GEMM_Adam_CUDA,compute,GPU,10,4145299456,Adam,0.001,0.9,0.999,1e-08,3.16922,0,0
2026-03-12-21-54-03,NVIDIA GeForce GTX 970,CUDA,GEMM_Adam_CUDA,data_transfer,GPU,10,4145299456,Adam,0.001,0.9,0.999,1e-08,15.6633,0,0.044708
2026-03-12-21-54-03,NVIDIA GeForce GTX 970,CUDA,GEMM_Adam_CUDA,compute,GPU,10,4145299456,Adam,0.001,0.9,0.999,1e-08,3.38947,0,0.044708
2026-03-12-21-54-05,NVIDIA GeForce GTX 970,CUDA,GEMM_Adam_CUDA,data_transfer,GPU,10,4145299456,Adam,0.001,0.9,0.999,1e-08,15.9824,0,0.0413558
2026-03-12-21-54-05,NVIDIA GeForce GTX 970,CUDA,GEMM_Adam_CUDA,compute,GPU,10,4145299456,Adam,0.001,0.9,0.999,1e-08,3.13482,0,0.0413558
2026-03-12-21-54-07,NVIDIA GeForce GTX 970,CUDA,GEMM_Adam_CUDA,data_transfer,GPU,10,4145299456,Adam,0.001,0.9,0.999,1e-08,15.6607,0,0.0381521
2026-03-12-21-54-07,NVIDIA GeForce GTX 970,CUDA,GEMM_Adam_CUDA,compute,GPU,10,4145299456,Adam,0.001,0.9,0.999,1e-08,3.11702,0,0.0381521
2026-03-12-21-54-08,NVIDIA GeForce GTX 970,CUDA,GEMM_Adam_CUDA,data_transfer,GPU,10,4145299456,Adam,0.001,0.9,0.999,1e-08,15.1003,0,0.0350981
2026-03-12-21-54-08,NVIDIA GeForce GTX 970,CUDA,GEMM_Adam_CUDA,compute,GPU,10,4145299456,Adam,0.001,0.9,0.999,1e-08,3.1249,0,0.0350981
2026-03-12-21-54-10,NVIDIA GeForce GTX 970,CUDA,GEMM_Adam_CUDA,data_transfer,GPU,10,4145299456,Adam,0.001,0.9,0.999,1e-08,15.0981,0,0.0321947
2026-03-12-21-54-10,NVIDIA GeForce GTX 970,CUDA,GEMM_Adam_CUDA,compute,GPU,10,4145299456,Adam,0.001,0.9,0.999,1e-08,3.08698,0,0.0321947
2026-03-12-21-54-11,NVIDIA GeForce GTX 970,CUDA,GEMM_Adam_CUDA,data_transfer,GPU,10,4145299456,Adam,0.001,0.9,0.999,1e-08,15.9435,0,0.0294422
2026-03-12-21-54-11,NVIDIA GeForce GTX 970,CUDA,GEMM_Adam_CUDA,compute,GPU,10,4145299456,Adam,0.001,0.9,0.999,1e-08,3.47805,0,0.0294422
2026-03-12-21-54-13,NVIDIA GeForce GTX 970,CUDA,GEMM_Adam_CUDA,data_transfer,GPU,10,4145299456,Adam,0.001,0.9,0.999,1e-08,21.7112,0,0.0268402
2026-03-12-21-54-13,NVIDIA GeForce GTX 970,CUDA,GEMM_Adam_CUDA,compute,GPU,10,4145299456,Adam,0.001,0.9,0.999,1e-08,3.13142,0,0.0268402
2026-03-12-21-54-15,NVIDIA GeForce GTX 970,CUDA,GEMM_Adam_CUDA,data_transfer,GPU,10,4145299456,Adam,0.001,0.9,0.999,1e-08,16.7704,0,0.0243879
2026-03-12-21-54-15,NVIDIA GeForce GTX 970,CUDA,GEMM_Adam_CUDA,compute,GPU,10,4145299456,Adam,0.001,0.9,0.999,1e-08,3.10256,0,0.0243879
2026-03-12-21-54-17,NVIDIA GeForce GTX 970,CUDA,GEMM_Adam_CUDA,data_transfer,GPU,10,4145299456,Adam,0.001,0.9,0.999,1e-08,15.3231,0,0.0220838
2026-03-12-21-54-17,NVIDIA GeForce GTX 970,CUDA,GEMM_Adam_CUDA,compute,GPU,10,4145299456,Adam,0.001,0.9,0.999,1e-08,3.14784,0,0.0220838
2026-03-12-21-54-43,NVIDIA GeForce GTX 970,CUDA,GEMM_Adam_CUDA,data_transfer,GPU,10,6461587456,Adam,0.001,0.9,0.999,1e-08,23.9593,0,0
2026-03-12-21-54-43,NVIDIA GeForce GTX 970,CUDA,GEMM_Adam_CUDA,compute,GPU,10,6461587456,Adam,0.001,0.9,0.999,1e-08,4.89811,0,0
2026-03-12-21-54-45,NVIDIA GeForce GTX 970,CUDA,GEMM_Adam_CUDA,data_transfer,GPU,10,6461587456,Adam,0.001,0.9,0.999,1e-08,24.1264,0,0.0557353
2026-03-12-21-54-45,NVIDIA GeForce GTX 970,CUDA,GEMM_Adam_CUDA,compute,GPU,10,6461587456,Adam,0.001,0.9,0.999,1e-08,4.85443,0,0.0557353
2026-03-12-21-54-47,NVIDIA GeForce GTX 970,CUDA,GEMM_Adam_CUDA,data_transfer,GPU,10,6461587456,Adam,0.001,0.9,0.999,1e-08,23.8588,0,0.0511177
2026-03-12-21-54-47,NVIDIA GeForce GTX 970,CUDA,GEMM_Adam_CUDA,compute,GPU,10,6461587456,Adam,0.001,0.9,0.999,1e-08,4.8712,0,0.0511177
2026-03-12-21-54-49,NVIDIA GeForce GTX 970,CUDA,GEMM_Adam_CUDA,data_transfer,GPU,10,6461587456,Adam,0.001,0.9,0.999,1e-08,23.9552,0,0.0467242
2026-03-12-21-54-49,NVIDIA GeForce GTX 970,CUDA,GEMM_Adam_CUDA,compute,GPU,10,6461587456,Adam,0.001,0.9,0.999,1e-08,4.84022,0,0.0467242
2026-03-12-21-54-51,NVIDIA GeForce GTX 970,CUDA,GEMM_Adam_CUDA,data_transfer,GPU,10,6461587456,Adam,0.001,0.9,0.999,1e-08,24.3928,0,0.0425569
2026-03-12-21-54-51,NVIDIA GeForce GTX 970,CUDA,GEMM_Adam_CUDA,compute,GPU,10,6461587456,Adam,0.001,0.9,0.999,1e-08,4.86192,0,0.0425569
2026-03-12-21-54-53,NVIDIA GeForce GTX 970,CUDA,GEMM_Adam_CUDA,data_transfer,GPU,10,6461587456,Adam,0.001,0.9,0.999,1e-08,23.9637,0,0.0386169
2026-03-12-21-54-53,NVIDIA GeForce GTX 970,CUDA,GEMM_Adam_CUDA,compute,GPU,10,6461587456,Adam,0.001,0.9,0.999,1e-08,4.82922,0,0.0386169
2026-03-12-21-54-55,NVIDIA GeForce GTX 970,CUDA,GEMM_Adam_CUDA,data_transfer,GPU,10,6461587456,Adam,0.001,0.9,0.999,1e-08,23.7398,0,0.0349044
2026-03-12-21-54-55,NVIDIA GeForce GTX 970,CUDA,GEMM_Adam_CUDA,compute,GPU,10,6461587456,Adam,0.001,0.9,0.999,1e-08,4.85578,0,0.0349044
2026-03-12-21-54-58,NVIDIA GeForce GTX 970,CUDA,GEMM_Adam_CUDA,data_transfer,GPU,10,6461587456,Adam,0.001,0.9,0.999,1e-08,24.5626,0,0.0314187
2026-03-12-21-54-58,NVIDIA GeForce GTX 970,CUDA,GEMM_Adam_CUDA,compute,GPU,10,6461587456,Adam,0.001,0.9,0.999,1e-08,4.83667,0,0.0314187
2026-03-12-21-55-00,NVIDIA GeForce GTX 970,CUDA,GEMM_Adam_CUDA,data_transfer,GPU,10,6461587456,Adam,0.001,0.9,0.999,1e-08,23.1301,0,0.0281581
2026-03-12-21-55-00,NVIDIA GeForce GTX 970,CUDA,GEMM_Adam_CUDA,compute,GPU,10,6461587456,Adam,0.001,0.9,0.999,1e-08,4.84022,0,0.0281581
2026-03-12-21-55-03,NVIDIA GeForce GTX 970,CUDA,GEMM_Adam_CUDA,data_transfer,GPU,10,6461587456,Adam,0.001,0.9,0.999,1e-08,23.4818,0,0.0251202
2026-03-12-21-55-03,NVIDIA GeForce GTX 970,CUDA,GEMM_Adam_CUDA,compute,GPU,10,6461587456,Adam,0.001,0.9,0.999,1e-08,4.81251,0,0.0251202
2026-03-12-21-55-07,NVIDIA GeForce GTX 970,CUDA,GEMM_Adam_CUDA,data_transfer,GPU,10,6461587456,Adam,0.001,0.9,0.999,1e-08,23.8291,0,0
2026-03-12-21-55-07,NVIDIA GeForce GTX 970,CUDA,GEMM_Adam_CUDA,compute,GPU,10,6461587456,Adam,0.001,0.9,0.999,1e-08,4.84806,0,0
2026-03-12-21-55-09,NVIDIA GeForce GTX 970,CUDA,GEMM_Adam_CUDA,data_transfer,GPU,10,6461587456,Adam,0.001,0.9,0.999,1e-08,23.3356,0,0.0557353
2026-03-12-21-55-09,NVIDIA GeForce GTX 970,CUDA,GEMM_Adam_CUDA,compute,GPU,10,6461587456,Adam,0.001,0.9,0.999,1e-08,4.87114,0,0.0557353
2026-03-12-21-55-12,NVIDIA GeForce GTX 970,CUDA,GEMM_Adam_CUDA,data_transfer,GPU,10,6461587456,Adam,0.001,0.9,0.999,1e-08,24.7479,0,0.0511177
2026-03-12-21-55-12,NVIDIA GeForce GTX 970,CUDA,GEMM_Adam_CUDA,compute,GPU,10,6461587456,Adam,0.001,0.9,0.999,1e-08,4.87542,0,0.0511177
2026-03-12-21-55-14,NVIDIA GeForce GTX 970,CUDA,GEMM_Adam_CUDA,data_transfer,GPU,10,6461587456,Adam,0.001,0.9,0.999,1e-08,24.3997,0,0.0467242
2026-03-12-21-55-14,NVIDIA GeForce GTX 970,CUDA,GEMM_Adam_CUDA,compute,GPU,10,6461587456,Adam,0.001,0.9,0.999,1e-08,4.80986,0,0.0467242
2026-03-12-21-55-17,NVIDIA GeForce GTX 970,CUDA,GEMM_Adam_CUDA,data_transfer,GPU,10,6461587456,Adam,0.001,0.9,0.999,1e-08,23.7716,0,0.0425569
2026-03-12-21-55-17,NVIDIA GeForce GTX 970,CUDA,GEMM_Adam_CUDA,compute,GPU,10,6461587456,Adam,0.001,0.9,0.999,1e-08,4.81558,0,0.0425569
2026-03-12-21-55-19,NVIDIA GeForce GTX 970,CUDA,GEMM_Adam_CUDA,data_transfer,GPU,10,6461587456,Adam,0.001,0.9,0.999,1e-08,23.3673,0,0.0386169
2026-03-12-21-55-19,NVIDIA GeForce GTX 970,CUDA,GEMM_Adam_CUDA,compute,GPU,10,6461587456,Adam,0.001,0.9,0.999,1e-08,4.86115,0,0.0386169
2026-03-12-21-55-22,NVIDIA GeForce GTX 970,CUDA,GEMM_Adam_CUDA,data_transfer,GPU,10,6461587456,Adam,0.001,0.9,0.999,1e-08,23.1363,0,0.0349044
2026-03-12-21-55-22,NVIDIA GeForce GTX 970,CUDA,GEMM_Adam_CUDA,compute,GPU,10,6461587456,Adam,0.001,0.9,0.999,1e-08,4.82701,0,0.0349044
2026-03-12-21-55-24,NVIDIA GeForce GTX 970,CUDA,GEMM_Adam_CUDA,data_transfer,GPU,10,6461587456,Adam,0.001,0.9,0.999,1e-08,23.2386,0,0.0314187
2026-03-12-21-55-24,NVIDIA GeForce GTX 970,CUDA,GEMM_Adam_CUDA,compute,GPU,10,6461587456,Adam,0.001,0.9,0.999,1e-08,4.89667,0,0.0314187
2026-03-12-21-55-27,NVIDIA GeForce GTX 970,CUDA,GEMM_Adam_CUDA,data_transfer,GPU,10,6461587456,Adam,0.001,0.9,0.999,1e-08,23.7172,0,0.0281581
2026-03-12-21-55-27,NVIDIA GeForce GTX 970,CUDA,GEMM_Adam_CUDA,compute,GPU,10,6461587456,Adam,0.001,0.9,0.999,1e-08,4.81107,0,0.0281581
2026-03-12-21-55-29,NVIDIA GeForce GTX 970,CUDA,GEMM_Adam_CUDA,data_transfer,GPU,10,6461587456,Adam,0.001,0.9,0.999,1e-08,23.3387,0,0.0251202
2026-03-12-21-55-29,NVIDIA GeForce GTX 970,CUDA,GEMM_Adam_CUDA,compute,GPU,10,6461587456,Adam,0.001,0.9,0.999,1e-08,4.83037,0,0.0251202
2026-03-12-21-55-33,NVIDIA GeForce GTX 970,CUDA,GEMM_Adam_CUDA,data_transfer,GPU,10,6461587456,Adam,0.001,0.9,0.999,1e-08,23.193,0,0
2026-03-12-21-55-33,NVIDIA GeForce GTX 970,CUDA,GEMM_Adam_CUDA,compute,GPU,10,6461587456,Adam,0.001,0.9,0.999,1e-08,4.92714,0,0
2026-03-12-21-55-36,NVIDIA GeForce GTX 970,CUDA,GEMM_Adam_CUDA,data_transfer,GPU,10,6461587456,Adam,0.001,0.9,0.999,1e-08,23.3039,0,0.0557353
2026-03-12-21-55-36,NVIDIA GeForce GTX 970,CUDA,GEMM_Adam_CUDA,compute,GPU,10,6461587456,Adam,0.001,0.9,0.999,1e-08,4.83501,0,0.0557353
2026-03-12-21-55-39,NVIDIA GeForce GTX 970,CUDA,GEMM_Adam_CUDA,data_transfer,GPU,10,6461587456,Adam,0.001,0.9,0.999,1e-08,23.2438,0,0.0511177
2026-03-12-21-55-39,NVIDIA GeForce GTX 970,CUDA,GEMM_Adam_CUDA,compute,GPU,10,6461587456,Adam,0.001,0.9,0.999,1e-08,4.88003,0,0.0511177
2026-03-12-21-55-41,NVIDIA GeForce GTX 970,CUDA,GEMM_Adam_CUDA,data_transfer,GPU,10,6461587456,Adam,0.001,0.9,0.999,1e-08,23.1331,0,0.0467242
2026-03-12-21-55-41,NVIDIA GeForce GTX 970,CUDA,GEMM_Adam_CUDA,compute,GPU,10,6461587456,Adam,0.001,0.9,0.999,1e-08,4.81683,0,0.0467242
2026-03-12-21-55-44,NVIDIA GeForce GTX 970,CUDA,GEMM_Adam_CUDA,data_transfer,GPU,10,6461587456,Adam,0.001,0.9,0.999,1e-08,23.3144,0,0.0425569
2026-03-12-21-55-44,NVIDIA GeForce GTX 970,CUDA,GEMM_Adam_CUDA,compute,GPU,10,6461587456,Adam,0.001,0.9,0.999,1e-08,4.8937,0,0.0425569
2026-03-12-21-55-46,NVIDIA GeForce GTX 970,CUDA,GEMM_Adam_CUDA,data_transfer,GPU,10,6461587456,Adam,0.001,0.9,0.999,1e-08,23.3545,0,0.0386169
2026-03-12-21-55-46,NVIDIA GeForce GTX 970,CUDA,GEMM_Adam_CUDA,compute,GPU,10,6461587456,Adam,0.001,0.9,0.999,1e-08,4.82387,0,0.0386169
2026-03-12-21-55-49,NVIDIA GeForce GTX 970,CUDA,GEMM_Adam_CUDA,data_transfer,GPU,10,6461587456,Adam,0.001,0.9,0.999,1e-08,23.1526,0,0.0349044
2026-03-12-21-55-49,NVIDIA GeForce GTX 970,CUDA,GEMM_Adam_CUDA,compute,GPU,10,6461587456,Adam,0.001,0.9,0.999,1e-08,4.78714,0,0.0349044
2026-03-12-21-55-51,NVIDIA GeForce GTX 970,CUDA,GEMM_Adam_CUDA,data_transfer,GPU,10,6461587456,Adam,0.001,0.9,0.999,1e-08,23.2745,0,0.0314187
2026-03-12-21-55-51,NVIDIA GeForce GTX 970,CUDA,GEMM_Adam_CUDA,compute,GPU,10,6461587456,Adam,0.001,0.9,0.999,1e-08,4.79437,0,0.0314187
2026-03-12-21-55-54,NVIDIA GeForce GTX 970,CUDA,GEMM_Adam_CUDA,data_transfer,GPU,10,6461587456,Adam,0.001,0.9,0.999,1e-08,23.3544,0,0.0281581
2026-03-12-21-55-54,NVIDIA GeForce GTX 970,CUDA,GEMM_Adam_CUDA,compute,GPU,10,6461587456,Adam,0.001,0.9,0.999,1e-08,4.86019,0,0.0281581
2026-03-12-21-55-57,NVIDIA GeForce GTX 970,CUDA,GEMM_Adam_CUDA,data_transfer,GPU,10,6461587456,Adam,0.001,0.9,0.999,1e-08,23.1624,0,0.0251202
2026-03-12-21-55-57,NVIDIA GeForce GTX 970,CUDA,GEMM_Adam_CUDA,compute,GPU,10,6461587456,Adam,0.001,0.9,0.999,1e-08,4.83923,0,0.0251202
2026-03-12-21-56-14,NVIDIA GeForce GTX 970,CUDA,GEMM_Adam_CUDA,data_transfer,GPU,10,9289875456,Adam,0.001,0.9,0.999,1e-08,35.5561,0,0
2026-03-12-21-56-14,NVIDIA GeForce GTX 970,CUDA,GEMM_Adam_CUDA,compute,GPU,10,9289875456,Adam,0.001,0.9,0.999,1e-08,7.64621,0,0
2026-03-12-21-56-17,NVIDIA GeForce GTX 970,CUDA,GEMM_Adam_CUDA,data_transfer,GPU,10,9289875456,Adam,0.001,0.9,0.999,1e-08,34.1858,0,0.0669067
2026-03-12-21-56-17,NVIDIA GeForce GTX 970,CUDA,GEMM_Adam_CUDA,compute,GPU,10,9289875456,Adam,0.001,0.9,0.999,1e-08,6.99254,0,0.0669067
2026-03-12-21-56-21,NVIDIA GeForce GTX 970,CUDA,GEMM_Adam_CUDA,data_transfer,GPU,10,9289875456,Adam,0.001,0.9,0.999,1e-08,33.9601,0,0.060907
2026-03-12-21-56-21,NVIDIA GeForce GTX 970,CUDA,GEMM_Adam_CUDA,compute,GPU,10,9289875456,Adam,0.001,0.9,0.999,1e-08,6.89917,0,0.060907
2026-03-12-21-56-26,NVIDIA GeForce GTX 970,CUDA,GEMM_Adam_CUDA,data_transfer,GPU,10,9289875456,Adam,0.001,0.9,0.999,1e-08,33.8362,0,0.0552209
2026-03-12-21-56-26,NVIDIA GeForce GTX 970,CUDA,GEMM_Adam_CUDA,compute,GPU,10,9289875456,Adam,0.001,0.9,0.999,1e-08,6.92304,0,0.0552209
2026-03-12-21-56-30,NVIDIA GeForce GTX 970,CUDA,GEMM_Adam_CUDA,data_transfer,GPU,10,9289875456,Adam,0.001,0.9,0.999,1e-08,33.8561,0,0.049851
2026-03-12-21-56-30,NVIDIA GeForce GTX 970,CUDA,GEMM_Adam_CUDA,compute,GPU,10,9289875456,Adam,0.001,0.9,0.999,1e-08,6.93222,0,0.049851
2026-03-12-21-56-35,NVIDIA GeForce GTX 970,CUDA,GEMM_Adam_CUDA,data_transfer,GPU,10,9289875456,Adam,0.001,0.9,0.999,1e-08,34.1856,0,0.0447989
2026-03-12-21-56-35,NVIDIA GeForce GTX 970,CUDA,GEMM_Adam_CUDA,compute,GPU,10,9289875456,Adam,0.001,0.9,0.999,1e-08,6.93578,0,0.0447989
2026-03-12-21-56-39,NVIDIA GeForce GTX 970,CUDA,GEMM_Adam_CUDA,data_transfer,GPU,10,9289875456,Adam,0.001,0.9,0.999,1e-08,33.7889,0,0.0400645
2026-03-12-21-56-39,NVIDIA GeForce GTX 970,CUDA,GEMM_Adam_CUDA,compute,GPU,10,9289875456,Adam,0.001,0.9,0.999,1e-08,6.94483,0,0.0400645
2026-03-12-21-56-44,NVIDIA GeForce GTX 970,CUDA,GEMM_Adam_CUDA,data_transfer,GPU,10,9289875456,Adam,0.001,0.9,0.999,1e-08,33.8896,0,0.0356467
2026-03-12-21-56-44,NVIDIA GeForce GTX 970,CUDA,GEMM_Adam_CUDA,compute,GPU,10,9289875456,Adam,0.001,0.9,0.999,1e-08,6.94346,0,0.0356467
2026-03-12-21-56-48,NVIDIA GeForce GTX 970,CUDA,GEMM_Adam_CUDA,data_transfer,GPU,10,9289875456,Adam,0.001,0.9,0.999,1e-08,36.5748,0,0.0315426
2026-03-12-21-56-48,NVIDIA GeForce GTX 970,CUDA,GEMM_Adam_CUDA,compute,GPU,10,9289875456,Adam,0.001,0.9,0.999,1e-08,6.9367,0,0.0315426
2026-03-12-21-56-53,NVIDIA GeForce GTX 970,CUDA,GEMM_Adam_CUDA,data_transfer,GPU,10,9289875456,Adam,0.001,0.9,0.999,1e-08,34.3038,0,0.0277482
2026-03-12-21-56-53,NVIDIA GeForce GTX 970,CUDA,GEMM_Adam_CUDA,compute,GPU,10,9289875456,Adam,0.001,0.9,0.999,1e-08,6.92502,0,0.0277482
2026-03-12-21-57-01,NVIDIA GeForce GTX 970,CUDA,GEMM_Adam_CUDA,data_transfer,GPU,10,9289875456,Adam,0.001,0.9,0.999,1e-08,34.0373,0,0
2026-03-12-21-57-01,NVIDIA GeForce GTX 970,CUDA,GEMM_Adam_CUDA,compute,GPU,10,9289875456,Adam,0.001,0.9,0.999,1e-08,7.66458,0,0
2026-03-12-21-57-06,NVIDIA GeForce GTX 970,CUDA,GEMM_Adam_CUDA,data_transfer,GPU,10,9289875456,Adam,0.001,0.9,0.999,1e-08,39.8273,0,0.0669067
2026-03-12-21-57-06,NVIDIA GeForce GTX 970,CUDA,GEMM_Adam_CUDA,compute,GPU,10,9289875456,Adam,0.001,0.9,0.999,1e-08,7.93789,0,0.0669067
2026-03-12-21-57-11,NVIDIA GeForce GTX 970,CUDA,GEMM_Adam_CUDA,data_transfer,GPU,10,9289875456,Adam,0.001,0.9,0.999,1e-08,35.5446,0,0.060907
2026-03-12-21-57-11,NVIDIA GeForce GTX 970,CUDA,GEMM_Adam_CUDA,compute,GPU,10,9289875456,Adam,0.001,0.9,0.999,1e-08,8.22944,0,0.060907
2026-03-12-21-57-16,NVIDIA GeForce GTX 970,CUDA,GEMM_Adam_CUDA,data_transfer,GPU,10,9289875456,Adam,0.001,0.9,0.999,1e-08,34.7372,0,0.0552209
2026-03-12-21-57-16,NVIDIA GeForce GTX 970,CUDA,GEMM_Adam_CUDA,compute,GPU,10,9289875456,Adam,0.001,0.9,0.999,1e-08,6.97574,0,0.0552209
2026-03-12-21-57-21,NVIDIA GeForce GTX 970,CUDA,GEMM_Adam_CUDA,data_transfer,GPU,10,9289875456,Adam,0.001,0.9,0.999,1e-08,32.7057,0,0.049851
2026-03-12-21-57-21,NVIDIA GeForce GTX 970,CUDA,GEMM_Adam_CUDA,compute,GPU,10,9289875456,Adam,0.001,0.9,0.999,1e-08,6.9169,0,0.049851
2026-03-12-21-57-26,NVIDIA GeForce GTX 970,CUDA,GEMM_Adam_CUDA,data_transfer,GPU,10,9289875456,Adam,0.001,0.9,0.999,1e-08,35.3933,0,0.0447989
2026-03-12-21-57-26,NVIDIA GeForce GTX 970,CUDA,GEMM_Adam_CUDA,compute,GPU,10,9289875456,Adam,0.001,0.9,0.999,1e-08,6.89882,0,0.0447989
2026-03-12-21-57-31,NVIDIA GeForce GTX 970,CUDA,GEMM_Adam_CUDA,data_transfer,GPU,10,9289875456,Adam,0.001,0.9,0.999,1e-08,33.2431,0,0.0400645
2026-03-12-21-57-31,NVIDIA GeForce GTX 970,CUDA,GEMM_Adam_CUDA,compute,GPU,10,9289875456,Adam,0.001,0.9,0.999,1e-08,6.91152,0,0.0400645
2026-03-12-21-57-36,NVIDIA GeForce GTX 970,CUDA,GEMM_Adam_CUDA,data_transfer,GPU,10,9289875456,Adam,0.001,0.9,0.999,1e-08,33.2791,0,0.0356467
2026-03-12-21-57-36,NVIDIA GeForce GTX 970,CUDA,GEMM_Adam_CUDA,compute,GPU,10,9289875456,Adam,0.001,0.9,0.999,1e-08,6.90947,0,0.0356467
2026-03-12-21-57-41,NVIDIA GeForce GTX 970,CUDA,GEMM_Adam_CUDA,data_transfer,GPU,10,9289875456,Adam,0.001,0.9,0.999,1e-08,32.9671,0,0.0315426
2026-03-12-21-57-41,NVIDIA GeForce GTX 970,CUDA,GEMM_Adam_CUDA,compute,GPU,10,9289875456,Adam,0.001,0.9,0.999,1e-08,6.91072,0,0.0315426
2026-03-12-21-57-45,NVIDIA GeForce GTX 970,CUDA,GEMM_Adam_CUDA,data_transfer,GPU,10,9289875456,Adam,0.001,0.9,0.999,1e-08,34.3014,0,0.0277482
2026-03-12-21-57-45,NVIDIA GeForce GTX 970,CUDA,GEMM_Adam_CUDA,compute,GPU,10,9289875456,Adam,0.001,0.9,0.999,1e-08,6.93725,0,0.0277482
2026-03-12-21-57-53,NVIDIA GeForce GTX 970,CUDA,GEMM_Adam_CUDA,data_transfer,GPU,10,9289875456,Adam,0.001,0.9,0.999,1e-08,33.6131,0,0
2026-03-12-21-57-53,NVIDIA GeForce GTX 970,CUDA,GEMM_Adam_CUDA,compute,GPU,10,9289875456,Adam,0.001,0.9,0.999,1e-08,6.98109,0,0
2026-03-12-21-57-57,NVIDIA GeForce GTX 970,CUDA,GEMM_Adam_CUDA,data_transfer,GPU,10,9289875456,Adam,0.001,0.9,0.999,1e-08,32.5255,0,0.0669067
2026-03-12-21-57-57,NVIDIA GeForce GTX 970,CUDA,GEMM_Adam_CUDA,compute,GPU,10,9289875456,Adam,0.001,0.9,0.999,1e-08,6.91555,0,0.0669067
2026-03-12-21-58-02,NVIDIA GeForce GTX 970,CUDA,GEMM_Adam_CUDA,data_transfer,GPU,10,9289875456,Adam,0.001,0.9,0.999,1e-08,33.8655,0,0.060907
2026-03-12-21-58-02,NVIDIA GeForce GTX 970,CUDA,GEMM_Adam_CUDA,compute,GPU,10,9289875456,Adam,0.001,0.9,0.999,1e-08,7.6785,0,0.060907
2026-03-12-21-58-06,NVIDIA GeForce GTX 970,CUDA,GEMM_Adam_CUDA,data_transfer,GPU,10,9289875456,Adam,0.001,0.9,0.999,1e-08,33.9462,0,0.0552209
2026-03-12-21-58-06,NVIDIA GeForce GTX 970,CUDA,GEMM_Adam_CUDA,compute,GPU,10,9289875456,Adam,0.001,0.9,0.999,1e-08,6.96778,0,0.0552209
2026-03-12-21-58-11,NVIDIA GeForce GTX 970,CUDA,GEMM_Adam_CUDA,data_transfer,GPU,10,9289875456,Adam,0.001,0.9,0.999,1e-08,33.7212,0,0.049851
2026-03-12-21-58-11,NVIDIA GeForce GTX 970,CUDA,GEMM_Adam_CUDA,compute,GPU,10,9289875456,Adam,0.001,0.9,0.999,1e-08,6.90819,0,0.049851
2026-03-12-21-58-15,NVIDIA GeForce GTX 970,CUDA,GEMM_Adam_CUDA,data_transfer,GPU,10,9289875456,Adam,0.001,0.9,0.999,1e-08,33.2109,0,0.0447989
2026-03-12-21-58-15,NVIDIA GeForce GTX 970,CUDA,GEMM_Adam_CUDA,compute,GPU,10,9289875456,Adam,0.001,0.9,0.999,1e-08,6.90173,0,0.0447989
2026-03-12-21-58-20,NVIDIA GeForce GTX 970,CUDA,GEMM_Adam_CUDA,data_transfer,GPU,10,9289875456,Adam,0.001,0.9,0.999,1e-08,35.3055,0,0.0400645
2026-03-12-21-58-20,NVIDIA GeForce GTX 970,CUDA,GEMM_Adam_CUDA,compute,GPU,10,9289875456,Adam,0.001,0.9,0.999,1e-08,6.94563,0,0.0400645
2026-03-12-21-58-24,NVIDIA GeForce GTX 970,CUDA,GEMM_Adam_CUDA,data_transfer,GPU,10,9289875456,Adam,0.001,0.9,0.999,1e-08,33.5742,0,0.0356467
2026-03-12-21-58-24,NVIDIA GeForce GTX 970,CUDA,GEMM_Adam_CUDA,compute,GPU,10,9289875456,Adam,0.001,0.9,0.999,1e-08,6.93866,0,0.0356467
2026-03-12-21-58-28,NVIDIA GeForce GTX 970,CUDA,GEMM_Adam_CUDA,data_transfer,GPU,10,9289875456,Adam,0.001,0.9,0.999,1e-08,33.5914,0,0.0315426
2026-03-12-21-58-28,NVIDIA GeForce GTX 970,CUDA,GEMM_Adam_CUDA,compute,GPU,10,9289875456,Adam,0.001,0.9,0.999,1e-08,6.92499,0,0.0315426
2026-03-12-21-58-33,NVIDIA GeForce GTX 970,CUDA,GEMM_Adam_CUDA,data_transfer,GPU,10,9289875456,Adam,0.001,0.9,0.999,1e-08,35.4463,0,0.0277482
2026-03-12-21-58-33,NVIDIA GeForce GTX 970,CUDA,GEMM_Adam_CUDA,compute,GPU,10,9289875456,Adam,0.001,0.9,0.999,1e-08,6.91763,0,0.0277482
2026-03-12-22-07-38,NVIDIA GeForce GTX 970,CUDA,GEMM_Adam_CUDA,data_transfer,GPU,10,12630163456,Adam,0.001,0.9,0.999,1e-08,47.7487,0,0
2026-03-12-22-07-38,NVIDIA GeForce GTX 970,CUDA,GEMM_Adam_CUDA,compute,GPU,10,12630163456,Adam,0.001,0.9,0.999,1e-08,9.4327,0,0
2026-03-12-22-07-44,NVIDIA GeForce GTX 970,CUDA,GEMM_Adam_CUDA,data_transfer,GPU,10,12630163456,Adam,0.001,0.9,0.999,1e-08,47.1156,0,0.0781934
2026-03-12-22-07-44,NVIDIA GeForce GTX 970,CUDA,GEMM_Adam_CUDA,compute,GPU,10,12630163456,Adam,0.001,0.9,0.999,1e-08,9.38154,0,0.0781934
2026-03-12-22-07-49,NVIDIA GeForce GTX 970,CUDA,GEMM_Adam_CUDA,data_transfer,GPU,10,12630163456,Adam,0.001,0.9,0.999,1e-08,46.7386,0,0.0706852
2026-03-12-22-07-49,NVIDIA GeForce GTX 970,CUDA,GEMM_Adam_CUDA,compute,GPU,10,12630163456,Adam,0.001,0.9,0.999,1e-08,9.41766,0,0.0706852
2026-03-12-22-07-55,NVIDIA GeForce GTX 970,CUDA,GEMM_Adam_CUDA,data_transfer,GPU,10,12630163456,Adam,0.001,0.9,0.999,1e-08,46.6041,0,0.0635963
2026-03-12-22-07-55,NVIDIA GeForce GTX 970,CUDA,GEMM_Adam_CUDA,compute,GPU,10,12630163456,Adam,0.001,0.9,0.999,1e-08,9.38528,0,0.0635963
2026-03-12-22-08-01,NVIDIA GeForce GTX 970,CUDA,GEMM_Adam_CUDA,data_transfer,GPU,10,12630163456,Adam,0.001,0.9,0.999,1e-08,47.1683,0,0.05693
2026-03-12-22-08-01,NVIDIA GeForce GTX 970,CUDA,GEMM_Adam_CUDA,compute,GPU,10,12630163456,Adam,0.001,0.9,0.999,1e-08,9.37616,0,0.05693
2026-03-12-22-08-06,NVIDIA GeForce GTX 970,CUDA,GEMM_Adam_CUDA,data_transfer,GPU,10,12630163456,Adam,0.001,0.9,0.999,1e-08,47.75,0,0.050688
2026-03-12-22-08-06,NVIDIA GeForce GTX 970,CUDA,GEMM_Adam_CUDA,compute,GPU,10,12630163456,Adam,0.001,0.9,0.999,1e-08,9.39248,0,0.050688
2026-03-12-22-08-12,NVIDIA GeForce GTX 970,CUDA,GEMM_Adam_CUDA,data_transfer,GPU,10,12630163456,Adam,0.001,0.9,0.999,1e-08,47.3696,0,0.0448701
2026-03-12-22-08-12,NVIDIA GeForce GTX 970,CUDA,GEMM_Adam_CUDA,compute,GPU,10,12630163456,Adam,0.001,0.9,0.999,1e-08,9.39802,0,0.0448701
2026-03-12-22-08-17,NVIDIA GeForce GTX 970,CUDA,GEMM_Adam_CUDA,data_transfer,GPU,10,12630163456,Adam,0.001,0.9,0.999,1e-08,47.0919,0,0.0394741
2026-03-12-22-08-17,NVIDIA GeForce GTX 970,CUDA,GEMM_Adam_CUDA,compute,GPU,10,12630163456,Adam,0.001,0.9,0.999,1e-08,9.37178,0,0.0394741
2026-03-12-22-08-22,NVIDIA GeForce GTX 970,CUDA,GEMM_Adam_CUDA,data_transfer,GPU,10,12630163456,Adam,0.001,0.9,0.999,1e-08,47.4489,0,0.0344957
2026-03-12-22-08-22,NVIDIA GeForce GTX 970,CUDA,GEMM_Adam_CUDA,compute,GPU,10,12630163456,Adam,0.001,0.9,0.999,1e-08,9.38013,0,0.0344957
2026-03-12-22-08-28,NVIDIA GeForce GTX 970,CUDA,GEMM_Adam_CUDA,data_transfer,GPU,10,12630163456,Adam,0.001,0.9,0.999,1e-08,46.8279,0,0.0299284
2026-03-12-22-08-28,NVIDIA GeForce GTX 970,CUDA,GEMM_Adam_CUDA,compute,GPU,10,12630163456,Adam,0.001,0.9,0.999,1e-08,9.4089,0,0.0299284
2026-03-12-22-08-37,NVIDIA GeForce GTX 970,CUDA,GEMM_Adam_CUDA,data_transfer,GPU,10,12630163456,Adam,0.001,0.9,0.999,1e-08,47.1213,0,0
2026-03-12-22-08-37,NVIDIA GeForce GTX 970,CUDA,GEMM_Adam_CUDA,compute,GPU,10,12630163456,Adam,0.001,0.9,0.999,1e-08,9.43878,0,0
2026-03-12-22-08-43,NVIDIA GeForce GTX 970,CUDA,GEMM_Adam_CUDA,data_transfer,GPU,10,12630163456,Adam,0.001,0.9,0.999,1e-08,47.189,0,0.0781934
2026-03-12-22-08-43,NVIDIA GeForce GTX 970,CUDA,GEMM_Adam_CUDA,compute,GPU,10,12630163456,Adam,0.001,0.9,0.999,1e-08,9.41133,0,0.0781934
2026-03-12-22-08-48,NVIDIA GeForce GTX 970,CUDA,GEMM_Adam_CUDA,data_transfer,GPU,10,12630163456,Adam,0.001,0.9,0.999,1e-08,47.2892,0,0.0706852
2026-03-12-22-08-48,NVIDIA GeForce GTX 970,CUDA,GEMM_Adam_CUDA,compute,GPU,10,12630163456,Adam,0.001,0.9,0.999,1e-08,9.3735,0,0.0706852
2026-03-12-22-08-54,NVIDIA GeForce GTX 970,CUDA,GEMM_Adam_CUDA,data_transfer,GPU,10,12630163456,Adam,0.001,0.9,0.999,1e-08,47.5719,0,0.0635963
2026-03-12-22-08-54,NVIDIA GeForce GTX 970,CUDA,GEMM_Adam_CUDA,compute,GPU,10,12630163456,Adam,0.001,0.9,0.999,1e-08,9.4311,0,0.0635963
2026-03-12-22-08-59,NVIDIA GeForce GTX 970,CUDA,GEMM_Adam_CUDA,data_transfer,GPU,10,12630163456,Adam,0.001,0.9,0.999,1e-08,47.562,0,0.05693
2026-03-12-22-08-59,NVIDIA GeForce GTX 970,CUDA,GEMM_Adam_CUDA,compute,GPU,10,12630163456,Adam,0.001,0.9,0.999,1e-08,9.41427,0,0.05693
2026-03-12-22-09-05,NVIDIA GeForce GTX 970,CUDA,GEMM_Adam_CUDA,data_transfer,GPU,10,12630163456,Adam,0.001,0.9,0.999,1e-08,46.8134,0,0.050688
2026-03-12-22-09-05,NVIDIA GeForce GTX 970,CUDA,GEMM_Adam_CUDA,compute,GPU,10,12630163456,Adam,0.001,0.9,0.999,1e-08,9.3895,0,0.050688
2026-03-12-22-09-10,NVIDIA GeForce GTX 970,CUDA,GEMM_Adam_CUDA,data_transfer,GPU,10,12630163456,Adam,0.001,0.9,0.999,1e-08,47.2878,0,0.0448701
2026-03-12-22-09-10,NVIDIA GeForce GTX 970,CUDA,GEMM_Adam_CUDA,compute,GPU,10,12630163456,Adam,0.001,0.9,0.999,1e-08,9.37488,0,0.0448701
2026-03-12-22-09-16,NVIDIA GeForce GTX 970,CUDA,GEMM_Adam_CUDA,data_transfer,GPU,10,12630163456,Adam,0.001,0.9,0.999,1e-08,51.6099,0,0.0394741
2026-03-12-22-09-16,NVIDIA GeForce GTX 970,CUDA,GEMM_Adam_CUDA,compute,GPU,10,12630163456,Adam,0.001,0.9,0.999,1e-08,9.38822,0,0.0394741
2026-03-12-22-09-22,NVIDIA GeForce GTX 970,CUDA,GEMM_Adam_CUDA,data_transfer,GPU,10,12630163456,Adam,0.001,0.9,0.999,1e-08,47.3037,0,0.0344957
2026-03-12-22-09-22,NVIDIA GeForce GTX 970,CUDA,GEMM_Adam_CUDA,compute,GPU,10,12630163456,Adam,0.001,0.9,0.999,1e-08,9.41501,0,0.0344957
2026-03-12-22-09-27,NVIDIA GeForce GTX 970,CUDA,GEMM_Adam_CUDA,data_transfer,GPU,10,12630163456,Adam,0.001,0.9,0.999,1e-08,47.0999,0,0.0299284
2026-03-12-22-09-27,NVIDIA GeForce GTX 970,CUDA,GEMM_Adam_CUDA,compute,GPU,10,12630163456,Adam,0.001,0.9,0.999,1e-08,9.40602,0,0.0299284
2026-03-12-22-09-36,NVIDIA GeForce GTX 970,CUDA,GEMM_Adam_CUDA,data_transfer,GPU,10,12630163456,Adam,0.001,0.9,0.999,1e-08,51.0282,0,0
2026-03-12-22-09-36,NVIDIA GeForce GTX 970,CUDA,GEMM_Adam_CUDA,compute,GPU,10,12630163456,Adam,0.001,0.9,0.999,1e-08,9.45978,0,0
2026-03-12-22-09-42,NVIDIA GeForce GTX 970,CUDA,GEMM_Adam_CUDA,data_transfer,GPU,10,12630163456,Adam,0.001,0.9,0.999,1e-08,46.1596,0,0.0781934
2026-03-12-22-09-42,NVIDIA GeForce GTX 970,CUDA,GEMM_Adam_CUDA,compute,GPU,10,12630163456,Adam,0.001,0.9,0.999,1e-08,9.34618,0,0.0781934
2026-03-12-22-09-47,NVIDIA GeForce GTX 970,CUDA,GEMM_Adam_CUDA,data_transfer,GPU,10,12630163456,Adam,0.001,0.9,0.999,1e-08,46.1342,0,0.0706852
2026-03-12-22-09-47,NVIDIA GeForce GTX 970,CUDA,GEMM_Adam_CUDA,compute,GPU,10,12630163456,Adam,0.001,0.9,0.999,1e-08,9.37917,0,0.0706852
2026-03-12-22-09-53,NVIDIA GeForce GTX 970,CUDA,GEMM_Adam_CUDA,data_transfer,GPU,10,12630163456,Adam,0.001,0.9,0.999,1e-08,47.7651,0,0.0635963
2026-03-12-22-09-53,NVIDIA GeForce GTX 970,CUDA,GEMM_Adam_CUDA,compute,GPU,10,12630163456,Adam,0.001,0.9,0.999,1e-08,9.35507,0,0.0635963
2026-03-12-22-09-59,NVIDIA GeForce GTX 970,CUDA,GEMM_Adam_CUDA,data_transfer,GPU,10,12630163456,Adam,0.001,0.9,0.999,1e-08,47.3915,0,0.05693
2026-03-12-22-09-59,NVIDIA GeForce GTX 970,CUDA,GEMM_Adam_CUDA,compute,GPU,10,12630163456,Adam,0.001,0.9,0.999,1e-08,9.3881,0,0.05693
2026-03-12-22-10-05,NVIDIA GeForce GTX 970,CUDA,GEMM_Adam_CUDA,data_transfer,GPU,10,12630163456,Adam,0.001,0.9,0.999,1e-08,46.1512,0,0.050688
2026-03-12-22-10-05,NVIDIA GeForce GTX 970,CUDA,GEMM_Adam_CUDA,compute,GPU,10,12630163456,Adam,0.001,0.9,0.999,1e-08,9.38915,0,0.050688
2026-03-12-22-10-11,NVIDIA GeForce GTX 970,CUDA,GEMM_Adam_CUDA,data_transfer,GPU,10,12630163456,Adam,0.001,0.9,0.999,1e-08,46.2151,0,0.0448701
2026-03-12-22-10-11,NVIDIA GeForce GTX 970,CUDA,GEMM_Adam_CUDA,compute,GPU,10,12630163456,Adam,0.001,0.9,0.999,1e-08,9.35254,0,0.0448701
2026-03-12-22-10-16,NVIDIA GeForce GTX 970,CUDA,GEMM_Adam_CUDA,data_transfer,GPU,10,12630163456,Adam,0.001,0.9,0.999,1e-08,45.7985,0,0.0394741
2026-03-12-22-10-16,NVIDIA GeForce GTX 970,CUDA,GEMM_Adam_CUDA,compute,GPU,10,12630163456,Adam,0.001,0.9,0.999,1e-08,9.40486,0,0.0394741
2026-03-12-22-10-22,NVIDIA GeForce GTX 970,CUDA,GEMM_Adam_CUDA,data_transfer,GPU,10,12630163456,Adam,0.001,0.9,0.999,1e-08,45.6855,0,0.0344957
2026-03-12-22-10-22,NVIDIA GeForce GTX 970,CUDA,GEMM_Adam_CUDA,compute,GPU,10,12630163456,Adam,0.001,0.9,0.999,1e-08,9.36237,0,0.0344957
2026-03-12-22-10-28,NVIDIA GeForce GTX 970,CUDA,GEMM_Adam_CUDA,data_transfer,GPU,10,12630163456,Adam,0.001,0.9,0.999,1e-08,45.6832,0,0.0299284
2026-03-12-22-10-28,NVIDIA GeForce GTX 970,CUDA,GEMM_Adam_CUDA,compute,GPU,10,12630163456,Adam,0.001,0.9,0.999,1e-08,9.40682,0,0.0299284
2026-03-12-22-11-08,NVIDIA GeForce GTX 970,CUDA,GEMM_Adam_CUDA,data_transfer,GPU,10,16482451456,Adam,0.001,0.9,0.999,1e-08,63.384,0,0
2026-03-12-22-11-08,NVIDIA GeForce GTX 970,CUDA,GEMM_Adam_CUDA,compute,GPU,10,16482451456,Adam,0.001,0.9,0.999,1e-08,12.2767,0,0
2026-03-12-22-11-16,NVIDIA GeForce GTX 970,CUDA,GEMM_Adam_CUDA,data_transfer,GPU,10,16482451456,Adam,0.001,0.9,0.999,1e-08,61.2014,0,0.0890357
2026-03-12-22-11-16,NVIDIA GeForce GTX 970,CUDA,GEMM_Adam_CUDA,compute,GPU,10,16482451456,Adam,0.001,0.9,0.999,1e-08,12.2336,0,0.0890357
2026-03-12-22-11-24,NVIDIA GeForce GTX 970,CUDA,GEMM_Adam_CUDA,data_transfer,GPU,10,16482451456,Adam,0.001,0.9,0.999,1e-08,60.6886,0,0.0799533
2026-03-12-22-11-24,NVIDIA GeForce GTX 970,CUDA,GEMM_Adam_CUDA,compute,GPU,10,16482451456,Adam,0.001,0.9,0.999,1e-08,12.2525,0,0.0799533
2026-03-12-22-11-32,NVIDIA GeForce GTX 970,CUDA,GEMM_Adam_CUDA,data_transfer,GPU,10,16482451456,Adam,0.001,0.9,0.999,1e-08,60.7104,0,0.0714093
2026-03-12-22-11-32,NVIDIA GeForce GTX 970,CUDA,GEMM_Adam_CUDA,compute,GPU,10,16482451456,Adam,0.001,0.9,0.999,1e-08,12.227,0,0.0714093
2026-03-12-22-11-40,NVIDIA GeForce GTX 970,CUDA,GEMM_Adam_CUDA,data_transfer,GPU,10,16482451456,Adam,0.001,0.9,0.999,1e-08,63.4225,0,0.0634077
2026-03-12-22-11-40,NVIDIA GeForce GTX 970,CUDA,GEMM_Adam_CUDA,compute,GPU,10,16482451456,Adam,0.001,0.9,0.999,1e-08,12.2461,0,0.0634077
2026-03-12-22-11-47,NVIDIA GeForce GTX 970,CUDA,GEMM_Adam_CUDA,data_transfer,GPU,10,16482451456,Adam,0.001,0.9,0.999,1e-08,60.3371,0,0.0559506
2026-03-12-22-11-47,NVIDIA GeForce GTX 970,CUDA,GEMM_Adam_CUDA,compute,GPU,10,16482451456,Adam,0.001,0.9,0.999,1e-08,12.2253,0,0.0559506
2026-03-12-22-11-55,NVIDIA GeForce GTX 970,CUDA,GEMM_Adam_CUDA,data_transfer,GPU,10,16482451456,Adam,0.001,0.9,0.999,1e-08,63.9569,0,0.0490369
2026-03-12-22-11-55,NVIDIA GeForce GTX 970,CUDA,GEMM_Adam_CUDA,compute,GPU,10,16482451456,Adam,0.001,0.9,0.999,1e-08,12.2474,0,0.0490369
2026-03-12-22-12-04,NVIDIA GeForce GTX 970,CUDA,GEMM_Adam_CUDA,data_transfer,GPU,10,16482451456,Adam,0.001,0.9,0.999,1e-08,61.5025,0,0.0426632
2026-03-12-22-12-04,NVIDIA GeForce GTX 970,CUDA,GEMM_Adam_CUDA,compute,GPU,10,16482451456,Adam,0.001,0.9,0.999,1e-08,12.2488,0,0.0426632
2026-03-12-22-12-11,NVIDIA GeForce GTX 970,CUDA,GEMM_Adam_CUDA,data_transfer,GPU,10,16482451456,Adam,0.001,0.9,0.999,1e-08,61.9596,0,0.0368229
2026-03-12-22-12-11,NVIDIA GeForce GTX 970,CUDA,GEMM_Adam_CUDA,compute,GPU,10,16482451456,Adam,0.001,0.9,0.999,1e-08,12.2374,0,0.0368229
2026-03-12-22-12-19,NVIDIA GeForce GTX 970,CUDA,GEMM_Adam_CUDA,data_transfer,GPU,10,16482451456,Adam,0.001,0.9,0.999,1e-08,60.3625,0,0.0315067
2026-03-12-22-12-19,NVIDIA GeForce GTX 970,CUDA,GEMM_Adam_CUDA,compute,GPU,10,16482451456,Adam,0.001,0.9,0.999,1e-08,12.2391,0,0.0315067
2026-03-12-22-12-33,NVIDIA GeForce GTX 970,CUDA,GEMM_Adam_CUDA,data_transfer,GPU,10,16482451456,Adam,0.001,0.9,0.999,1e-08,62.0197,0,0
2026-03-12-22-12-33,NVIDIA GeForce GTX 970,CUDA,GEMM_Adam_CUDA,compute,GPU,10,16482451456,Adam,0.001,0.9,0.999,1e-08,12.283,0,0
2026-03-12-22-12-41,NVIDIA GeForce GTX 970,CUDA,GEMM_Adam_CUDA,data_transfer,GPU,10,16482451456,Adam,0.001,0.9,0.999,1e-08,59.7552,0,0.0890357
2026-03-12-22-12-41,NVIDIA GeForce GTX 970,CUDA,GEMM_Adam_CUDA,compute,GPU,10,16482451456,Adam,0.001,0.9,0.999,1e-08,12.2868,0,0.0890357
2026-03-12-22-12-49,NVIDIA GeForce GTX 970,CUDA,GEMM_Adam_CUDA,data_transfer,GPU,10,16482451456,Adam,0.001,0.9,0.999,1e-08,62.4524,0,0.0799533
2026-03-12-22-12-49,NVIDIA GeForce GTX 970,CUDA,GEMM_Adam_CUDA,compute,GPU,10,16482451456,Adam,0.001,0.9,0.999,1e-08,12.2841,0,0.0799533
2026-03-12-22-12-58,NVIDIA GeForce GTX 970,CUDA,GEMM_Adam_CUDA,data_transfer,GPU,10,16482451456,Adam,0.001,0.9,0.999,1e-08,59.982,0,0.0714093
2026-03-12-22-12-58,NVIDIA GeForce GTX 970,CUDA,GEMM_Adam_CUDA,compute,GPU,10,16482451456,Adam,0.001,0.9,0.999,1e-08,12.266,0,0.0714093
2026-03-12-22-13-06,NVIDIA GeForce GTX 970,CUDA,GEMM_Adam_CUDA,data_transfer,GPU,10,16482451456,Adam,0.001,0.9,0.999,1e-08,62.7941,0,0.0634077
2026-03-12-22-13-06,NVIDIA GeForce GTX 970,CUDA,GEMM_Adam_CUDA,compute,GPU,10,16482451456,Adam,0.001,0.9,0.999,1e-08,12.2467,0,0.0634077
2026-03-12-22-13-15,NVIDIA GeForce GTX 970,CUDA,GEMM_Adam_CUDA,data_transfer,GPU,10,16482451456,Adam,0.001,0.9,0.999,1e-08,59.3745,0,0.0559506
2026-03-12-22-13-15,NVIDIA GeForce GTX 970,CUDA,GEMM_Adam_CUDA,compute,GPU,10,16482451456,Adam,0.001,0.9,0.999,1e-08,12.2318,0,0.0559506
2026-03-12-22-13-23,NVIDIA GeForce GTX 970,CUDA,GEMM_Adam_CUDA,data_transfer,GPU,10,16482451456,Adam,0.001,0.9,0.999,1e-08,59.5354,0,0.0490369
2026-03-12-22-13-23,NVIDIA GeForce GTX 970,CUDA,GEMM_Adam_CUDA,compute,GPU,10,16482451456,Adam,0.001,0.9,0.999,1e-08,12.2682,0,0.0490369
2026-03-12-22-13-32,NVIDIA GeForce GTX 970,CUDA,GEMM_Adam_CUDA,data_transfer,GPU,10,16482451456,Adam,0.001,0.9,0.999,1e-08,59.936,0,0.0426632
2026-03-12-22-13-32,NVIDIA GeForce GTX 970,CUDA,GEMM_Adam_CUDA,compute,GPU,10,16482451456,Adam,0.001,0.9,0.999,1e-08,12.2453,0,0.0426632
2026-03-12-22-13-40,NVIDIA GeForce GTX 970,CUDA,GEMM_Adam_CUDA,data_transfer,GPU,10,16482451456,Adam,0.001,0.9,0.999,1e-08,59.7938,0,0.0368229
2026-03-12-22-13-40,NVIDIA GeForce GTX 970,CUDA,GEMM_Adam_CUDA,compute,GPU,10,16482451456,Adam,0.001,0.9,0.999,1e-08,12.2485,0,0.0368229
2026-03-12-22-13-49,NVIDIA GeForce GTX 970,CUDA,GEMM_Adam_CUDA,data_transfer,GPU,10,16482451456,Adam,0.001,0.9,0.999,1e-08,59.4568,0,0.0315067
2026-03-12-22-13-49,NVIDIA GeForce GTX 970,CUDA,GEMM_Adam_CUDA,compute,GPU,10,16482451456,Adam,0.001,0.9,0.999,1e-08,12.2503,0,0.0315067
2026-03-12-22-14-02,NVIDIA GeForce GTX 970,CUDA,GEMM_Adam_CUDA,data_transfer,GPU,10,16482451456,Adam,0.001,0.9,0.999,1e-08,61.2666,0,0
2026-03-12-22-14-02,NVIDIA GeForce GTX 970,CUDA,GEMM_Adam_CUDA,compute,GPU,10,16482451456,Adam,0.001,0.9,0.999,1e-08,12.2713,0,0
2026-03-12-22-14-09,NVIDIA GeForce GTX 970,CUDA,GEMM_Adam_CUDA,data_transfer,GPU,10,16482451456,Adam,0.001,0.9,0.999,1e-08,60.7432,0,0.0890357
2026-03-12-22-14-09,NVIDIA GeForce GTX 970,CUDA,GEMM_Adam_CUDA,compute,GPU,10,16482451456,Adam,0.001,0.9,0.999,1e-08,12.212,0,0.0890357
2026-03-12-22-14-17,NVIDIA GeForce GTX 970,CUDA,GEMM_Adam_CUDA,data_transfer,GPU,10,16482451456,Adam,0.001,0.9,0.999,1e-08,60.5807,0,0.0799533
2026-03-12-22-14-17,NVIDIA GeForce GTX 970,CUDA,GEMM_Adam_CUDA,compute,GPU,10,16482451456,Adam,0.001,0.9,0.999,1e-08,12.2255,0,0.0799533
2026-03-12-22-14-25,NVIDIA GeForce GTX 970,CUDA,GEMM_Adam_CUDA,data_transfer,GPU,10,16482451456,Adam,0.001,0.9,0.999,1e-08,60.5832,0,0.0714093
2026-03-12-22-14-25,NVIDIA GeForce GTX 970,CUDA,GEMM_Adam_CUDA,compute,GPU,10,16482451456,Adam,0.001,0.9,0.999,1e-08,12.248,0,0.0714093
2026-03-12-22-14-33,NVIDIA GeForce GTX 970,CUDA,GEMM_Adam_CUDA,data_transfer,GPU,10,16482451456,Adam,0.001,0.9,0.999,1e-08,60.4416,0,0.0634077
2026-03-12-22-14-33,NVIDIA GeForce GTX 970,CUDA,GEMM_Adam_CUDA,compute,GPU,10,16482451456,Adam,0.001,0.9,0.999,1e-08,12.2889,0,0.0634077
2026-03-12-22-14-41,NVIDIA GeForce GTX 970,CUDA,GEMM_Adam_CUDA,data_transfer,GPU,10,16482451456,Adam,0.001,0.9,0.999,1e-08,61.3851,0,0.0559506
2026-03-12-22-14-41,NVIDIA GeForce GTX 970,CUDA,GEMM_Adam_CUDA,compute,GPU,10,16482451456,Adam,0.001,0.9,0.999,1e-08,12.2703,0,0.0559506
2026-03-12-22-14-49,NVIDIA GeForce GTX 970,CUDA,GEMM_Adam_CUDA,data_transfer,GPU,10,16482451456,Adam,0.001,0.9,0.999,1e-08,60.2141,0,0.0490369
2026-03-12-22-14-49,NVIDIA GeForce GTX 970,CUDA,GEMM_Adam_CUDA,compute,GPU,10,16482451456,Adam,0.001,0.9,0.999,1e-08,12.2247,0,0.0490369
2026-03-12-22-14-56,NVIDIA GeForce GTX 970,CUDA,GEMM_Adam_CUDA,data_transfer,GPU,10,16482451456,Adam,0.001,0.9,0.999,1e-08,60.268,0,0.0426632
2026-03-12-22-14-56,NVIDIA GeForce GTX 970,CUDA,GEMM_Adam_CUDA,compute,GPU,10,16482451456,Adam,0.001,0.9,0.999,1e-08,12.2463,0,0.0426632
2026-03-12-22-15-04,NVIDIA GeForce GTX 970,CUDA,GEMM_Adam_CUDA,data_transfer,GPU,10,16482451456,Adam,0.001,0.9,0.999,1e-08,60.1911,0,0.0368229
2026-03-12-22-15-04,NVIDIA GeForce GTX 970,CUDA,GEMM_Adam_CUDA,compute,GPU,10,16482451456,Adam,0.001,0.9,0.999,1e-08,12.2422,0,0.0368229
2026-03-12-22-15-13,NVIDIA GeForce GTX 970,CUDA,GEMM_Adam_CUDA,data_transfer,GPU,10,16482451456,Adam,0.001,0.9,0.999,1e-08,61.0252,0,0.0315067
2026-03-12-22-15-13,NVIDIA GeForce GTX 970,CUDA,GEMM_Adam_CUDA,compute,GPU,10,16482451456,Adam,0.001,0.9,0.999,1e-08,12.2642,0,0.0315067
2026-03-12-22-18-03,NVIDIA GeForce GTX 970,CUDA,GEMM_Adam_CUDA,data_transfer,GPU,10,20846739456,Adam,0.001,0.9,0.999,1e-08,80.7605,0,0
2026-03-12-22-18-03,NVIDIA GeForce GTX 970,CUDA,GEMM_Adam_CUDA,compute,GPU,10,20846739456,Adam,0.001,0.9,0.999,1e-08,15.5682,0,0
2026-03-12-22-18-13,NVIDIA GeForce GTX 970,CUDA,GEMM_Adam_CUDA,data_transfer,GPU,10,20846739456,Adam,0.001,0.9,0.999,1e-08,78.7947,0,0.100568
2026-03-12-22-18-13,NVIDIA GeForce GTX 970,CUDA,GEMM_Adam_CUDA,compute,GPU,10,20846739456,Adam,0.001,0.9,0.999,1e-08,15.703,0,0.100568
2026-03-12-22-18-23,NVIDIA GeForce GTX 970,CUDA,GEMM_Adam_CUDA,data_transfer,GPU,10,20846739456,Adam,0.001,0.9,0.999,1e-08,75.8171,0,0.0897772
2026-03-12-22-18-23,NVIDIA GeForce GTX 970,CUDA,GEMM_Adam_CUDA,compute,GPU,10,20846739456,Adam,0.001,0.9,0.999,1e-08,15.4964,0,0.0897772
2026-03-12-22-18-33,NVIDIA GeForce GTX 970,CUDA,GEMM_Adam_CUDA,data_transfer,GPU,10,20846739456,Adam,0.001,0.9,0.999,1e-08,79.3109,0,0.0796588
2026-03-12-22-18-33,NVIDIA GeForce GTX 970,CUDA,GEMM_Adam_CUDA,compute,GPU,10,20846739456,Adam,0.001,0.9,0.999,1e-08,15.4709,0,0.0796588
2026-03-12-22-18-43,NVIDIA GeForce GTX 970,CUDA,GEMM_Adam_CUDA,data_transfer,GPU,10,20846739456,Adam,0.001,0.9,0.999,1e-08,75.9227,0,0.0702177
2026-03-12-22-18-43,NVIDIA GeForce GTX 970,CUDA,GEMM_Adam_CUDA,compute,GPU,10,20846739456,Adam,0.001,0.9,0.999,1e-08,15.4768,0,0.0702177
2026-03-12-22-18-53,NVIDIA GeForce GTX 970,CUDA,GEMM_Adam_CUDA,data_transfer,GPU,10,20846739456,Adam,0.001,0.9,0.999,1e-08,82.0393,0,0.0614558
2026-03-12-22-18-53,NVIDIA GeForce GTX 970,CUDA,GEMM_Adam_CUDA,compute,GPU,10,20846739456,Adam,0.001,0.9,0.999,1e-08,15.477,0,0.0614558
2026-03-12-22-19-02,NVIDIA GeForce GTX 970,CUDA,GEMM_Adam_CUDA,data_transfer,GPU,10,20846739456,Adam,0.001,0.9,0.999,1e-08,77.9874,0,0.0533716
2026-03-12-22-19-02,NVIDIA GeForce GTX 970,CUDA,GEMM_Adam_CUDA,compute,GPU,10,20846739456,Adam,0.001,0.9,0.999,1e-08,15.4899,0,0.0533716
2026-03-12-22-19-12,NVIDIA GeForce GTX 970,CUDA,GEMM_Adam_CUDA,data_transfer,GPU,10,20846739456,Adam,0.001,0.9,0.999,1e-08,75.9002,0,0.0459598
2026-03-12-22-19-12,NVIDIA GeForce GTX 970,CUDA,GEMM_Adam_CUDA,compute,GPU,10,20846739456,Adam,0.001,0.9,0.999,1e-08,15.4738,0,0.0459598
2026-03-12-22-19-22,NVIDIA GeForce GTX 970,CUDA,GEMM_Adam_CUDA,data_transfer,GPU,10,20846739456,Adam,0.001,0.9,0.999,1e-08,75.5247,0,0.0392113
2026-03-12-22-19-22,NVIDIA GeForce GTX 970,CUDA,GEMM_Adam_CUDA,compute,GPU,10,20846739456,Adam,0.001,0.9,0.999,1e-08,15.4784,0,0.0392113
2026-03-12-22-19-33,NVIDIA GeForce GTX 970,CUDA,GEMM_Adam_CUDA,data_transfer,GPU,10,20846739456,Adam,0.001,0.9,0.999,1e-08,76.8979,0,0.033113
2026-03-12-22-19-33,NVIDIA GeForce GTX 970,CUDA,GEMM_Adam_CUDA,compute,GPU,10,20846739456,Adam,0.001,0.9,0.999,1e-08,15.4868,0,0.033113
2026-03-12-22-19-49,NVIDIA GeForce GTX 970,CUDA,GEMM_Adam_CUDA,data_transfer,GPU,10,20846739456,Adam,0.001,0.9,0.999,1e-08,76.9317,0,0
2026-03-12-22-19-49,NVIDIA GeForce GTX 970,CUDA,GEMM_Adam_CUDA,compute,GPU,10,20846739456,Adam,0.001,0.9,0.999,1e-08,15.5109,0,0
2026-03-12-22-20-00,NVIDIA GeForce GTX 970,CUDA,GEMM_Adam_CUDA,data_transfer,GPU,10,20846739456,Adam,0.001,0.9,0.999,1e-08,75.6331,0,0.100568
2026-03-12-22-20-00,NVIDIA GeForce GTX 970,CUDA,GEMM_Adam_CUDA,compute,GPU,10,20846739456,Adam,0.001,0.9,0.999,1e-08,15.4873,0,0.100568
2026-03-12-22-20-11,NVIDIA GeForce GTX 970,CUDA,GEMM_Adam_CUDA,data_transfer,GPU,10,20846739456,Adam,0.001,0.9,0.999,1e-08,75.543,0,0.0897772
2026-03-12-22-20-11,NVIDIA GeForce GTX 970,CUDA,GEMM_Adam_CUDA,compute,GPU,10,20846739456,Adam,0.001,0.9,0.999,1e-08,15.4951,0,0.0897772
2026-03-12-22-20-22,NVIDIA GeForce GTX 970,CUDA,GEMM_Adam_CUDA,data_transfer,GPU,10,20846739456,Adam,0.001,0.9,0.999,1e-08,75.6217,0,0.0796588
2026-03-12-22-20-22,NVIDIA GeForce GTX 970,CUDA,GEMM_Adam_CUDA,compute,GPU,10,20846739456,Adam,0.001,0.9,0.999,1e-08,15.5097,0,0.0796588
2026-03-12-22-20-33,NVIDIA GeForce GTX 970,CUDA,GEMM_Adam_CUDA,data_transfer,GPU,10,20846739456,Adam,0.001,0.9,0.999,1e-08,75.6872,0,0.0702177
2026-03-12-22-20-33,NVIDIA GeForce GTX 970,CUDA,GEMM_Adam_CUDA,compute,GPU,10,20846739456,Adam,0.001,0.9,0.999,1e-08,15.4799,0,0.0702177
2026-03-12-22-20-45,NVIDIA GeForce GTX 970,CUDA,GEMM_Adam_CUDA,data_transfer,GPU,10,20846739456,Adam,0.001,0.9,0.999,1e-08,73.8717,0,0.0614558
2026-03-12-22-20-45,NVIDIA GeForce GTX 970,CUDA,GEMM_Adam_CUDA,compute,GPU,10,20846739456,Adam,0.001,0.9,0.999,1e-08,15.4732,0,0.0614558
2026-03-12-22-20-57,NVIDIA GeForce GTX 970,CUDA,GEMM_Adam_CUDA,data_transfer,GPU,10,20846739456,Adam,0.001,0.9,0.999,1e-08,74.8342,0,0.0533716
2026-03-12-22-20-57,NVIDIA GeForce GTX 970,CUDA,GEMM_Adam_CUDA,compute,GPU,10,20846739456,Adam,0.001,0.9,0.999,1e-08,15.4762,0,0.0533716
2026-03-12-22-21-09,NVIDIA GeForce GTX 970,CUDA,GEMM_Adam_CUDA,data_transfer,GPU,10,20846739456,Adam,0.001,0.9,0.999,1e-08,74.0282,0,0.0459598
2026-03-12-22-21-09,NVIDIA GeForce GTX 970,CUDA,GEMM_Adam_CUDA,compute,GPU,10,20846739456,Adam,0.001,0.9,0.999,1e-08,15.4807,0,0.0459598
2026-03-12-22-21-21,NVIDIA GeForce GTX 970,CUDA,GEMM_Adam_CUDA,data_transfer,GPU,10,20846739456,Adam,0.001,0.9,0.999,1e-08,74.2258,0,0.0392113
2026-03-12-22-21-21,NVIDIA GeForce GTX 970,CUDA,GEMM_Adam_CUDA,compute,GPU,10,20846739456,Adam,0.001,0.9,0.999,1e-08,15.5006,0,0.0392113
2026-03-12-22-21-34,NVIDIA GeForce GTX 970,CUDA,GEMM_Adam_CUDA,data_transfer,GPU,10,20846739456,Adam,0.001,0.9,0.999,1e-08,75.3797,0,0.033113
2026-03-12-22-21-34,NVIDIA GeForce GTX 970,CUDA,GEMM_Adam_CUDA,compute,GPU,10,20846739456,Adam,0.001,0.9,0.999,1e-08,16.6662,0,0.033113
2026-03-12-22-21-55,NVIDIA GeForce GTX 970,CUDA,GEMM_Adam_CUDA,data_transfer,GPU,10,20846739456,Adam,0.001,0.9,0.999,1e-08,74.4922,0,0
2026-03-12-22-21-55,NVIDIA GeForce GTX 970,CUDA,GEMM_Adam_CUDA,compute,GPU,10,20846739456,Adam,0.001,0.9,0.999,1e-08,15.5441,0,0
2026-03-12-22-22-07,NVIDIA GeForce GTX 970,CUDA,GEMM_Adam_CUDA,data_transfer,GPU,10,20846739456,Adam,0.001,0.9,0.999,1e-08,73.1326,0,0.100568
2026-03-12-22-22-07,NVIDIA GeForce GTX 970,CUDA,GEMM_Adam_CUDA,compute,GPU,10,20846739456,Adam,0.001,0.9,0.999,1e-08,15.4801,0,0.100568
2026-03-12-22-22-19,NVIDIA GeForce GTX 970,CUDA,GEMM_Adam_CUDA,data_transfer,GPU,10,20846739456,Adam,0.001,0.9,0.999,1e-08,73.466,0,0.0897772
2026-03-12-22-22-19,NVIDIA GeForce GTX 970,CUDA,GEMM_Adam_CUDA,compute,GPU,10,20846739456,Adam,0.001,0.9,0.999,1e-08,15.5563,0,0.0897772
2026-03-12-22-22-31,NVIDIA GeForce GTX 970,CUDA,GEMM_Adam_CUDA,data_transfer,GPU,10,20846739456,Adam,0.001,0.9,0.999,1e-08,73.2746,0,0.0796588
2026-03-12-22-22-31,NVIDIA GeForce GTX 970,CUDA,GEMM_Adam_CUDA,compute,GPU,10,20846739456,Adam,0.001,0.9,0.999,1e-08,15.4963,0,0.0796588
2026-03-12-22-22-43,NVIDIA GeForce GTX 970,CUDA,GEMM_Adam_CUDA,data_transfer,GPU,10,20846739456,Adam,0.001,0.9,0.999,1e-08,74.8405,0,0.0702177
2026-03-12-22-22-43,NVIDIA GeForce GTX 970,CUDA,GEMM_Adam_CUDA,compute,GPU,10,20846739456,Adam,0.001,0.9,0.999,1e-08,15.5057,0,0.0702177
2026-03-12-22-22-55,NVIDIA GeForce GTX 970,CUDA,GEMM_Adam_CUDA,data_transfer,GPU,10,20846739456,Adam,0.001,0.9,0.999,1e-08,78.0771,0,0.0614558
2026-03-12-22-22-55,NVIDIA GeForce GTX 970,CUDA,GEMM_Adam_CUDA,compute,GPU,10,20846739456,Adam,0.001,0.9,0.999,1e-08,15.474,0,0.0614558
2026-03-12-22-23-07,NVIDIA GeForce GTX 970,CUDA,GEMM_Adam_CUDA,data_transfer,GPU,10,20846739456,Adam,0.001,0.9,0.999,1e-08,74.8977,0,0.0533716
2026-03-12-22-23-07,NVIDIA GeForce GTX 970,CUDA,GEMM_Adam_CUDA,compute,GPU,10,20846739456,Adam,0.001,0.9,0.999,1e-08,15.7132,0,0.0533716
2026-03-12-22-23-19,NVIDIA GeForce GTX 970,CUDA,GEMM_Adam_CUDA,data_transfer,GPU,10,20846739456,Adam,0.001,0.9,0.999,1e-08,75.3273,0,0.0459598
2026-03-12-22-23-19,NVIDIA GeForce GTX 970,CUDA,GEMM_Adam_CUDA,compute,GPU,10,20846739456,Adam,0.001,0.9,0.999,1e-08,15.7133,0,0.0459598
2026-03-12-22-23-31,NVIDIA GeForce GTX 970,CUDA,GEMM_Adam_CUDA,data_transfer,GPU,10,20846739456,Adam,0.001,0.9,0.999,1e-08,74.5292,0,0.0392113
2026-03-12-22-23-31,NVIDIA GeForce GTX 970,CUDA,GEMM_Adam_CUDA,compute,GPU,10,20846739456,Adam,0.001,0.9,0.999,1e-08,16.3806,0,0.0392113
2026-03-12-22-23-44,NVIDIA GeForce GTX 970,CUDA,GEMM_Adam_CUDA,data_transfer,GPU,10,20846739456,Adam,0.001,0.9,0.999,1e-08,75.22,0,0.033113
2026-03-12-22-23-44,NVIDIA GeForce GTX 970,CUDA,GEMM_Adam_CUDA,compute,GPU,10,20846739456,Adam,0.001,0.9,0.999,1e-08,15.4756,0,0.033113
2026-03-12-22-24-27,NVIDIA GeForce GTX 970,CUDA,GEMM_Adam_CUDA,data_transfer,GPU,10,25723027456,Adam,0.001,0.9,0.999,1e-08,94.9136,0,0
2026-03-12-22-24-27,NVIDIA GeForce GTX 970,CUDA,GEMM_Adam_CUDA,compute,GPU,10,25723027456,Adam,0.001,0.9,0.999,1e-08,19.14,0,0
2026-03-12-22-24-41,NVIDIA GeForce GTX 970,CUDA,GEMM_Adam_CUDA,data_transfer,GPU,10,25723027456,Adam,0.001,0.9,0.999,1e-08,92.1515,0,0.111369
2026-03-12-22-24-41,NVIDIA GeForce GTX 970,CUDA,GEMM_Adam_CUDA,compute,GPU,10,25723027456,Adam,0.001,0.9,0.999,1e-08,19.1054,0,0.111369
2026-03-12-22-24-55,NVIDIA GeForce GTX 970,CUDA,GEMM_Adam_CUDA,data_transfer,GPU,10,25723027456,Adam,0.001,0.9,0.999,1e-08,91.1127,0,0.098836
2026-03-12-22-24-55,NVIDIA GeForce GTX 970,CUDA,GEMM_Adam_CUDA,compute,GPU,10,25723027456,Adam,0.001,0.9,0.999,1e-08,19.0675,0,0.098836
2026-03-12-22-25-09,NVIDIA GeForce GTX 970,CUDA,GEMM_Adam_CUDA,data_transfer,GPU,10,25723027456,Adam,0.001,0.9,0.999,1e-08,91.8879,0,0.087122
2026-03-12-22-25-09,NVIDIA GeForce GTX 970,CUDA,GEMM_Adam_CUDA,compute,GPU,10,25723027456,Adam,0.001,0.9,0.999,1e-08,20.3029,0,0.087122
2026-03-12-22-25-23,NVIDIA GeForce GTX 970,CUDA,GEMM_Adam_CUDA,data_transfer,GPU,10,25723027456,Adam,0.001,0.9,0.999,1e-08,91.8941,0,0.0762331
2026-03-12-22-25-23,NVIDIA GeForce GTX 970,CUDA,GEMM_Adam_CUDA,compute,GPU,10,25723027456,Adam,0.001,0.9,0.999,1e-08,19.0739,0,0.0762331
2026-03-12-22-25-38,NVIDIA GeForce GTX 970,CUDA,GEMM_Adam_CUDA,data_transfer,GPU,10,25723027456,Adam,0.001,0.9,0.999,1e-08,91.1336,0,0.0661711
2026-03-12-22-25-38,NVIDIA GeForce GTX 970,CUDA,GEMM_Adam_CUDA,compute,GPU,10,25723027456,Adam,0.001,0.9,0.999,1e-08,19.1157,0,0.0661711
2026-03-12-22-25-52,NVIDIA GeForce GTX 970,CUDA,GEMM_Adam_CUDA,data_transfer,GPU,10,25723027456,Adam,0.001,0.9,0.999,1e-08,94.1436,0,0.0569332
2026-03-12-22-25-52,NVIDIA GeForce GTX 970,CUDA,GEMM_Adam_CUDA,compute,GPU,10,25723027456,Adam,0.001,0.9,0.999,1e-08,19.083,0,0.0569332
2026-03-12-22-26-06,NVIDIA GeForce GTX 970,CUDA,GEMM_Adam_CUDA,data_transfer,GPU,10,25723027456,Adam,0.001,0.9,0.999,1e-08,93.5487,0,0.048512
2026-03-12-22-26-06,NVIDIA GeForce GTX 970,CUDA,GEMM_Adam_CUDA,compute,GPU,10,25723027456,Adam,0.001,0.9,0.999,1e-08,19.0815,0,0.048512
2026-03-12-22-26-20,NVIDIA GeForce GTX 970,CUDA,GEMM_Adam_CUDA,data_transfer,GPU,10,25723027456,Adam,0.001,0.9,0.999,1e-08,90.9284,0,0.0408949
2026-03-12-22-26-20,NVIDIA GeForce GTX 970,CUDA,GEMM_Adam_CUDA,compute,GPU,10,25723027456,Adam,0.001,0.9,0.999,1e-08,19.081,0,0.0408949
2026-03-12-22-26-33,NVIDIA GeForce GTX 970,CUDA,GEMM_Adam_CUDA,data_transfer,GPU,10,25723027456,Adam,0.001,0.9,0.999,1e-08,92.4537,0,0.0340643
2026-03-12-22-26-33,NVIDIA GeForce GTX 970,CUDA,GEMM_Adam_CUDA,compute,GPU,10,25723027456,Adam,0.001,0.9,0.999,1e-08,19.3154,0,0.0340643
2026-03-12-22-26-57,NVIDIA GeForce GTX 970,CUDA,GEMM_Adam_CUDA,data_transfer,GPU,10,25723027456,Adam,0.001,0.9,0.999,1e-08,91.2943,0,0
2026-03-12-22-26-57,NVIDIA GeForce GTX 970,CUDA,GEMM_Adam_CUDA,compute,GPU,10,25723027456,Adam,0.001,0.9,0.999,1e-08,19.1675,0,0
2026-03-12-22-27-11,NVIDIA GeForce GTX 970,CUDA,GEMM_Adam_CUDA,data_transfer,GPU,10,25723027456,Adam,0.001,0.9,0.999,1e-08,91.1371,0,0.111369
2026-03-12-22-27-11,NVIDIA GeForce GTX 970,CUDA,GEMM_Adam_CUDA,compute,GPU,10,25723027456,Adam,0.001,0.9,0.999,1e-08,19.1211,0,0.111369
2026-03-12-22-27-26,NVIDIA GeForce GTX 970,CUDA,GEMM_Adam_CUDA,data_transfer,GPU,10,25723027456,Adam,0.001,0.9,0.999,1e-08,94.2131,0,0.098836
2026-03-12-22-27-26,NVIDIA GeForce GTX 970,CUDA,GEMM_Adam_CUDA,compute,GPU,10,25723027456,Adam,0.001,0.9,0.999,1e-08,19.095,0,0.098836
2026-03-12-22-27-42,NVIDIA GeForce GTX 970,CUDA,GEMM_Adam_CUDA,data_transfer,GPU,10,25723027456,Adam,0.001,0.9,0.999,1e-08,95.3787,0,0.087122
2026-03-12-22-27-42,NVIDIA GeForce GTX 970,CUDA,GEMM_Adam_CUDA,compute,GPU,10,25723027456,Adam,0.001,0.9,0.999,1e-08,19.0903,0,0.087122
2026-03-12-22-27-57,NVIDIA GeForce GTX 970,CUDA,GEMM_Adam_CUDA,data_transfer,GPU,10,25723027456,Adam,0.001,0.9,0.999,1e-08,95.1842,0,0.0762331
2026-03-12-22-27-57,NVIDIA GeForce GTX 970,CUDA,GEMM_Adam_CUDA,compute,GPU,10,25723027456,Adam,0.001,0.9,0.999,1e-08,19.0816,0,0.0762331
2026-03-12-22-28-12,NVIDIA GeForce GTX 970,CUDA,GEMM_Adam_CUDA,data_transfer,GPU,10,25723027456,Adam,0.001,0.9,0.999,1e-08,89.5449,0,0.0661711
2026-03-12-22-28-12,NVIDIA GeForce GTX 970,CUDA,GEMM_Adam_CUDA,compute,GPU,10,25723027456,Adam,0.001,0.9,0.999,1e-08,19.0876,0,0.0661711
2026-03-12-22-28-27,NVIDIA GeForce GTX 970,CUDA,GEMM_Adam_CUDA,data_transfer,GPU,10,25723027456,Adam,0.001,0.9,0.999,1e-08,92.3337,0,0.0569332
2026-03-12-22-28-27,NVIDIA GeForce GTX 970,CUDA,GEMM_Adam_CUDA,compute,GPU,10,25723027456,Adam,0.001,0.9,0.999,1e-08,19.0844,0,0.0569332
2026-03-12-22-28-42,NVIDIA GeForce GTX 970,CUDA,GEMM_Adam_CUDA,data_transfer,GPU,10,25723027456,Adam,0.001,0.9,0.999,1e-08,91.6642,0,0.048512
2026-03-12-22-28-42,NVIDIA GeForce GTX 970,CUDA,GEMM_Adam_CUDA,compute,GPU,10,25723027456,Adam,0.001,0.9,0.999,1e-08,19.0937,0,0.048512
2026-03-12-22-28-57,NVIDIA GeForce GTX 970,CUDA,GEMM_Adam_CUDA,data_transfer,GPU,10,25723027456,Adam,0.001,0.9,0.999,1e-08,89.8146,0,0.0408949
2026-03-12-22-28-57,NVIDIA GeForce GTX 970,CUDA,GEMM_Adam_CUDA,compute,GPU,10,25723027456,Adam,0.001,0.9,0.999,1e-08,19.0697,0,0.0408949
2026-03-12-22-29-12,NVIDIA GeForce GTX 970,CUDA,GEMM_Adam_CUDA,data_transfer,GPU,10,25723027456,Adam,0.001,0.9,0.999,1e-08,89.7584,0,0.0340643
2026-03-12-22-29-12,NVIDIA GeForce GTX 970,CUDA,GEMM_Adam_CUDA,compute,GPU,10,25723027456,Adam,0.001,0.9,0.999,1e-08,19.0793,0,0.0340643
2026-03-12-22-29-40,NVIDIA GeForce GTX 970,CUDA,GEMM_Adam_CUDA,data_transfer,GPU,10,25723027456,Adam,0.001,0.9,0.999,1e-08,93.8565,0,0
2026-03-12-22-29-40,NVIDIA GeForce GTX 970,CUDA,GEMM_Adam_CUDA,compute,GPU,10,25723027456,Adam,0.001,0.9,0.999,1e-08,19.181,0,0
2026-03-12-22-29-57,NVIDIA GeForce GTX 970,CUDA,GEMM_Adam_CUDA,data_transfer,GPU,10,25723027456,Adam,0.001,0.9,0.999,1e-08,92.8262,0,0.111369
2026-03-12-22-29-57,NVIDIA GeForce GTX 970,CUDA,GEMM_Adam_CUDA,compute,GPU,10,25723027456,Adam,0.001,0.9,0.999,1e-08,19.0909,0,0.111369
2026-03-12-22-30-12,NVIDIA GeForce GTX 970,CUDA,GEMM_Adam_CUDA,data_transfer,GPU,10,25723027456,Adam,0.001,0.9,0.999,1e-08,90.949,0,0.098836
2026-03-12-22-30-12,NVIDIA GeForce GTX 970,CUDA,GEMM_Adam_CUDA,compute,GPU,10,25723027456,Adam,0.001,0.9,0.999,1e-08,19.0741,0,0.098836
2026-03-12-22-30-28,NVIDIA GeForce GTX 970,CUDA,GEMM_Adam_CUDA,data_transfer,GPU,10,25723027456,Adam,0.001,0.9,0.999,1e-08,96.7618,0,0.087122
2026-03-12-22-30-28,NVIDIA GeForce GTX 970,CUDA,GEMM_Adam_CUDA,compute,GPU,10,25723027456,Adam,0.001,0.9,0.999,1e-08,19.073,0,0.087122
2026-03-12-22-30-43,NVIDIA GeForce GTX 970,CUDA,GEMM_Adam_CUDA,data_transfer,GPU,10,25723027456,Adam,0.001,0.9,0.999,1e-08,92.3552,0,0.0762331
2026-03-12-22-30-43,NVIDIA GeForce GTX 970,CUDA,GEMM_Adam_CUDA,compute,GPU,10,25723027456,Adam,0.001,0.9,0.999,1e-08,20.3321,0,0.0762331
2026-03-12-22-30-58,NVIDIA GeForce GTX 970,CUDA,GEMM_Adam_CUDA,data_transfer,GPU,10,25723027456,Adam,0.001,0.9,0.999,1e-08,91.7151,0,0.0661711
2026-03-12-22-30-58,NVIDIA GeForce GTX 970,CUDA,GEMM_Adam_CUDA,compute,GPU,10,25723027456,Adam,0.001,0.9,0.999,1e-08,19.0834,0,0.0661711
2026-03-12-22-31-13,NVIDIA GeForce GTX 970,CUDA,GEMM_Adam_CUDA,data_transfer,GPU,10,25723027456,Adam,0.001,0.9,0.999,1e-08,94.3526,0,0.0569332
2026-03-12-22-31-13,NVIDIA GeForce GTX 970,CUDA,GEMM_Adam_CUDA,compute,GPU,10,25723027456,Adam,0.001,0.9,0.999,1e-08,19.0839,0,0.0569332
2026-03-12-22-31-28,NVIDIA GeForce GTX 970,CUDA,GEMM_Adam_CUDA,data_transfer,GPU,10,25723027456,Adam,0.001,0.9,0.999,1e-08,94.2276,0,0.048512
2026-03-12-22-31-28,NVIDIA GeForce GTX 970,CUDA,GEMM_Adam_CUDA,compute,GPU,10,25723027456,Adam,0.001,0.9,0.999,1e-08,19.1172,0,0.048512
2026-03-12-22-31-42,NVIDIA GeForce GTX 970,CUDA,GEMM_Adam_CUDA,data_transfer,GPU,10,25723027456,Adam,0.001,0.9,0.999,1e-08,93.851,0,0.0408949
2026-03-12-22-31-42,NVIDIA GeForce GTX 970,CUDA,GEMM_Adam_CUDA,compute,GPU,10,25723027456,Adam,0.001,0.9,0.999,1e-08,19.0806,0,0.0408949
2026-03-12-22-31-56,NVIDIA GeForce GTX 970,CUDA,GEMM_Adam_CUDA,data_transfer,GPU,10,25723027456,Adam,0.001,0.9,0.999,1e-08,92.8985,0,0.0340643
2026-03-12-22-31-56,NVIDIA GeForce GTX 970,CUDA,GEMM_Adam_CUDA,compute,GPU,10,25723027456,Adam,0.001,0.9,0.999,1e-08,19.1119,0,0.0340643
2026-03-16-13-51-03,Quadro RTX 5000,CUDA,GEMM_Adam_CUDA,data_transfer,GPU,10,4145299456,Adam,0.001,0.9,0.999,1e-08,26.6997,0,0
2026-03-16-13-51-03,Quadro RTX 5000,CUDA,GEMM_Adam_CUDA,compute,GPU,10,4145299456,Adam,0.001,0.9,0.999,1e-08,1.26909,0,0
2026-03-16-13-51-05,Quadro RTX 5000,CUDA,GEMM_Adam_CUDA,data_transfer,GPU,10,4145299456,Adam,0.001,0.9,0.999,1e-08,27.045,0,0.044708
2026-03-16-13-51-05,Quadro RTX 5000,CUDA,GEMM_Adam_CUDA,compute,GPU,10,4145299456,Adam,0.001,0.9,0.999,1e-08,1.13373,0,0.044708
2026-03-16-13-51-06,Quadro RTX 5000,CUDA,GEMM_Adam_CUDA,data_transfer,GPU,10,4145299456,Adam,0.001,0.9,0.999,1e-08,26.4164,0,0.0413558
2026-03-16-13-51-06,Quadro RTX 5000,CUDA,GEMM_Adam_CUDA,compute,GPU,10,4145299456,Adam,0.001,0.9,0.999,1e-08,1.12621,0,0.0413558
2026-03-16-13-51-08,Quadro RTX 5000,CUDA,GEMM_Adam_CUDA,data_transfer,GPU,10,4145299456,Adam,0.001,0.9,0.999,1e-08,26.9878,0,0.0381521
2026-03-16-13-51-08,Quadro RTX 5000,CUDA,GEMM_Adam_CUDA,compute,GPU,10,4145299456,Adam,0.001,0.9,0.999,1e-08,1.13539,0,0.0381521
2026-03-16-13-51-10,Quadro RTX 5000,CUDA,GEMM_Adam_CUDA,data_transfer,GPU,10,4145299456,Adam,0.001,0.9,0.999,1e-08,26.5095,0,0.0350981
2026-03-16-13-51-10,Quadro RTX 5000,CUDA,GEMM_Adam_CUDA,compute,GPU,10,4145299456,Adam,0.001,0.9,0.999,1e-08,1.12083,0,0.0350981
2026-03-16-13-51-12,Quadro RTX 5000,CUDA,GEMM_Adam_CUDA,data_transfer,GPU,10,4145299456,Adam,0.001,0.9,0.999,1e-08,26.3379,0,0.0321947
2026-03-16-13-51-12,Quadro RTX 5000,CUDA,GEMM_Adam_CUDA,compute,GPU,10,4145299456,Adam,0.001,0.9,0.999,1e-08,1.12189,0,0.0321947
2026-03-16-13-51-14,Quadro RTX 5000,CUDA,GEMM_Adam_CUDA,data_transfer,GPU,10,4145299456,Adam,0.001,0.9,0.999,1e-08,26.6025,0,0.0294422
2026-03-16-13-51-14,Quadro RTX 5000,CUDA,GEMM_Adam_CUDA,compute,GPU,10,4145299456,Adam,0.001,0.9,0.999,1e-08,1.13565,0,0.0294422
2026-03-16-13-51-16,Quadro RTX 5000,CUDA,GEMM_Adam_CUDA,data_transfer,GPU,10,4145299456,Adam,0.001,0.9,0.999,1e-08,26.4968,0,0.0268402
2026-03-16-13-51-16,Quadro RTX 5000,CUDA,GEMM_Adam_CUDA,compute,GPU,10,4145299456,Adam,0.001,0.9,0.999,1e-08,1.12096,0,0.0268402
2026-03-16-13-51-17,Quadro RTX 5000,CUDA,GEMM_Adam_CUDA,data_transfer,GPU,10,4145299456,Adam,0.001,0.9,0.999,1e-08,26.4114,0,0.0243879
2026-03-16-13-51-17,Quadro RTX 5000,CUDA,GEMM_Adam_CUDA,compute,GPU,10,4145299456,Adam,0.001,0.9,0.999,1e-08,1.12022,0,0.0243879
2026-03-16-13-51-19,Quadro RTX 5000,CUDA,GEMM_Adam_CUDA,data_transfer,GPU,10,4145299456,Adam,0.001,0.9,0.999,1e-08,26.7153,0,0.0220838
2026-03-16-13-51-19,Quadro RTX 5000,CUDA,GEMM_Adam_CUDA,compute,GPU,10,4145299456,Adam,0.001,0.9,0.999,1e-08,1.13648,0,0.0220838
2026-03-16-13-53-37,Quadro RTX 5000,CUDA,GEMM_Adam_CUDA,data_transfer,GPU,10,4145299456,Adam,0.001,0.9,0.999,1e-08,26.6499,0,0
2026-03-16-13-53-37,Quadro RTX 5000,CUDA,GEMM_Adam_CUDA,compute,GPU,10,4145299456,Adam,0.001,0.9,0.999,1e-08,1.22701,0,0
2026-03-16-13-53-39,Quadro RTX 5000,CUDA,GEMM_Adam_CUDA,data_transfer,GPU,10,4145299456,Adam,0.001,0.9,0.999,1e-08,26.9855,0,0.044708
2026-03-16-13-53-39,Quadro RTX 5000,CUDA,GEMM_Adam_CUDA,compute,GPU,10,4145299456,Adam,0.001,0.9,0.999,1e-08,1.13379,0,0.044708
2026-03-16-13-53-40,Quadro RTX 5000,CUDA,GEMM_Adam_CUDA,data_transfer,GPU,10,4145299456,Adam,0.001,0.9,0.999,1e-08,26.4715,0,0.0413558
2026-03-16-13-53-40,Quadro RTX 5000,CUDA,GEMM_Adam_CUDA,compute,GPU,10,4145299456,Adam,0.001,0.9,0.999,1e-08,1.12669,0,0.0413558
2026-03-16-13-53-42,Quadro RTX 5000,CUDA,GEMM_Adam_CUDA,data_transfer,GPU,10,4145299456,Adam,0.001,0.9,0.999,1e-08,26.9863,0,0.0381521
2026-03-16-13-53-42,Quadro RTX 5000,CUDA,GEMM_Adam_CUDA,compute,GPU,10,4145299456,Adam,0.001,0.9,0.999,1e-08,1.13696,0,0.0381521
2026-03-16-13-53-44,Quadro RTX 5000,CUDA,GEMM_Adam_CUDA,data_transfer,GPU,10,4145299456,Adam,0.001,0.9,0.999,1e-08,26.4112,0,0.0350981
2026-03-16-13-53-44,Quadro RTX 5000,CUDA,GEMM_Adam_CUDA,compute,GPU,10,4145299456,Adam,0.001,0.9,0.999,1e-08,1.12042,0,0.0350981
2026-03-16-13-53-46,Quadro RTX 5000,CUDA,GEMM_Adam_CUDA,data_transfer,GPU,10,4145299456,Adam,0.001,0.9,0.999,1e-08,26.5007,0,0.0321947
2026-03-16-13-53-46,Quadro RTX 5000,CUDA,GEMM_Adam_CUDA,compute,GPU,10,4145299456,Adam,0.001,0.9,0.999,1e-08,1.12038,0,0.0321947
2026-03-16-13-53-48,Quadro RTX 5000,CUDA,GEMM_Adam_CUDA,data_transfer,GPU,10,4145299456,Adam,0.001,0.9,0.999,1e-08,26.7644,0,0.0294422
2026-03-16-13-53-48,Quadro RTX 5000,CUDA,GEMM_Adam_CUDA,compute,GPU,10,4145299456,Adam,0.001,0.9,0.999,1e-08,1.13552,0,0.0294422
2026-03-16-13-53-49,Quadro RTX 5000,CUDA,GEMM_Adam_CUDA,data_transfer,GPU,10,4145299456,Adam,0.001,0.9,0.999,1e-08,26.4055,0,0.0268402
2026-03-16-13-53-49,Quadro RTX 5000,CUDA,GEMM_Adam_CUDA,compute,GPU,10,4145299456,Adam,0.001,0.9,0.999,1e-08,1.12253,0,0.0268402
2026-03-16-13-53-51,Quadro RTX 5000,CUDA,GEMM_Adam_CUDA,data_transfer,GPU,10,4145299456,Adam,0.001,0.9,0.999,1e-08,26.4791,0,0.0243879
2026-03-16-13-53-51,Quadro RTX 5000,CUDA,GEMM_Adam_CUDA,compute,GPU,10,4145299456,Adam,0.001,0.9,0.999,1e-08,1.1199,0,0.0243879
2026-03-16-13-53-53,Quadro RTX 5000,CUDA,GEMM_Adam_CUDA,data_transfer,GPU,10,4145299456,Adam,0.001,0.9,0.999,1e-08,26.656,0,0.0220838
2026-03-16-13-53-53,Quadro RTX 5000,CUDA,GEMM_Adam_CUDA,compute,GPU,10,4145299456,Adam,0.001,0.9,0.999,1e-08,1.1369,0,0.0220838
2026-03-16-13-53-56,Quadro RTX 5000,CUDA,GEMM_Adam_CUDA,data_transfer,GPU,10,4145299456,Adam,0.001,0.9,0.999,1e-08,26.6886,0,0
2026-03-16-13-53-56,Quadro RTX 5000,CUDA,GEMM_Adam_CUDA,compute,GPU,10,4145299456,Adam,0.001,0.9,0.999,1e-08,1.2216,0,0
2026-03-16-13-53-58,Quadro RTX 5000,CUDA,GEMM_Adam_CUDA,data_transfer,GPU,10,4145299456,Adam,0.001,0.9,0.999,1e-08,26.9481,0,0.044708
2026-03-16-13-53-58,Quadro RTX 5000,CUDA,GEMM_Adam_CUDA,compute,GPU,10,4145299456,Adam,0.001,0.9,0.999,1e-08,1.13235,0,0.044708
2026-03-16-13-54-00,Quadro RTX 5000,CUDA,GEMM_Adam_CUDA,data_transfer,GPU,10,4145299456,Adam,0.001,0.9,0.999,1e-08,25.9216,0,0.0413558
2026-03-16-13-54-00,Quadro RTX 5000,CUDA,GEMM_Adam_CUDA,compute,GPU,10,4145299456,Adam,0.001,0.9,0.999,1e-08,1.12528,0,0.0413558
2026-03-16-13-54-02,Quadro RTX 5000,CUDA,GEMM_Adam_CUDA,data_transfer,GPU,10,4145299456,Adam,0.001,0.9,0.999,1e-08,26.579,0,0.0381521
2026-03-16-13-54-02,Quadro RTX 5000,CUDA,GEMM_Adam_CUDA,compute,GPU,10,4145299456,Adam,0.001,0.9,0.999,1e-08,1.13274,0,0.0381521
2026-03-16-13-54-03,Quadro RTX 5000,CUDA,GEMM_Adam_CUDA,data_transfer,GPU,10,4145299456,Adam,0.001,0.9,0.999,1e-08,26.1087,0,0.0350981
2026-03-16-13-54-03,Quadro RTX 5000,CUDA,GEMM_Adam_CUDA,compute,GPU,10,4145299456,Adam,0.001,0.9,0.999,1e-08,1.11987,0,0.0350981
2026-03-16-13-54-05,Quadro RTX 5000,CUDA,GEMM_Adam_CUDA,data_transfer,GPU,10,4145299456,Adam,0.001,0.9,0.999,1e-08,26.4304,0,0.0321947
2026-03-16-13-54-05,Quadro RTX 5000,CUDA,GEMM_Adam_CUDA,compute,GPU,10,4145299456,Adam,0.001,0.9,0.999,1e-08,1.11926,0,0.0321947
2026-03-16-13-54-07,Quadro RTX 5000,CUDA,GEMM_Adam_CUDA,data_transfer,GPU,10,4145299456,Adam,0.001,0.9,0.999,1e-08,26.7809,0,0.0294422
2026-03-16-13-54-07,Quadro RTX 5000,CUDA,GEMM_Adam_CUDA,compute,GPU,10,4145299456,Adam,0.001,0.9,0.999,1e-08,1.14106,0,0.0294422
2026-03-16-13-54-09,Quadro RTX 5000,CUDA,GEMM_Adam_CUDA,data_transfer,GPU,10,4145299456,Adam,0.001,0.9,0.999,1e-08,26.4932,0,0.0268402
2026-03-16-13-54-09,Quadro RTX 5000,CUDA,GEMM_Adam_CUDA,compute,GPU,10,4145299456,Adam,0.001,0.9,0.999,1e-08,1.1199,0,0.0268402
2026-03-16-13-54-11,Quadro RTX 5000,CUDA,GEMM_Adam_CUDA,data_transfer,GPU,10,4145299456,Adam,0.001,0.9,0.999,1e-08,26.3934,0,0.0243879
2026-03-16-13-54-11,Quadro RTX 5000,CUDA,GEMM_Adam_CUDA,compute,GPU,10,4145299456,Adam,0.001,0.9,0.999,1e-08,1.11866,0,0.0243879
2026-03-16-13-54-12,Quadro RTX 5000,CUDA,GEMM_Adam_CUDA,data_transfer,GPU,10,4145299456,Adam,0.001,0.9,0.999,1e-08,26.8716,0,0.0220838
2026-03-16-13-54-12,Quadro RTX 5000,CUDA,GEMM_Adam_CUDA,compute,GPU,10,4145299456,Adam,0.001,0.9,0.999,1e-08,1.13398,0,0.0220838
2026-03-16-13-54-16,Quadro RTX 5000,CUDA,GEMM_Adam_CUDA,data_transfer,GPU,10,4145299456,Adam,0.001,0.9,0.999,1e-08,26.6757,0,0
2026-03-16-13-54-16,Quadro RTX 5000,CUDA,GEMM_Adam_CUDA,compute,GPU,10,4145299456,Adam,0.001,0.9,0.999,1e-08,1.22954,0,0
2026-03-16-13-54-17,Quadro RTX 5000,CUDA,GEMM_Adam_CUDA,data_transfer,GPU,10,4145299456,Adam,0.001,0.9,0.999,1e-08,26.9168,0,0.044708
2026-03-16-13-54-17,Quadro RTX 5000,CUDA,GEMM_Adam_CUDA,compute,GPU,10,4145299456,Adam,0.001,0.9,0.999,1e-08,1.13254,0,0.044708
2026-03-16-13-54-19,Quadro RTX 5000,CUDA,GEMM_Adam_CUDA,data_transfer,GPU,10,4145299456,Adam,0.001,0.9,0.999,1e-08,26.4015,0,0.0413558
2026-03-16-13-54-19,Quadro RTX 5000,CUDA,GEMM_Adam_CUDA,compute,GPU,10,4145299456,Adam,0.001,0.9,0.999,1e-08,1.12435,0,0.0413558
2026-03-16-13-54-21,Quadro RTX 5000,CUDA,GEMM_Adam_CUDA,data_transfer,GPU,10,4145299456,Adam,0.001,0.9,0.999,1e-08,26.8906,0,0.0381521
2026-03-16-13-54-21,Quadro RTX 5000,CUDA,GEMM_Adam_CUDA,compute,GPU,10,4145299456,Adam,0.001,0.9,0.999,1e-08,1.13344,0,0.0381521
2026-03-16-13-54-23,Quadro RTX 5000,CUDA,GEMM_Adam_CUDA,data_transfer,GPU,10,4145299456,Adam,0.001,0.9,0.999,1e-08,26.3847,0,0.0350981
2026-03-16-13-54-23,Quadro RTX 5000,CUDA,GEMM_Adam_CUDA,compute,GPU,10,4145299456,Adam,0.001,0.9,0.999,1e-08,1.12006,0,0.0350981
2026-03-16-13-54-25,Quadro RTX 5000,CUDA,GEMM_Adam_CUDA,data_transfer,GPU,10,4145299456,Adam,0.001,0.9,0.999,1e-08,26.3426,0,0.0321947
2026-03-16-13-54-25,Quadro RTX 5000,CUDA,GEMM_Adam_CUDA,compute,GPU,10,4145299456,Adam,0.001,0.9,0.999,1e-08,1.12099,0,0.0321947
2026-03-16-13-54-26,Quadro RTX 5000,CUDA,GEMM_Adam_CUDA,data_transfer,GPU,10,4145299456,Adam,0.001,0.9,0.999,1e-08,26.6619,0,0.0294422
2026-03-16-13-54-26,Quadro RTX 5000,CUDA,GEMM_Adam_CUDA,compute,GPU,10,4145299456,Adam,0.001,0.9,0.999,1e-08,1.13376,0,0.0294422
2026-03-16-13-54-28,Quadro RTX 5000,CUDA,GEMM_Adam_CUDA,data_transfer,GPU,10,4145299456,Adam,0.001,0.9,0.999,1e-08,26.4191,0,0.0268402
2026-03-16-13-54-28,Quadro RTX 5000,CUDA,GEMM_Adam_CUDA,compute,GPU,10,4145299456,Adam,0.001,0.9,0.999,1e-08,1.12093,0,0.0268402
2026-03-16-13-54-30,Quadro RTX 5000,CUDA,GEMM_Adam_CUDA,data_transfer,GPU,10,4145299456,Adam,0.001,0.9,0.999,1e-08,26.3344,0,0.0243879
2026-03-16-13-54-30,Quadro RTX 5000,CUDA,GEMM_Adam_CUDA,compute,GPU,10,4145299456,Adam,0.001,0.9,0.999,1e-08,1.11946,0,0.0243879
2026-03-16-13-54-32,Quadro RTX 5000,CUDA,GEMM_Adam_CUDA,data_transfer,GPU,10,4145299456,Adam,0.001,0.9,0.999,1e-08,26.7194,0,0.0220838
2026-03-16-13-54-32,Quadro RTX 5000,CUDA,GEMM_Adam_CUDA,compute,GPU,10,4145299456,Adam,0.001,0.9,0.999,1e-08,1.13424,0,0.0220838
2026-03-16-13-54-35,Quadro RTX 5000,CUDA,GEMM_Adam_CUDA,data_transfer,GPU,10,4145299456,Adam,0.001,0.9,0.999,1e-08,26.7174,0,0
2026-03-16-13-54-35,Quadro RTX 5000,CUDA,GEMM_Adam_CUDA,compute,GPU,10,4145299456,Adam,0.001,0.9,0.999,1e-08,1.23056,0,0
2026-03-16-13-54-37,Quadro RTX 5000,CUDA,GEMM_Adam_CUDA,data_transfer,GPU,10,4145299456,Adam,0.001,0.9,0.999,1e-08,27.3939,0,0.044708
2026-03-16-13-54-37,Quadro RTX 5000,CUDA,GEMM_Adam_CUDA,compute,GPU,10,4145299456,Adam,0.001,0.9,0.999,1e-08,1.1345,0,0.044708
2026-03-16-13-54-39,Quadro RTX 5000,CUDA,GEMM_Adam_CUDA,data_transfer,GPU,10,4145299456,Adam,0.001,0.9,0.999,1e-08,26.4212,0,0.0413558
2026-03-16-13-54-39,Quadro RTX 5000,CUDA,GEMM_Adam_CUDA,compute,GPU,10,4145299456,Adam,0.001,0.9,0.999,1e-08,1.12374,0,0.0413558
2026-03-16-13-54-41,Quadro RTX 5000,CUDA,GEMM_Adam_CUDA,data_transfer,GPU,10,4145299456,Adam,0.001,0.9,0.999,1e-08,27.3994,0,0.0381521
2026-03-16-13-54-41,Quadro RTX 5000,CUDA,GEMM_Adam_CUDA,compute,GPU,10,4145299456,Adam,0.001,0.9,0.999,1e-08,1.13363,0,0.0381521
2026-03-16-13-54-42,Quadro RTX 5000,CUDA,GEMM_Adam_CUDA,data_transfer,GPU,10,4145299456,Adam,0.001,0.9,0.999,1e-08,26.4246,0,0.0350981
2026-03-16-13-54-42,Quadro RTX 5000,CUDA,GEMM_Adam_CUDA,compute,GPU,10,4145299456,Adam,0.001,0.9,0.999,1e-08,1.11946,0,0.0350981
2026-03-16-13-54-44,Quadro RTX 5000,CUDA,GEMM_Adam_CUDA,data_transfer,GPU,10,4145299456,Adam,0.001,0.9,0.999,1e-08,26.4384,0,0.0321947
2026-03-16-13-54-44,Quadro RTX 5000,CUDA,GEMM_Adam_CUDA,compute,GPU,10,4145299456,Adam,0.001,0.9,0.999,1e-08,1.11917,0,0.0321947
2026-03-16-13-54-46,Quadro RTX 5000,CUDA,GEMM_Adam_CUDA,data_transfer,GPU,10,4145299456,Adam,0.001,0.9,0.999,1e-08,26.8235,0,0.0294422
2026-03-16-13-54-46,Quadro RTX 5000,CUDA,GEMM_Adam_CUDA,compute,GPU,10,4145299456,Adam,0.001,0.9,0.999,1e-08,1.13552,0,0.0294422
2026-03-16-13-54-48,Quadro RTX 5000,CUDA,GEMM_Adam_CUDA,data_transfer,GPU,10,4145299456,Adam,0.001,0.9,0.999,1e-08,26.512,0,0.0268402
2026-03-16-13-54-48,Quadro RTX 5000,CUDA,GEMM_Adam_CUDA,compute,GPU,10,4145299456,Adam,0.001,0.9,0.999,1e-08,1.12074,0,0.0268402
2026-03-16-13-54-49,Quadro RTX 5000,CUDA,GEMM_Adam_CUDA,data_transfer,GPU,10,4145299456,Adam,0.001,0.9,0.999,1e-08,26.4157,0,0.0243879
2026-03-16-13-54-49,Quadro RTX 5000,CUDA,GEMM_Adam_CUDA,compute,GPU,10,4145299456,Adam,0.001,0.9,0.999,1e-08,1.12042,0,0.0243879
2026-03-16-13-54-51,Quadro RTX 5000,CUDA,GEMM_Adam_CUDA,data_transfer,GPU,10,4145299456,Adam,0.001,0.9,0.999,1e-08,26.9519,0,0.0220838
2026-03-16-13-54-51,Quadro RTX 5000,CUDA,GEMM_Adam_CUDA,compute,GPU,10,4145299456,Adam,0.001,0.9,0.999,1e-08,1.13414,0,0.0220838
2026-03-16-13-54-54,Quadro RTX 5000,CUDA,GEMM_Adam_CUDA,data_transfer,GPU,10,4145299456,Adam,0.001,0.9,0.999,1e-08,26.7016,0,0
2026-03-16-13-54-54,Quadro RTX 5000,CUDA,GEMM_Adam_CUDA,compute,GPU,10,4145299456,Adam,0.001,0.9,0.999,1e-08,1.24301,0,0
2026-03-16-13-54-56,Quadro RTX 5000,CUDA,GEMM_Adam_CUDA,data_transfer,GPU,10,4145299456,Adam,0.001,0.9,0.999,1e-08,26.844,0,0.044708
2026-03-16-13-54-56,Quadro RTX 5000,CUDA,GEMM_Adam_CUDA,compute,GPU,10,4145299456,Adam,0.001,0.9,0.999,1e-08,1.13251,0,0.044708
2026-03-16-13-54-58,Quadro RTX 5000,CUDA,GEMM_Adam_CUDA,data_transfer,GPU,10,4145299456,Adam,0.001,0.9,0.999,1e-08,26.3329,0,0.0413558
2026-03-16-13-54-58,Quadro RTX 5000,CUDA,GEMM_Adam_CUDA,compute,GPU,10,4145299456,Adam,0.001,0.9,0.999,1e-08,1.12496,0,0.0413558
2026-03-16-13-55-00,Quadro RTX 5000,CUDA,GEMM_Adam_CUDA,data_transfer,GPU,10,4145299456,Adam,0.001,0.9,0.999,1e-08,27.0153,0,0.0381521
2026-03-16-13-55-00,Quadro RTX 5000,CUDA,GEMM_Adam_CUDA,compute,GPU,10,4145299456,Adam,0.001,0.9,0.999,1e-08,1.13517,0,0.0381521
2026-03-16-13-55-02,Quadro RTX 5000,CUDA,GEMM_Adam_CUDA,data_transfer,GPU,10,4145299456,Adam,0.001,0.9,0.999,1e-08,26.6433,0,0.0350981
2026-03-16-13-55-02,Quadro RTX 5000,CUDA,GEMM_Adam_CUDA,compute,GPU,10,4145299456,Adam,0.001,0.9,0.999,1e-08,1.11968,0,0.0350981
2026-03-16-13-55-03,Quadro RTX 5000,CUDA,GEMM_Adam_CUDA,data_transfer,GPU,10,4145299456,Adam,0.001,0.9,0.999,1e-08,26.449,0,0.0321947
2026-03-16-13-55-03,Quadro RTX 5000,CUDA,GEMM_Adam_CUDA,compute,GPU,10,4145299456,Adam,0.001,0.9,0.999,1e-08,1.11901,0,0.0321947
2026-03-16-13-55-05,Quadro RTX 5000,CUDA,GEMM_Adam_CUDA,data_transfer,GPU,10,4145299456,Adam,0.001,0.9,0.999,1e-08,26.7159,0,0.0294422
2026-03-16-13-55-05,Quadro RTX 5000,CUDA,GEMM_Adam_CUDA,compute,GPU,10,4145299456,Adam,0.001,0.9,0.999,1e-08,1.13539,0,0.0294422
2026-03-16-13-55-07,Quadro RTX 5000,CUDA,GEMM_Adam_CUDA,data_transfer,GPU,10,4145299456,Adam,0.001,0.9,0.999,1e-08,26.3833,0,0.0268402
2026-03-16-13-55-07,Quadro RTX 5000,CUDA,GEMM_Adam_CUDA,compute,GPU,10,4145299456,Adam,0.001,0.9,0.999,1e-08,1.1216,0,0.0268402
2026-03-16-13-55-09,Quadro RTX 5000,CUDA,GEMM_Adam_CUDA,data_transfer,GPU,10,4145299456,Adam,0.001,0.9,0.999,1e-08,26.449,0,0.0243879
2026-03-16-13-55-09,Quadro RTX 5000,CUDA,GEMM_Adam_CUDA,compute,GPU,10,4145299456,Adam,0.001,0.9,0.999,1e-08,1.12134,0,0.0243879
2026-03-16-13-55-10,Quadro RTX 5000,CUDA,GEMM_Adam_CUDA,data_transfer,GPU,10,4145299456,Adam,0.001,0.9,0.999,1e-08,26.7511,0,0.0220838
2026-03-16-13-55-10,Quadro RTX 5000,CUDA,GEMM_Adam_CUDA,compute,GPU,10,4145299456,Adam,0.001,0.9,0.999,1e-08,1.13571,0,0.0220838
2026-03-16-13-56-22,Quadro RTX 5000,CUDA,GEMM_Adam_CUDA,data_transfer,GPU,10,6461587456,Adam,0.001,0.9,0.999,1e-08,41.4581,0,0
2026-03-16-13-56-22,Quadro RTX 5000,CUDA,GEMM_Adam_CUDA,compute,GPU,10,6461587456,Adam,0.001,0.9,0.999,1e-08,1.84934,0,0
2026-03-16-13-56-25,Quadro RTX 5000,CUDA,GEMM_Adam_CUDA,data_transfer,GPU,10,6461587456,Adam,0.001,0.9,0.999,1e-08,42.0756,0,0.0557353
2026-03-16-13-56-25,Quadro RTX 5000,CUDA,GEMM_Adam_CUDA,compute,GPU,10,6461587456,Adam,0.001,0.9,0.999,1e-08,1.74979,0,0.0557353
2026-03-16-13-56-28,Quadro RTX 5000,CUDA,GEMM_Adam_CUDA,data_transfer,GPU,10,6461587456,Adam,0.001,0.9,0.999,1e-08,42.0996,0,0.0511177
2026-03-16-13-56-28,Quadro RTX 5000,CUDA,GEMM_Adam_CUDA,compute,GPU,10,6461587456,Adam,0.001,0.9,0.999,1e-08,1.75219,0,0.0511177
2026-03-16-13-56-30,Quadro RTX 5000,CUDA,GEMM_Adam_CUDA,data_transfer,GPU,10,6461587456,Adam,0.001,0.9,0.999,1e-08,41.4226,0,0.0467242
2026-03-16-13-56-30,Quadro RTX 5000,CUDA,GEMM_Adam_CUDA,compute,GPU,10,6461587456,Adam,0.001,0.9,0.999,1e-08,1.73741,0,0.0467242
2026-03-16-13-56-33,Quadro RTX 5000,CUDA,GEMM_Adam_CUDA,data_transfer,GPU,10,6461587456,Adam,0.001,0.9,0.999,1e-08,41.5155,0,0.0425569
2026-03-16-13-56-33,Quadro RTX 5000,CUDA,GEMM_Adam_CUDA,compute,GPU,10,6461587456,Adam,0.001,0.9,0.999,1e-08,1.75235,0,0.0425569
2026-03-16-13-56-36,Quadro RTX 5000,CUDA,GEMM_Adam_CUDA,data_transfer,GPU,10,6461587456,Adam,0.001,0.9,0.999,1e-08,42.1373,0,0.0386169
2026-03-16-13-56-36,Quadro RTX 5000,CUDA,GEMM_Adam_CUDA,compute,GPU,10,6461587456,Adam,0.001,0.9,0.999,1e-08,1.75901,0,0.0386169
2026-03-16-13-56-39,Quadro RTX 5000,CUDA,GEMM_Adam_CUDA,data_transfer,GPU,10,6461587456,Adam,0.001,0.9,0.999,1e-08,41.4108,0,0.0349044
2026-03-16-13-56-39,Quadro RTX 5000,CUDA,GEMM_Adam_CUDA,compute,GPU,10,6461587456,Adam,0.001,0.9,0.999,1e-08,1.74102,0,0.0349044
2026-03-16-13-56-41,Quadro RTX 5000,CUDA,GEMM_Adam_CUDA,data_transfer,GPU,10,6461587456,Adam,0.001,0.9,0.999,1e-08,41.5398,0,0.0314187
2026-03-16-13-56-41,Quadro RTX 5000,CUDA,GEMM_Adam_CUDA,compute,GPU,10,6461587456,Adam,0.001,0.9,0.999,1e-08,1.73827,0,0.0314187
2026-03-16-13-56-44,Quadro RTX 5000,CUDA,GEMM_Adam_CUDA,data_transfer,GPU,10,6461587456,Adam,0.001,0.9,0.999,1e-08,41.4422,0,0.0281581
2026-03-16-13-56-44,Quadro RTX 5000,CUDA,GEMM_Adam_CUDA,compute,GPU,10,6461587456,Adam,0.001,0.9,0.999,1e-08,1.7527,0,0.0281581
2026-03-16-13-56-47,Quadro RTX 5000,CUDA,GEMM_Adam_CUDA,data_transfer,GPU,10,6461587456,Adam,0.001,0.9,0.999,1e-08,41.3555,0,0.0251202
2026-03-16-13-56-47,Quadro RTX 5000,CUDA,GEMM_Adam_CUDA,compute,GPU,10,6461587456,Adam,0.001,0.9,0.999,1e-08,1.73667,0,0.0251202
2026-03-16-13-56-52,Quadro RTX 5000,CUDA,GEMM_Adam_CUDA,data_transfer,GPU,10,6461587456,Adam,0.001,0.9,0.999,1e-08,41.3085,0,0
2026-03-16-13-56-52,Quadro RTX 5000,CUDA,GEMM_Adam_CUDA,compute,GPU,10,6461587456,Adam,0.001,0.9,0.999,1e-08,1.84422,0,0
2026-03-16-13-56-55,Quadro RTX 5000,CUDA,GEMM_Adam_CUDA,data_transfer,GPU,10,6461587456,Adam,0.001,0.9,0.999,1e-08,41.2493,0,0.0557353
2026-03-16-13-56-55,Quadro RTX 5000,CUDA,GEMM_Adam_CUDA,compute,GPU,10,6461587456,Adam,0.001,0.9,0.999,1e-08,1.7512,0,0.0557353
2026-03-16-13-56-58,Quadro RTX 5000,CUDA,GEMM_Adam_CUDA,data_transfer,GPU,10,6461587456,Adam,0.001,0.9,0.999,1e-08,42.021,0,0.0511177
2026-03-16-13-56-58,Quadro RTX 5000,CUDA,GEMM_Adam_CUDA,compute,GPU,10,6461587456,Adam,0.001,0.9,0.999,1e-08,1.7527,0,0.0511177
2026-03-16-13-57-01,Quadro RTX 5000,CUDA,GEMM_Adam_CUDA,data_transfer,GPU,10,6461587456,Adam,0.001,0.9,0.999,1e-08,41.4906,0,0.0467242
2026-03-16-13-57-01,Quadro RTX 5000,CUDA,GEMM_Adam_CUDA,compute,GPU,10,6461587456,Adam,0.001,0.9,0.999,1e-08,1.75162,0,0.0467242
2026-03-16-13-57-04,Quadro RTX 5000,CUDA,GEMM_Adam_CUDA,data_transfer,GPU,10,6461587456,Adam,0.001,0.9,0.999,1e-08,41.4265,0,0.0425569
2026-03-16-13-57-04,Quadro RTX 5000,CUDA,GEMM_Adam_CUDA,compute,GPU,10,6461587456,Adam,0.001,0.9,0.999,1e-08,1.73936,0,0.0425569
2026-03-16-13-57-06,Quadro RTX 5000,CUDA,GEMM_Adam_CUDA,data_transfer,GPU,10,6461587456,Adam,0.001,0.9,0.999,1e-08,42.0341,0,0.0386169
2026-03-16-13-57-06,Quadro RTX 5000,CUDA,GEMM_Adam_CUDA,compute,GPU,10,6461587456,Adam,0.001,0.9,0.999,1e-08,1.75114,0,0.0386169
2026-03-16-13-57-09,Quadro RTX 5000,CUDA,GEMM_Adam_CUDA,data_transfer,GPU,10,6461587456,Adam,0.001,0.9,0.999,1e-08,41.1758,0,0.0349044
2026-03-16-13-57-09,Quadro RTX 5000,CUDA,GEMM_Adam_CUDA,compute,GPU,10,6461587456,Adam,0.001,0.9,0.999,1e-08,1.74042,0,0.0349044
2026-03-16-13-57-12,Quadro RTX 5000,CUDA,GEMM_Adam_CUDA,data_transfer,GPU,10,6461587456,Adam,0.001,0.9,0.999,1e-08,41.9431,0,0.0314187
2026-03-16-13-57-12,Quadro RTX 5000,CUDA,GEMM_Adam_CUDA,compute,GPU,10,6461587456,Adam,0.001,0.9,0.999,1e-08,1.7519,0,0.0314187
2026-03-16-13-57-15,Quadro RTX 5000,CUDA,GEMM_Adam_CUDA,data_transfer,GPU,10,6461587456,Adam,0.001,0.9,0.999,1e-08,41.3441,0,0.0281581
2026-03-16-13-57-15,Quadro RTX 5000,CUDA,GEMM_Adam_CUDA,compute,GPU,10,6461587456,Adam,0.001,0.9,0.999,1e-08,1.7377,0,0.0281581
2026-03-16-13-57-17,Quadro RTX 5000,CUDA,GEMM_Adam_CUDA,data_transfer,GPU,10,6461587456,Adam,0.001,0.9,0.999,1e-08,41.2839,0,0.0251202
2026-03-16-13-57-17,Quadro RTX 5000,CUDA,GEMM_Adam_CUDA,compute,GPU,10,6461587456,Adam,0.001,0.9,0.999,1e-08,1.736,0,0.0251202
2026-03-16-13-57-22,Quadro RTX 5000,CUDA,GEMM_Adam_CUDA,data_transfer,GPU,10,6461587456,Adam,0.001,0.9,0.999,1e-08,41.3018,0,0
2026-03-16-13-57-22,Quadro RTX 5000,CUDA,GEMM_Adam_CUDA,compute,GPU,10,6461587456,Adam,0.001,0.9,0.999,1e-08,1.84701,0,0
2026-03-16-13-57-25,Quadro RTX 5000,CUDA,GEMM_Adam_CUDA,data_transfer,GPU,10,6461587456,Adam,0.001,0.9,0.999,1e-08,41.9378,0,0.0557353
2026-03-16-13-57-25,Quadro RTX 5000,CUDA,GEMM_Adam_CUDA,compute,GPU,10,6461587456,Adam,0.001,0.9,0.999,1e-08,1.75158,0,0.0557353
2026-03-16-13-57-28,Quadro RTX 5000,CUDA,GEMM_Adam_CUDA,data_transfer,GPU,10,6461587456,Adam,0.001,0.9,0.999,1e-08,41.876,0,0.0511177
2026-03-16-13-57-28,Quadro RTX 5000,CUDA,GEMM_Adam_CUDA,compute,GPU,10,6461587456,Adam,0.001,0.9,0.999,1e-08,1.75491,0,0.0511177
2026-03-16-13-57-31,Quadro RTX 5000,CUDA,GEMM_Adam_CUDA,data_transfer,GPU,10,6461587456,Adam,0.001,0.9,0.999,1e-08,41.9255,0,0.0467242
2026-03-16-13-57-31,Quadro RTX 5000,CUDA,GEMM_Adam_CUDA,compute,GPU,10,6461587456,Adam,0.001,0.9,0.999,1e-08,1.75338,0,0.0467242
2026-03-16-13-57-34,Quadro RTX 5000,CUDA,GEMM_Adam_CUDA,data_transfer,GPU,10,6461587456,Adam,0.001,0.9,0.999,1e-08,41.3158,0,0.0425569
2026-03-16-13-57-34,Quadro RTX 5000,CUDA,GEMM_Adam_CUDA,compute,GPU,10,6461587456,Adam,0.001,0.9,0.999,1e-08,1.73862,0,0.0425569
2026-03-16-13-57-37,Quadro RTX 5000,CUDA,GEMM_Adam_CUDA,data_transfer,GPU,10,6461587456,Adam,0.001,0.9,0.999,1e-08,41.729,0,0.0386169
2026-03-16-13-57-37,Quadro RTX 5000,CUDA,GEMM_Adam_CUDA,compute,GPU,10,6461587456,Adam,0.001,0.9,0.999,1e-08,1.75299,0,0.0386169
2026-03-16-13-57-39,Quadro RTX 5000,CUDA,GEMM_Adam_CUDA,data_transfer,GPU,10,6461587456,Adam,0.001,0.9,0.999,1e-08,41.372,0,0.0349044
2026-03-16-13-57-39,Quadro RTX 5000,CUDA,GEMM_Adam_CUDA,compute,GPU,10,6461587456,Adam,0.001,0.9,0.999,1e-08,1.74413,0,0.0349044
2026-03-16-13-57-42,Quadro RTX 5000,CUDA,GEMM_Adam_CUDA,data_transfer,GPU,10,6461587456,Adam,0.001,0.9,0.999,1e-08,41.8129,0,0.0314187
2026-03-16-13-57-42,Quadro RTX 5000,CUDA,GEMM_Adam_CUDA,compute,GPU,10,6461587456,Adam,0.001,0.9,0.999,1e-08,1.75213,0,0.0314187
2026-03-16-13-57-45,Quadro RTX 5000,CUDA,GEMM_Adam_CUDA,data_transfer,GPU,10,6461587456,Adam,0.001,0.9,0.999,1e-08,41.2762,0,0.0281581
2026-03-16-13-57-45,Quadro RTX 5000,CUDA,GEMM_Adam_CUDA,compute,GPU,10,6461587456,Adam,0.001,0.9,0.999,1e-08,1.73862,0,0.0281581
2026-03-16-13-57-48,Quadro RTX 5000,CUDA,GEMM_Adam_CUDA,data_transfer,GPU,10,6461587456,Adam,0.001,0.9,0.999,1e-08,41.2921,0,0.0251202
2026-03-16-13-57-48,Quadro RTX 5000,CUDA,GEMM_Adam_CUDA,compute,GPU,10,6461587456,Adam,0.001,0.9,0.999,1e-08,1.73754,0,0.0251202
2026-03-16-13-57-52,Quadro RTX 5000,CUDA,GEMM_Adam_CUDA,data_transfer,GPU,10,6461587456,Adam,0.001,0.9,0.999,1e-08,41.296,0,0
2026-03-16-13-57-52,Quadro RTX 5000,CUDA,GEMM_Adam_CUDA,compute,GPU,10,6461587456,Adam,0.001,0.9,0.999,1e-08,1.84486,0,0
2026-03-16-13-57-55,Quadro RTX 5000,CUDA,GEMM_Adam_CUDA,data_transfer,GPU,10,6461587456,Adam,0.001,0.9,0.999,1e-08,41.9751,0,0.0557353
2026-03-16-13-57-55,Quadro RTX 5000,CUDA,GEMM_Adam_CUDA,compute,GPU,10,6461587456,Adam,0.001,0.9,0.999,1e-08,1.75133,0,0.0557353
2026-03-16-13-57-58,Quadro RTX 5000,CUDA,GEMM_Adam_CUDA,data_transfer,GPU,10,6461587456,Adam,0.001,0.9,0.999,1e-08,41.9664,0,0.0511177
2026-03-16-13-57-58,Quadro RTX 5000,CUDA,GEMM_Adam_CUDA,compute,GPU,10,6461587456,Adam,0.001,0.9,0.999,1e-08,1.75229,0,0.0511177
2026-03-16-13-58-01,Quadro RTX 5000,CUDA,GEMM_Adam_CUDA,data_transfer,GPU,10,6461587456,Adam,0.001,0.9,0.999,1e-08,41.5843,0,0.0467242
2026-03-16-13-58-01,Quadro RTX 5000,CUDA,GEMM_Adam_CUDA,compute,GPU,10,6461587456,Adam,0.001,0.9,0.999,1e-08,1.75168,0,0.0467242
2026-03-16-13-58-04,Quadro RTX 5000,CUDA,GEMM_Adam_CUDA,data_transfer,GPU,10,6461587456,Adam,0.001,0.9,0.999,1e-08,41.3526,0,0.0425569
2026-03-16-13-58-04,Quadro RTX 5000,CUDA,GEMM_Adam_CUDA,compute,GPU,10,6461587456,Adam,0.001,0.9,0.999,1e-08,1.73658,0,0.0425569
2026-03-16-13-58-07,Quadro RTX 5000,CUDA,GEMM_Adam_CUDA,data_transfer,GPU,10,6461587456,Adam,0.001,0.9,0.999,1e-08,41.8964,0,0.0386169
2026-03-16-13-58-07,Quadro RTX 5000,CUDA,GEMM_Adam_CUDA,compute,GPU,10,6461587456,Adam,0.001,0.9,0.999,1e-08,1.75152,0,0.0386169
2026-03-16-13-58-09,Quadro RTX 5000,CUDA,GEMM_Adam_CUDA,data_transfer,GPU,10,6461587456,Adam,0.001,0.9,0.999,1e-08,41.4065,0,0.0349044
2026-03-16-13-58-09,Quadro RTX 5000,CUDA,GEMM_Adam_CUDA,compute,GPU,10,6461587456,Adam,0.001,0.9,0.999,1e-08,1.74198,0,0.0349044
2026-03-16-13-58-12,Quadro RTX 5000,CUDA,GEMM_Adam_CUDA,data_transfer,GPU,10,6461587456,Adam,0.001,0.9,0.999,1e-08,41.228,0,0.0314187
2026-03-16-13-58-12,Quadro RTX 5000,CUDA,GEMM_Adam_CUDA,compute,GPU,10,6461587456,Adam,0.001,0.9,0.999,1e-08,1.73693,0,0.0314187
2026-03-16-13-58-15,Quadro RTX 5000,CUDA,GEMM_Adam_CUDA,data_transfer,GPU,10,6461587456,Adam,0.001,0.9,0.999,1e-08,41.7323,0,0.0281581
2026-03-16-13-58-15,Quadro RTX 5000,CUDA,GEMM_Adam_CUDA,compute,GPU,10,6461587456,Adam,0.001,0.9,0.999,1e-08,1.75949,0,0.0281581
2026-03-16-13-58-18,Quadro RTX 5000,CUDA,GEMM_Adam_CUDA,data_transfer,GPU,10,6461587456,Adam,0.001,0.9,0.999,1e-08,41.3728,0,0.0251202
2026-03-16-13-58-18,Quadro RTX 5000,CUDA,GEMM_Adam_CUDA,compute,GPU,10,6461587456,Adam,0.001,0.9,0.999,1e-08,1.73613,0,0.0251202
2026-03-16-13-58-23,Quadro RTX 5000,CUDA,GEMM_Adam_CUDA,data_transfer,GPU,10,6461587456,Adam,0.001,0.9,0.999,1e-08,41.5282,0,0
2026-03-16-13-58-23,Quadro RTX 5000,CUDA,GEMM_Adam_CUDA,compute,GPU,10,6461587456,Adam,0.001,0.9,0.999,1e-08,1.85693,0,0
2026-03-16-13-58-25,Quadro RTX 5000,CUDA,GEMM_Adam_CUDA,data_transfer,GPU,10,6461587456,Adam,0.001,0.9,0.999,1e-08,41.9156,0,0.0557353
2026-03-16-13-58-26,Quadro RTX 5000,CUDA,GEMM_Adam_CUDA,compute,GPU,10,6461587456,Adam,0.001,0.9,0.999,1e-08,1.75219,0,0.0557353
2026-03-16-13-58-28,Quadro RTX 5000,CUDA,GEMM_Adam_CUDA,data_transfer,GPU,10,6461587456,Adam,0.001,0.9,0.999,1e-08,41.8445,0,0.0511177
2026-03-16-13-58-28,Quadro RTX 5000,CUDA,GEMM_Adam_CUDA,compute,GPU,10,6461587456,Adam,0.001,0.9,0.999,1e-08,1.75526,0,0.0511177
2026-03-16-13-58-31,Quadro RTX 5000,CUDA,GEMM_Adam_CUDA,data_transfer,GPU,10,6461587456,Adam,0.001,0.9,0.999,1e-08,41.8514,0,0.0467242
2026-03-16-13-58-31,Quadro RTX 5000,CUDA,GEMM_Adam_CUDA,compute,GPU,10,6461587456,Adam,0.001,0.9,0.999,1e-08,1.75296,0,0.0467242
2026-03-16-13-58-34,Quadro RTX 5000,CUDA,GEMM_Adam_CUDA,data_transfer,GPU,10,6461587456,Adam,0.001,0.9,0.999,1e-08,41.2316,0,0.0425569
2026-03-16-13-58-34,Quadro RTX 5000,CUDA,GEMM_Adam_CUDA,compute,GPU,10,6461587456,Adam,0.001,0.9,0.999,1e-08,1.73827,0,0.0425569
2026-03-16-13-58-37,Quadro RTX 5000,CUDA,GEMM_Adam_CUDA,data_transfer,GPU,10,6461587456,Adam,0.001,0.9,0.999,1e-08,41.8144,0,0.0386169
2026-03-16-13-58-37,Quadro RTX 5000,CUDA,GEMM_Adam_CUDA,compute,GPU,10,6461587456,Adam,0.001,0.9,0.999,1e-08,1.75232,0,0.0386169
2026-03-16-13-58-40,Quadro RTX 5000,CUDA,GEMM_Adam_CUDA,data_transfer,GPU,10,6461587456,Adam,0.001,0.9,0.999,1e-08,41.2598,0,0.0349044
2026-03-16-13-58-40,Quadro RTX 5000,CUDA,GEMM_Adam_CUDA,compute,GPU,10,6461587456,Adam,0.001,0.9,0.999,1e-08,1.74221,0,0.0349044
2026-03-16-13-58-42,Quadro RTX 5000,CUDA,GEMM_Adam_CUDA,data_transfer,GPU,10,6461587456,Adam,0.001,0.9,0.999,1e-08,41.8903,0,0.0314187
2026-03-16-13-58-42,Quadro RTX 5000,CUDA,GEMM_Adam_CUDA,compute,GPU,10,6461587456,Adam,0.001,0.9,0.999,1e-08,1.75309,0,0.0314187
2026-03-16-13-58-45,Quadro RTX 5000,CUDA,GEMM_Adam_CUDA,data_transfer,GPU,10,6461587456,Adam,0.001,0.9,0.999,1e-08,41.1579,0,0.0281581
2026-03-16-13-58-45,Quadro RTX 5000,CUDA,GEMM_Adam_CUDA,compute,GPU,10,6461587456,Adam,0.001,0.9,0.999,1e-08,1.73747,0,0.0281581
2026-03-16-13-58-48,Quadro RTX 5000,CUDA,GEMM_Adam_CUDA,data_transfer,GPU,10,6461587456,Adam,0.001,0.9,0.999,1e-08,41.2219,0,0.0251202
2026-03-16-13-58-48,Quadro RTX 5000,CUDA,GEMM_Adam_CUDA,compute,GPU,10,6461587456,Adam,0.001,0.9,0.999,1e-08,1.73907,0,0.0251202
2026-03-16-13-59-23,Quadro RTX 5000,CUDA,GEMM_Adam_CUDA,data_transfer,GPU,10,9289875456,Adam,0.001,0.9,0.999,1e-08,59.5142,0,0
2026-03-16-13-59-23,Quadro RTX 5000,CUDA,GEMM_Adam_CUDA,compute,GPU,10,9289875456,Adam,0.001,0.9,0.999,1e-08,2.60086,0,0
2026-03-16-13-59-26,Quadro RTX 5000,CUDA,GEMM_Adam_CUDA,data_transfer,GPU,10,9289875456,Adam,0.001,0.9,0.999,1e-08,60.1117,0,0.0669067
2026-03-16-13-59-26,Quadro RTX 5000,CUDA,GEMM_Adam_CUDA,compute,GPU,10,9289875456,Adam,0.001,0.9,0.999,1e-08,2.50646,0,0.0669067
2026-03-16-13-59-30,Quadro RTX 5000,CUDA,GEMM_Adam_CUDA,data_transfer,GPU,10,9289875456,Adam,0.001,0.9,0.999,1e-08,60.059,0,0.060907
2026-03-16-13-59-30,Quadro RTX 5000,CUDA,GEMM_Adam_CUDA,compute,GPU,10,9289875456,Adam,0.001,0.9,0.999,1e-08,2.50883,0,0.060907
2026-03-16-13-59-34,Quadro RTX 5000,CUDA,GEMM_Adam_CUDA,data_transfer,GPU,10,9289875456,Adam,0.001,0.9,0.999,1e-08,59.9436,0,0.0552209
2026-03-16-13-59-34,Quadro RTX 5000,CUDA,GEMM_Adam_CUDA,compute,GPU,10,9289875456,Adam,0.001,0.9,0.999,1e-08,2.50595,0,0.0552209
2026-03-16-13-59-38,Quadro RTX 5000,CUDA,GEMM_Adam_CUDA,data_transfer,GPU,10,9289875456,Adam,0.001,0.9,0.999,1e-08,60.0792,0,0.049851
2026-03-16-13-59-38,Quadro RTX 5000,CUDA,GEMM_Adam_CUDA,compute,GPU,10,9289875456,Adam,0.001,0.9,0.999,1e-08,2.50794,0,0.049851
2026-03-16-13-59-43,Quadro RTX 5000,CUDA,GEMM_Adam_CUDA,data_transfer,GPU,10,9289875456,Adam,0.001,0.9,0.999,1e-08,59.7643,0,0.0447989
2026-03-16-13-59-43,Quadro RTX 5000,CUDA,GEMM_Adam_CUDA,compute,GPU,10,9289875456,Adam,0.001,0.9,0.999,1e-08,2.49466,0,0.0447989
2026-03-16-13-59-47,Quadro RTX 5000,CUDA,GEMM_Adam_CUDA,data_transfer,GPU,10,9289875456,Adam,0.001,0.9,0.999,1e-08,59.9688,0,0.0400645
2026-03-16-13-59-47,Quadro RTX 5000,CUDA,GEMM_Adam_CUDA,compute,GPU,10,9289875456,Adam,0.001,0.9,0.999,1e-08,2.50435,0,0.0400645
2026-03-16-13-59-50,Quadro RTX 5000,CUDA,GEMM_Adam_CUDA,data_transfer,GPU,10,9289875456,Adam,0.001,0.9,0.999,1e-08,59.5259,0,0.0356467
2026-03-16-13-59-50,Quadro RTX 5000,CUDA,GEMM_Adam_CUDA,compute,GPU,10,9289875456,Adam,0.001,0.9,0.999,1e-08,2.49683,0,0.0356467
2026-03-16-13-59-54,Quadro RTX 5000,CUDA,GEMM_Adam_CUDA,data_transfer,GPU,10,9289875456,Adam,0.001,0.9,0.999,1e-08,59.965,0,0.0315426
2026-03-16-13-59-54,Quadro RTX 5000,CUDA,GEMM_Adam_CUDA,compute,GPU,10,9289875456,Adam,0.001,0.9,0.999,1e-08,2.50624,0,0.0315426
2026-03-16-13-59-58,Quadro RTX 5000,CUDA,GEMM_Adam_CUDA,data_transfer,GPU,10,9289875456,Adam,0.001,0.9,0.999,1e-08,59.2872,0,0.0277482
2026-03-16-13-59-58,Quadro RTX 5000,CUDA,GEMM_Adam_CUDA,compute,GPU,10,9289875456,Adam,0.001,0.9,0.999,1e-08,2.49197,0,0.0277482
2026-03-16-14-00-05,Quadro RTX 5000,CUDA,GEMM_Adam_CUDA,data_transfer,GPU,10,9289875456,Adam,0.001,0.9,0.999,1e-08,59.3688,0,0
2026-03-16-14-00-05,Quadro RTX 5000,CUDA,GEMM_Adam_CUDA,compute,GPU,10,9289875456,Adam,0.001,0.9,0.999,1e-08,2.5952,0,0
2026-03-16-14-00-09,Quadro RTX 5000,CUDA,GEMM_Adam_CUDA,data_transfer,GPU,10,9289875456,Adam,0.001,0.9,0.999,1e-08,60.1947,0,0.0669067
2026-03-16-14-00-09,Quadro RTX 5000,CUDA,GEMM_Adam_CUDA,compute,GPU,10,9289875456,Adam,0.001,0.9,0.999,1e-08,2.50563,0,0.0669067
2026-03-16-14-00-13,Quadro RTX 5000,CUDA,GEMM_Adam_CUDA,data_transfer,GPU,10,9289875456,Adam,0.001,0.9,0.999,1e-08,59.9787,0,0.060907
2026-03-16-14-00-13,Quadro RTX 5000,CUDA,GEMM_Adam_CUDA,compute,GPU,10,9289875456,Adam,0.001,0.9,0.999,1e-08,2.50784,0,0.060907
2026-03-16-14-00-17,Quadro RTX 5000,CUDA,GEMM_Adam_CUDA,data_transfer,GPU,10,9289875456,Adam,0.001,0.9,0.999,1e-08,60.3144,0,0.0552209
2026-03-16-14-00-17,Quadro RTX 5000,CUDA,GEMM_Adam_CUDA,compute,GPU,10,9289875456,Adam,0.001,0.9,0.999,1e-08,2.51414,0,0.0552209
2026-03-16-14-00-21,Quadro RTX 5000,CUDA,GEMM_Adam_CUDA,data_transfer,GPU,10,9289875456,Adam,0.001,0.9,0.999,1e-08,58.7014,0,0.049851
2026-03-16-14-00-21,Quadro RTX 5000,CUDA,GEMM_Adam_CUDA,compute,GPU,10,9289875456,Adam,0.001,0.9,0.999,1e-08,2.50346,0,0.049851
2026-03-16-14-00-25,Quadro RTX 5000,CUDA,GEMM_Adam_CUDA,data_transfer,GPU,10,9289875456,Adam,0.001,0.9,0.999,1e-08,59.3965,0,0.0447989
2026-03-16-14-00-25,Quadro RTX 5000,CUDA,GEMM_Adam_CUDA,compute,GPU,10,9289875456,Adam,0.001,0.9,0.999,1e-08,2.49507,0,0.0447989
2026-03-16-14-00-29,Quadro RTX 5000,CUDA,GEMM_Adam_CUDA,data_transfer,GPU,10,9289875456,Adam,0.001,0.9,0.999,1e-08,59.9091,0,0.0400645
2026-03-16-14-00-29,Quadro RTX 5000,CUDA,GEMM_Adam_CUDA,compute,GPU,10,9289875456,Adam,0.001,0.9,0.999,1e-08,2.50218,0,0.0400645
2026-03-16-14-00-33,Quadro RTX 5000,CUDA,GEMM_Adam_CUDA,data_transfer,GPU,10,9289875456,Adam,0.001,0.9,0.999,1e-08,59.9,0,0.0356467
2026-03-16-14-00-33,Quadro RTX 5000,CUDA,GEMM_Adam_CUDA,compute,GPU,10,9289875456,Adam,0.001,0.9,0.999,1e-08,2.49638,0,0.0356467
2026-03-16-14-00-37,Quadro RTX 5000,CUDA,GEMM_Adam_CUDA,data_transfer,GPU,10,9289875456,Adam,0.001,0.9,0.999,1e-08,59.7231,0,0.0315426
2026-03-16-14-00-37,Quadro RTX 5000,CUDA,GEMM_Adam_CUDA,compute,GPU,10,9289875456,Adam,0.001,0.9,0.999,1e-08,2.49882,0,0.0315426
2026-03-16-14-00-41,Quadro RTX 5000,CUDA,GEMM_Adam_CUDA,data_transfer,GPU,10,9289875456,Adam,0.001,0.9,0.999,1e-08,59.2517,0,0.0277482
2026-03-16-14-00-41,Quadro RTX 5000,CUDA,GEMM_Adam_CUDA,compute,GPU,10,9289875456,Adam,0.001,0.9,0.999,1e-08,2.49114,0,0.0277482
2026-03-16-14-00-48,Quadro RTX 5000,CUDA,GEMM_Adam_CUDA,data_transfer,GPU,10,9289875456,Adam,0.001,0.9,0.999,1e-08,59.1566,0,0
2026-03-16-14-00-48,Quadro RTX 5000,CUDA,GEMM_Adam_CUDA,compute,GPU,10,9289875456,Adam,0.001,0.9,0.999,1e-08,2.60141,0,0
2026-03-16-14-00-52,Quadro RTX 5000,CUDA,GEMM_Adam_CUDA,data_transfer,GPU,10,9289875456,Adam,0.001,0.9,0.999,1e-08,59.4963,0,0.0669067
2026-03-16-14-00-52,Quadro RTX 5000,CUDA,GEMM_Adam_CUDA,compute,GPU,10,9289875456,Adam,0.001,0.9,0.999,1e-08,2.49642,0,0.0669067
2026-03-16-14-00-56,Quadro RTX 5000,CUDA,GEMM_Adam_CUDA,data_transfer,GPU,10,9289875456,Adam,0.001,0.9,0.999,1e-08,59.5903,0,0.060907
2026-03-16-14-00-56,Quadro RTX 5000,CUDA,GEMM_Adam_CUDA,compute,GPU,10,9289875456,Adam,0.001,0.9,0.999,1e-08,2.50656,0,0.060907
2026-03-16-14-01-00,Quadro RTX 5000,CUDA,GEMM_Adam_CUDA,data_transfer,GPU,10,9289875456,Adam,0.001,0.9,0.999,1e-08,59.9761,0,0.0552209
2026-03-16-14-01-00,Quadro RTX 5000,CUDA,GEMM_Adam_CUDA,compute,GPU,10,9289875456,Adam,0.001,0.9,0.999,1e-08,2.50832,0,0.0552209
2026-03-16-14-01-04,Quadro RTX 5000,CUDA,GEMM_Adam_CUDA,data_transfer,GPU,10,9289875456,Adam,0.001,0.9,0.999,1e-08,59.3759,0,0.049851
2026-03-16-14-01-04,Quadro RTX 5000,CUDA,GEMM_Adam_CUDA,compute,GPU,10,9289875456,Adam,0.001,0.9,0.999,1e-08,2.49485,0,0.049851
2026-03-16-14-01-08,Quadro RTX 5000,CUDA,GEMM_Adam_CUDA,data_transfer,GPU,10,9289875456,Adam,0.001,0.9,0.999,1e-08,60.2928,0,0.0447989
2026-03-16-14-01-08,Quadro RTX 5000,CUDA,GEMM_Adam_CUDA,compute,GPU,10,9289875456,Adam,0.001,0.9,0.999,1e-08,2.50666,0,0.0447989
2026-03-16-14-01-12,Quadro RTX 5000,CUDA,GEMM_Adam_CUDA,data_transfer,GPU,10,9289875456,Adam,0.001,0.9,0.999,1e-08,59.7487,0,0.0400645
2026-03-16-14-01-12,Quadro RTX 5000,CUDA,GEMM_Adam_CUDA,compute,GPU,10,9289875456,Adam,0.001,0.9,0.999,1e-08,2.50502,0,0.0400645
2026-03-16-14-01-16,Quadro RTX 5000,CUDA,GEMM_Adam_CUDA,data_transfer,GPU,10,9289875456,Adam,0.001,0.9,0.999,1e-08,59.3924,0,0.0356467
2026-03-16-14-01-16,Quadro RTX 5000,CUDA,GEMM_Adam_CUDA,compute,GPU,10,9289875456,Adam,0.001,0.9,0.999,1e-08,2.49258,0,0.0356467
2026-03-16-14-01-20,Quadro RTX 5000,CUDA,GEMM_Adam_CUDA,data_transfer,GPU,10,9289875456,Adam,0.001,0.9,0.999,1e-08,59.4447,0,0.0315426
2026-03-16-14-01-20,Quadro RTX 5000,CUDA,GEMM_Adam_CUDA,compute,GPU,10,9289875456,Adam,0.001,0.9,0.999,1e-08,2.49539,0,0.0315426
2026-03-16-14-01-24,Quadro RTX 5000,CUDA,GEMM_Adam_CUDA,data_transfer,GPU,10,9289875456,Adam,0.001,0.9,0.999,1e-08,59.5329,0,0.0277482
2026-03-16-14-01-24,Quadro RTX 5000,CUDA,GEMM_Adam_CUDA,compute,GPU,10,9289875456,Adam,0.001,0.9,0.999,1e-08,2.50432,0,0.0277482
2026-03-16-14-01-31,Quadro RTX 5000,CUDA,GEMM_Adam_CUDA,data_transfer,GPU,10,9289875456,Adam,0.001,0.9,0.999,1e-08,59.4074,0,0
2026-03-16-14-01-31,Quadro RTX 5000,CUDA,GEMM_Adam_CUDA,compute,GPU,10,9289875456,Adam,0.001,0.9,0.999,1e-08,2.6017,0,0
2026-03-16-14-01-35,Quadro RTX 5000,CUDA,GEMM_Adam_CUDA,data_transfer,GPU,10,9289875456,Adam,0.001,0.9,0.999,1e-08,60.0736,0,0.0669067
2026-03-16-14-01-35,Quadro RTX 5000,CUDA,GEMM_Adam_CUDA,compute,GPU,10,9289875456,Adam,0.001,0.9,0.999,1e-08,2.49955,0,0.0669067
2026-03-16-14-01-39,Quadro RTX 5000,CUDA,GEMM_Adam_CUDA,data_transfer,GPU,10,9289875456,Adam,0.001,0.9,0.999,1e-08,60.0709,0,0.060907
2026-03-16-14-01-39,Quadro RTX 5000,CUDA,GEMM_Adam_CUDA,compute,GPU,10,9289875456,Adam,0.001,0.9,0.999,1e-08,2.50192,0,0.060907
2026-03-16-14-01-43,Quadro RTX 5000,CUDA,GEMM_Adam_CUDA,data_transfer,GPU,10,9289875456,Adam,0.001,0.9,0.999,1e-08,60.1432,0,0.0552209
2026-03-16-14-01-43,Quadro RTX 5000,CUDA,GEMM_Adam_CUDA,compute,GPU,10,9289875456,Adam,0.001,0.9,0.999,1e-08,2.50211,0,0.0552209
2026-03-16-14-01-47,Quadro RTX 5000,CUDA,GEMM_Adam_CUDA,data_transfer,GPU,10,9289875456,Adam,0.001,0.9,0.999,1e-08,59.8813,0,0.049851
2026-03-16-14-01-47,Quadro RTX 5000,CUDA,GEMM_Adam_CUDA,compute,GPU,10,9289875456,Adam,0.001,0.9,0.999,1e-08,2.4999,0,0.049851
2026-03-16-14-01-51,Quadro RTX 5000,CUDA,GEMM_Adam_CUDA,data_transfer,GPU,10,9289875456,Adam,0.001,0.9,0.999,1e-08,59.5993,0,0.0447989
2026-03-16-14-01-51,Quadro RTX 5000,CUDA,GEMM_Adam_CUDA,compute,GPU,10,9289875456,Adam,0.001,0.9,0.999,1e-08,2.4945,0,0.0447989
2026-03-16-14-01-55,Quadro RTX 5000,CUDA,GEMM_Adam_CUDA,data_transfer,GPU,10,9289875456,Adam,0.001,0.9,0.999,1e-08,59.7813,0,0.0400645
2026-03-16-14-01-55,Quadro RTX 5000,CUDA,GEMM_Adam_CUDA,compute,GPU,10,9289875456,Adam,0.001,0.9,0.999,1e-08,2.4984,0,0.0400645
2026-03-16-14-01-59,Quadro RTX 5000,CUDA,GEMM_Adam_CUDA,data_transfer,GPU,10,9289875456,Adam,0.001,0.9,0.999,1e-08,59.6002,0,0.0356467
2026-03-16-14-01-59,Quadro RTX 5000,CUDA,GEMM_Adam_CUDA,compute,GPU,10,9289875456,Adam,0.001,0.9,0.999,1e-08,2.49632,0,0.0356467
2026-03-16-14-02-03,Quadro RTX 5000,CUDA,GEMM_Adam_CUDA,data_transfer,GPU,10,9289875456,Adam,0.001,0.9,0.999,1e-08,58.8227,0,0.0315426
2026-03-16-14-02-03,Quadro RTX 5000,CUDA,GEMM_Adam_CUDA,compute,GPU,10,9289875456,Adam,0.001,0.9,0.999,1e-08,2.49856,0,0.0315426
2026-03-16-14-02-07,Quadro RTX 5000,CUDA,GEMM_Adam_CUDA,data_transfer,GPU,10,9289875456,Adam,0.001,0.9,0.999,1e-08,59.4658,0,0.0277482
2026-03-16-14-02-07,Quadro RTX 5000,CUDA,GEMM_Adam_CUDA,compute,GPU,10,9289875456,Adam,0.001,0.9,0.999,1e-08,2.49232,0,0.0277482
2026-03-16-14-02-14,Quadro RTX 5000,CUDA,GEMM_Adam_CUDA,data_transfer,GPU,10,9289875456,Adam,0.001,0.9,0.999,1e-08,59.3475,0,0
2026-03-16-14-02-14,Quadro RTX 5000,CUDA,GEMM_Adam_CUDA,compute,GPU,10,9289875456,Adam,0.001,0.9,0.999,1e-08,2.59501,0,0
2026-03-16-14-02-18,Quadro RTX 5000,CUDA,GEMM_Adam_CUDA,data_transfer,GPU,10,9289875456,Adam,0.001,0.9,0.999,1e-08,60.0946,0,0.0669067
2026-03-16-14-02-18,Quadro RTX 5000,CUDA,GEMM_Adam_CUDA,compute,GPU,10,9289875456,Adam,0.001,0.9,0.999,1e-08,2.50029,0,0.0669067
2026-03-16-14-02-22,Quadro RTX 5000,CUDA,GEMM_Adam_CUDA,data_transfer,GPU,10,9289875456,Adam,0.001,0.9,0.999,1e-08,60.338,0,0.060907
2026-03-16-14-02-22,Quadro RTX 5000,CUDA,GEMM_Adam_CUDA,compute,GPU,10,9289875456,Adam,0.001,0.9,0.999,1e-08,2.50147,0,0.060907
2026-03-16-14-02-26,Quadro RTX 5000,CUDA,GEMM_Adam_CUDA,data_transfer,GPU,10,9289875456,Adam,0.001,0.9,0.999,1e-08,59.1487,0,0.0552209
2026-03-16-14-02-26,Quadro RTX 5000,CUDA,GEMM_Adam_CUDA,compute,GPU,10,9289875456,Adam,0.001,0.9,0.999,1e-08,2.49958,0,0.0552209
2026-03-16-14-02-30,Quadro RTX 5000,CUDA,GEMM_Adam_CUDA,data_transfer,GPU,10,9289875456,Adam,0.001,0.9,0.999,1e-08,59.5502,0,0.049851
2026-03-16-14-02-30,Quadro RTX 5000,CUDA,GEMM_Adam_CUDA,compute,GPU,10,9289875456,Adam,0.001,0.9,0.999,1e-08,2.4985,0,0.049851
2026-03-16-14-02-34,Quadro RTX 5000,CUDA,GEMM_Adam_CUDA,data_transfer,GPU,10,9289875456,Adam,0.001,0.9,0.999,1e-08,59.7389,0,0.0447989
2026-03-16-14-02-34,Quadro RTX 5000,CUDA,GEMM_Adam_CUDA,compute,GPU,10,9289875456,Adam,0.001,0.9,0.999,1e-08,2.49206,0,0.0447989
2026-03-16-14-02-38,Quadro RTX 5000,CUDA,GEMM_Adam_CUDA,data_transfer,GPU,10,9289875456,Adam,0.001,0.9,0.999,1e-08,59.6316,0,0.0400645
2026-03-16-14-02-38,Quadro RTX 5000,CUDA,GEMM_Adam_CUDA,compute,GPU,10,9289875456,Adam,0.001,0.9,0.999,1e-08,2.49731,0,0.0400645
2026-03-16-14-02-42,Quadro RTX 5000,CUDA,GEMM_Adam_CUDA,data_transfer,GPU,10,9289875456,Adam,0.001,0.9,0.999,1e-08,59.866,0,0.0356467
2026-03-16-14-02-42,Quadro RTX 5000,CUDA,GEMM_Adam_CUDA,compute,GPU,10,9289875456,Adam,0.001,0.9,0.999,1e-08,2.49475,0,0.0356467
2026-03-16-14-02-46,Quadro RTX 5000,CUDA,GEMM_Adam_CUDA,data_transfer,GPU,10,9289875456,Adam,0.001,0.9,0.999,1e-08,59.5084,0,0.0315426
2026-03-16-14-02-46,Quadro RTX 5000,CUDA,GEMM_Adam_CUDA,compute,GPU,10,9289875456,Adam,0.001,0.9,0.999,1e-08,2.49792,0,0.0315426
2026-03-16-14-02-50,Quadro RTX 5000,CUDA,GEMM_Adam_CUDA,data_transfer,GPU,10,9289875456,Adam,0.001,0.9,0.999,1e-08,59.2313,0,0.0277482
2026-03-16-14-02-50,Quadro RTX 5000,CUDA,GEMM_Adam_CUDA,compute,GPU,10,9289875456,Adam,0.001,0.9,0.999,1e-08,2.49232,0,0.0277482
2026-03-16-14-04-03,Quadro RTX 5000,CUDA,GEMM_Adam_CUDA,data_transfer,GPU,10,12630163456,Adam,0.001,0.9,0.999,1e-08,80.7006,0,0
2026-03-16-14-04-03,Quadro RTX 5000,CUDA,GEMM_Adam_CUDA,compute,GPU,10,12630163456,Adam,0.001,0.9,0.999,1e-08,3.48954,0,0
2026-03-16-14-04-09,Quadro RTX 5000,CUDA,GEMM_Adam_CUDA,data_transfer,GPU,10,12630163456,Adam,0.001,0.9,0.999,1e-08,81.22,0,0.0781934
2026-03-16-14-04-09,Quadro RTX 5000,CUDA,GEMM_Adam_CUDA,compute,GPU,10,12630163456,Adam,0.001,0.9,0.999,1e-08,3.39523,0,0.0781934
2026-03-16-14-04-14,Quadro RTX 5000,CUDA,GEMM_Adam_CUDA,data_transfer,GPU,10,12630163456,Adam,0.001,0.9,0.999,1e-08,81.0791,0,0.0706852
2026-03-16-14-04-14,Quadro RTX 5000,CUDA,GEMM_Adam_CUDA,compute,GPU,10,12630163456,Adam,0.001,0.9,0.999,1e-08,3.39738,0,0.0706852
2026-03-16-14-04-20,Quadro RTX 5000,CUDA,GEMM_Adam_CUDA,data_transfer,GPU,10,12630163456,Adam,0.001,0.9,0.999,1e-08,80.9745,0,0.0635963
2026-03-16-14-04-20,Quadro RTX 5000,CUDA,GEMM_Adam_CUDA,compute,GPU,10,12630163456,Adam,0.001,0.9,0.999,1e-08,3.39859,0,0.0635963
2026-03-16-14-04-25,Quadro RTX 5000,CUDA,GEMM_Adam_CUDA,data_transfer,GPU,10,12630163456,Adam,0.001,0.9,0.999,1e-08,81.2012,0,0.05693
2026-03-16-14-04-25,Quadro RTX 5000,CUDA,GEMM_Adam_CUDA,compute,GPU,10,12630163456,Adam,0.001,0.9,0.999,1e-08,3.3848,0,0.05693
2026-03-16-14-04-31,Quadro RTX 5000,CUDA,GEMM_Adam_CUDA,data_transfer,GPU,10,12630163456,Adam,0.001,0.9,0.999,1e-08,80.9569,0,0.050688
2026-03-16-14-04-31,Quadro RTX 5000,CUDA,GEMM_Adam_CUDA,compute,GPU,10,12630163456,Adam,0.001,0.9,0.999,1e-08,3.39539,0,0.050688
2026-03-16-14-04-36,Quadro RTX 5000,CUDA,GEMM_Adam_CUDA,data_transfer,GPU,10,12630163456,Adam,0.001,0.9,0.999,1e-08,80.8877,0,0.0448701
2026-03-16-14-04-36,Quadro RTX 5000,CUDA,GEMM_Adam_CUDA,compute,GPU,10,12630163456,Adam,0.001,0.9,0.999,1e-08,3.38794,0,0.0448701
2026-03-16-14-04-42,Quadro RTX 5000,CUDA,GEMM_Adam_CUDA,data_transfer,GPU,10,12630163456,Adam,0.001,0.9,0.999,1e-08,80.9191,0,0.0394741
2026-03-16-14-04-42,Quadro RTX 5000,CUDA,GEMM_Adam_CUDA,compute,GPU,10,12630163456,Adam,0.001,0.9,0.999,1e-08,3.39594,0,0.0394741
2026-03-16-14-04-47,Quadro RTX 5000,CUDA,GEMM_Adam_CUDA,data_transfer,GPU,10,12630163456,Adam,0.001,0.9,0.999,1e-08,80.769,0,0.0344957
2026-03-16-14-04-47,Quadro RTX 5000,CUDA,GEMM_Adam_CUDA,compute,GPU,10,12630163456,Adam,0.001,0.9,0.999,1e-08,3.38531,0,0.0344957
2026-03-16-14-04-53,Quadro RTX 5000,CUDA,GEMM_Adam_CUDA,data_transfer,GPU,10,12630163456,Adam,0.001,0.9,0.999,1e-08,81.2224,0,0.0299284
2026-03-16-14-04-53,Quadro RTX 5000,CUDA,GEMM_Adam_CUDA,compute,GPU,10,12630163456,Adam,0.001,0.9,0.999,1e-08,3.39421,0,0.0299284
2026-03-16-14-05-02,Quadro RTX 5000,CUDA,GEMM_Adam_CUDA,data_transfer,GPU,10,12630163456,Adam,0.001,0.9,0.999,1e-08,79.886,0,0
2026-03-16-14-05-02,Quadro RTX 5000,CUDA,GEMM_Adam_CUDA,compute,GPU,10,12630163456,Adam,0.001,0.9,0.999,1e-08,3.49302,0,0
2026-03-16-14-05-07,Quadro RTX 5000,CUDA,GEMM_Adam_CUDA,data_transfer,GPU,10,12630163456,Adam,0.001,0.9,0.999,1e-08,81.3689,0,0.0781934
2026-03-16-14-05-07,Quadro RTX 5000,CUDA,GEMM_Adam_CUDA,compute,GPU,10,12630163456,Adam,0.001,0.9,0.999,1e-08,3.39549,0,0.0781934
2026-03-16-14-05-13,Quadro RTX 5000,CUDA,GEMM_Adam_CUDA,data_transfer,GPU,10,12630163456,Adam,0.001,0.9,0.999,1e-08,81.6168,0,0.0706852
2026-03-16-14-05-13,Quadro RTX 5000,CUDA,GEMM_Adam_CUDA,compute,GPU,10,12630163456,Adam,0.001,0.9,0.999,1e-08,3.39693,0,0.0706852
2026-03-16-14-05-18,Quadro RTX 5000,CUDA,GEMM_Adam_CUDA,data_transfer,GPU,10,12630163456,Adam,0.001,0.9,0.999,1e-08,81.3354,0,0.0635963
2026-03-16-14-05-18,Quadro RTX 5000,CUDA,GEMM_Adam_CUDA,compute,GPU,10,12630163456,Adam,0.001,0.9,0.999,1e-08,3.39562,0,0.0635963
2026-03-16-14-05-23,Quadro RTX 5000,CUDA,GEMM_Adam_CUDA,data_transfer,GPU,10,12630163456,Adam,0.001,0.9,0.999,1e-08,81.3766,0,0.05693
2026-03-16-14-05-23,Quadro RTX 5000,CUDA,GEMM_Adam_CUDA,compute,GPU,10,12630163456,Adam,0.001,0.9,0.999,1e-08,3.38522,0,0.05693
2026-03-16-14-05-29,Quadro RTX 5000,CUDA,GEMM_Adam_CUDA,data_transfer,GPU,10,12630163456,Adam,0.001,0.9,0.999,1e-08,81.3363,0,0.050688
2026-03-16-14-05-29,Quadro RTX 5000,CUDA,GEMM_Adam_CUDA,compute,GPU,10,12630163456,Adam,0.001,0.9,0.999,1e-08,3.39482,0,0.050688
2026-03-16-14-05-34,Quadro RTX 5000,CUDA,GEMM_Adam_CUDA,data_transfer,GPU,10,12630163456,Adam,0.001,0.9,0.999,1e-08,81.1697,0,0.0448701
2026-03-16-14-05-34,Quadro RTX 5000,CUDA,GEMM_Adam_CUDA,compute,GPU,10,12630163456,Adam,0.001,0.9,0.999,1e-08,3.3897,0,0.0448701
2026-03-16-14-05-40,Quadro RTX 5000,CUDA,GEMM_Adam_CUDA,data_transfer,GPU,10,12630163456,Adam,0.001,0.9,0.999,1e-08,81.4028,0,0.0394741
2026-03-16-14-05-40,Quadro RTX 5000,CUDA,GEMM_Adam_CUDA,compute,GPU,10,12630163456,Adam,0.001,0.9,0.999,1e-08,3.39626,0,0.0394741
2026-03-16-14-05-45,Quadro RTX 5000,CUDA,GEMM_Adam_CUDA,data_transfer,GPU,10,12630163456,Adam,0.001,0.9,0.999,1e-08,81.1116,0,0.0344957
2026-03-16-14-05-45,Quadro RTX 5000,CUDA,GEMM_Adam_CUDA,compute,GPU,10,12630163456,Adam,0.001,0.9,0.999,1e-08,3.38445,0,0.0344957
2026-03-16-14-05-51,Quadro RTX 5000,CUDA,GEMM_Adam_CUDA,data_transfer,GPU,10,12630163456,Adam,0.001,0.9,0.999,1e-08,80.8456,0,0.0299284
2026-03-16-14-05-51,Quadro RTX 5000,CUDA,GEMM_Adam_CUDA,compute,GPU,10,12630163456,Adam,0.001,0.9,0.999,1e-08,3.38054,0,0.0299284
2026-03-16-14-06-00,Quadro RTX 5000,CUDA,GEMM_Adam_CUDA,data_transfer,GPU,10,12630163456,Adam,0.001,0.9,0.999,1e-08,80.9149,0,0
2026-03-16-14-06-00,Quadro RTX 5000,CUDA,GEMM_Adam_CUDA,compute,GPU,10,12630163456,Adam,0.001,0.9,0.999,1e-08,3.4929,0,0
2026-03-16-14-06-05,Quadro RTX 5000,CUDA,GEMM_Adam_CUDA,data_transfer,GPU,10,12630163456,Adam,0.001,0.9,0.999,1e-08,81.1406,0,0.0781934
2026-03-16-14-06-05,Quadro RTX 5000,CUDA,GEMM_Adam_CUDA,compute,GPU,10,12630163456,Adam,0.001,0.9,0.999,1e-08,3.39536,0,0.0781934
2026-03-16-14-06-11,Quadro RTX 5000,CUDA,GEMM_Adam_CUDA,data_transfer,GPU,10,12630163456,Adam,0.001,0.9,0.999,1e-08,81.1869,0,0.0706852
2026-03-16-14-06-11,Quadro RTX 5000,CUDA,GEMM_Adam_CUDA,compute,GPU,10,12630163456,Adam,0.001,0.9,0.999,1e-08,3.39987,0,0.0706852
2026-03-16-14-06-16,Quadro RTX 5000,CUDA,GEMM_Adam_CUDA,data_transfer,GPU,10,12630163456,Adam,0.001,0.9,0.999,1e-08,81.2205,0,0.0635963
2026-03-16-14-06-16,Quadro RTX 5000,CUDA,GEMM_Adam_CUDA,compute,GPU,10,12630163456,Adam,0.001,0.9,0.999,1e-08,3.39552,0,0.0635963
2026-03-16-14-06-22,Quadro RTX 5000,CUDA,GEMM_Adam_CUDA,data_transfer,GPU,10,12630163456,Adam,0.001,0.9,0.999,1e-08,81.4878,0,0.05693
2026-03-16-14-06-22,Quadro RTX 5000,CUDA,GEMM_Adam_CUDA,compute,GPU,10,12630163456,Adam,0.001,0.9,0.999,1e-08,3.38496,0,0.05693
2026-03-16-14-06-27,Quadro RTX 5000,CUDA,GEMM_Adam_CUDA,data_transfer,GPU,10,12630163456,Adam,0.001,0.9,0.999,1e-08,81.0851,0,0.050688
2026-03-16-14-06-27,Quadro RTX 5000,CUDA,GEMM_Adam_CUDA,compute,GPU,10,12630163456,Adam,0.001,0.9,0.999,1e-08,3.39536,0,0.050688
2026-03-16-14-06-32,Quadro RTX 5000,CUDA,GEMM_Adam_CUDA,data_transfer,GPU,10,12630163456,Adam,0.001,0.9,0.999,1e-08,81.2674,0,0.0448701
2026-03-16-14-06-32,Quadro RTX 5000,CUDA,GEMM_Adam_CUDA,compute,GPU,10,12630163456,Adam,0.001,0.9,0.999,1e-08,3.38931,0,0.0448701
2026-03-16-14-06-38,Quadro RTX 5000,CUDA,GEMM_Adam_CUDA,data_transfer,GPU,10,12630163456,Adam,0.001,0.9,0.999,1e-08,80.9924,0,0.0394741
2026-03-16-14-06-38,Quadro RTX 5000,CUDA,GEMM_Adam_CUDA,compute,GPU,10,12630163456,Adam,0.001,0.9,0.999,1e-08,3.39574,0,0.0394741
2026-03-16-14-06-43,Quadro RTX 5000,CUDA,GEMM_Adam_CUDA,data_transfer,GPU,10,12630163456,Adam,0.001,0.9,0.999,1e-08,81.3372,0,0.0344957
2026-03-16-14-06-44,Quadro RTX 5000,CUDA,GEMM_Adam_CUDA,compute,GPU,10,12630163456,Adam,0.001,0.9,0.999,1e-08,3.38563,0,0.0344957
2026-03-16-14-06-49,Quadro RTX 5000,CUDA,GEMM_Adam_CUDA,data_transfer,GPU,10,12630163456,Adam,0.001,0.9,0.999,1e-08,81.2417,0,0.0299284
2026-03-16-14-06-49,Quadro RTX 5000,CUDA,GEMM_Adam_CUDA,compute,GPU,10,12630163456,Adam,0.001,0.9,0.999,1e-08,3.39302,0,0.0299284
2026-03-16-14-06-58,Quadro RTX 5000,CUDA,GEMM_Adam_CUDA,data_transfer,GPU,10,12630163456,Adam,0.001,0.9,0.999,1e-08,79.3884,0,0
2026-03-16-14-06-58,Quadro RTX 5000,CUDA,GEMM_Adam_CUDA,compute,GPU,10,12630163456,Adam,0.001,0.9,0.999,1e-08,3.4911,0,0
2026-03-16-14-07-03,Quadro RTX 5000,CUDA,GEMM_Adam_CUDA,data_transfer,GPU,10,12630163456,Adam,0.001,0.9,0.999,1e-08,81.493,0,0.0781934
2026-03-16-14-07-03,Quadro RTX 5000,CUDA,GEMM_Adam_CUDA,compute,GPU,10,12630163456,Adam,0.001,0.9,0.999,1e-08,3.39664,0,0.0781934
2026-03-16-14-07-09,Quadro RTX 5000,CUDA,GEMM_Adam_CUDA,data_transfer,GPU,10,12630163456,Adam,0.001,0.9,0.999,1e-08,81.5693,0,0.0706852
2026-03-16-14-07-09,Quadro RTX 5000,CUDA,GEMM_Adam_CUDA,compute,GPU,10,12630163456,Adam,0.001,0.9,0.999,1e-08,3.3983,0,0.0706852
2026-03-16-14-07-14,Quadro RTX 5000,CUDA,GEMM_Adam_CUDA,data_transfer,GPU,10,12630163456,Adam,0.001,0.9,0.999,1e-08,81.3714,0,0.0635963
2026-03-16-14-07-14,Quadro RTX 5000,CUDA,GEMM_Adam_CUDA,compute,GPU,10,12630163456,Adam,0.001,0.9,0.999,1e-08,3.39635,0,0.0635963
2026-03-16-14-07-20,Quadro RTX 5000,CUDA,GEMM_Adam_CUDA,data_transfer,GPU,10,12630163456,Adam,0.001,0.9,0.999,1e-08,81.2365,0,0.05693
2026-03-16-14-07-20,Quadro RTX 5000,CUDA,GEMM_Adam_CUDA,compute,GPU,10,12630163456,Adam,0.001,0.9,0.999,1e-08,3.38531,0,0.05693
2026-03-16-14-07-25,Quadro RTX 5000,CUDA,GEMM_Adam_CUDA,data_transfer,GPU,10,12630163456,Adam,0.001,0.9,0.999,1e-08,81.2079,0,0.050688
2026-03-16-14-07-25,Quadro RTX 5000,CUDA,GEMM_Adam_CUDA,compute,GPU,10,12630163456,Adam,0.001,0.9,0.999,1e-08,3.39424,0,0.050688
2026-03-16-14-07-31,Quadro RTX 5000,CUDA,GEMM_Adam_CUDA,data_transfer,GPU,10,12630163456,Adam,0.001,0.9,0.999,1e-08,80.9402,0,0.0448701
2026-03-16-14-07-31,Quadro RTX 5000,CUDA,GEMM_Adam_CUDA,compute,GPU,10,12630163456,Adam,0.001,0.9,0.999,1e-08,3.3935,0,0.0448701
2026-03-16-14-07-36,Quadro RTX 5000,CUDA,GEMM_Adam_CUDA,data_transfer,GPU,10,12630163456,Adam,0.001,0.9,0.999,1e-08,81.2431,0,0.0394741
2026-03-16-14-07-36,Quadro RTX 5000,CUDA,GEMM_Adam_CUDA,compute,GPU,10,12630163456,Adam,0.001,0.9,0.999,1e-08,3.39674,0,0.0394741
2026-03-16-14-07-42,Quadro RTX 5000,CUDA,GEMM_Adam_CUDA,data_transfer,GPU,10,12630163456,Adam,0.001,0.9,0.999,1e-08,81.3578,0,0.0344957
2026-03-16-14-07-42,Quadro RTX 5000,CUDA,GEMM_Adam_CUDA,compute,GPU,10,12630163456,Adam,0.001,0.9,0.999,1e-08,3.38528,0,0.0344957
2026-03-16-14-07-47,Quadro RTX 5000,CUDA,GEMM_Adam_CUDA,data_transfer,GPU,10,12630163456,Adam,0.001,0.9,0.999,1e-08,80.7224,0,0.0299284
2026-03-16-14-07-47,Quadro RTX 5000,CUDA,GEMM_Adam_CUDA,compute,GPU,10,12630163456,Adam,0.001,0.9,0.999,1e-08,3.38237,0,0.0299284
2026-03-16-14-07-56,Quadro RTX 5000,CUDA,GEMM_Adam_CUDA,data_transfer,GPU,10,12630163456,Adam,0.001,0.9,0.999,1e-08,80.7476,0,0
2026-03-16-14-07-56,Quadro RTX 5000,CUDA,GEMM_Adam_CUDA,compute,GPU,10,12630163456,Adam,0.001,0.9,0.999,1e-08,3.48685,0,0
2026-03-16-14-08-02,Quadro RTX 5000,CUDA,GEMM_Adam_CUDA,data_transfer,GPU,10,12630163456,Adam,0.001,0.9,0.999,1e-08,80.5404,0,0.0781934
2026-03-16-14-08-02,Quadro RTX 5000,CUDA,GEMM_Adam_CUDA,compute,GPU,10,12630163456,Adam,0.001,0.9,0.999,1e-08,3.39638,0,0.0781934
2026-03-16-14-08-08,Quadro RTX 5000,CUDA,GEMM_Adam_CUDA,data_transfer,GPU,10,12630163456,Adam,0.001,0.9,0.999,1e-08,81.0454,0,0.0706852
2026-03-16-14-08-08,Quadro RTX 5000,CUDA,GEMM_Adam_CUDA,compute,GPU,10,12630163456,Adam,0.001,0.9,0.999,1e-08,3.3968,0,0.0706852
2026-03-16-14-08-13,Quadro RTX 5000,CUDA,GEMM_Adam_CUDA,data_transfer,GPU,10,12630163456,Adam,0.001,0.9,0.999,1e-08,81.176,0,0.0635963
2026-03-16-14-08-13,Quadro RTX 5000,CUDA,GEMM_Adam_CUDA,compute,GPU,10,12630163456,Adam,0.001,0.9,0.999,1e-08,3.3952,0,0.0635963
2026-03-16-14-08-18,Quadro RTX 5000,CUDA,GEMM_Adam_CUDA,data_transfer,GPU,10,12630163456,Adam,0.001,0.9,0.999,1e-08,80.9012,0,0.05693
2026-03-16-14-08-18,Quadro RTX 5000,CUDA,GEMM_Adam_CUDA,compute,GPU,10,12630163456,Adam,0.001,0.9,0.999,1e-08,3.38326,0,0.05693
2026-03-16-14-08-24,Quadro RTX 5000,CUDA,GEMM_Adam_CUDA,data_transfer,GPU,10,12630163456,Adam,0.001,0.9,0.999,1e-08,81.0042,0,0.050688
2026-03-16-14-08-24,Quadro RTX 5000,CUDA,GEMM_Adam_CUDA,compute,GPU,10,12630163456,Adam,0.001,0.9,0.999,1e-08,3.39488,0,0.050688
2026-03-16-14-08-30,Quadro RTX 5000,CUDA,GEMM_Adam_CUDA,data_transfer,GPU,10,12630163456,Adam,0.001,0.9,0.999,1e-08,80.9466,0,0.0448701
2026-03-16-14-08-30,Quadro RTX 5000,CUDA,GEMM_Adam_CUDA,compute,GPU,10,12630163456,Adam,0.001,0.9,0.999,1e-08,3.38723,0,0.0448701
2026-03-16-14-08-35,Quadro RTX 5000,CUDA,GEMM_Adam_CUDA,data_transfer,GPU,10,12630163456,Adam,0.001,0.9,0.999,1e-08,81.1052,0,0.0394741
2026-03-16-14-08-35,Quadro RTX 5000,CUDA,GEMM_Adam_CUDA,compute,GPU,10,12630163456,Adam,0.001,0.9,0.999,1e-08,3.39344,0,0.0394741
2026-03-16-14-08-40,Quadro RTX 5000,CUDA,GEMM_Adam_CUDA,data_transfer,GPU,10,12630163456,Adam,0.001,0.9,0.999,1e-08,81.0877,0,0.0344957
2026-03-16-14-08-40,Quadro RTX 5000,CUDA,GEMM_Adam_CUDA,compute,GPU,10,12630163456,Adam,0.001,0.9,0.999,1e-08,3.38406,0,0.0344957
2026-03-16-14-08-46,Quadro RTX 5000,CUDA,GEMM_Adam_CUDA,data_transfer,GPU,10,12630163456,Adam,0.001,0.9,0.999,1e-08,81.0699,0,0.0299284
2026-03-16-14-08-46,Quadro RTX 5000,CUDA,GEMM_Adam_CUDA,compute,GPU,10,12630163456,Adam,0.001,0.9,0.999,1e-08,3.3913,0,0.0299284
2026-03-16-14-09-20,Quadro RTX 5000,CUDA,GEMM_Adam_CUDA,data_transfer,GPU,10,16482451456,Adam,0.001,0.9,0.999,1e-08,105.107,0,0
2026-03-16-14-09-20,Quadro RTX 5000,CUDA,GEMM_Adam_CUDA,compute,GPU,10,16482451456,Adam,0.001,0.9,0.999,1e-08,4.51168,0,0
2026-03-16-14-09-27,Quadro RTX 5000,CUDA,GEMM_Adam_CUDA,data_transfer,GPU,10,16482451456,Adam,0.001,0.9,0.999,1e-08,106.124,0,0.0890357
2026-03-16-14-09-27,Quadro RTX 5000,CUDA,GEMM_Adam_CUDA,compute,GPU,10,16482451456,Adam,0.001,0.9,0.999,1e-08,4.42461,0,0.0890357
2026-03-16-14-09-34,Quadro RTX 5000,CUDA,GEMM_Adam_CUDA,data_transfer,GPU,10,16482451456,Adam,0.001,0.9,0.999,1e-08,105.471,0,0.0799533
2026-03-16-14-09-34,Quadro RTX 5000,CUDA,GEMM_Adam_CUDA,compute,GPU,10,16482451456,Adam,0.001,0.9,0.999,1e-08,4.42595,0,0.0799533
2026-03-16-14-09-41,Quadro RTX 5000,CUDA,GEMM_Adam_CUDA,data_transfer,GPU,10,16482451456,Adam,0.001,0.9,0.999,1e-08,105.621,0,0.0714093
2026-03-16-14-09-41,Quadro RTX 5000,CUDA,GEMM_Adam_CUDA,compute,GPU,10,16482451456,Adam,0.001,0.9,0.999,1e-08,4.41254,0,0.0714093
2026-03-16-14-09-48,Quadro RTX 5000,CUDA,GEMM_Adam_CUDA,data_transfer,GPU,10,16482451456,Adam,0.001,0.9,0.999,1e-08,105.769,0,0.0634077
2026-03-16-14-09-48,Quadro RTX 5000,CUDA,GEMM_Adam_CUDA,compute,GPU,10,16482451456,Adam,0.001,0.9,0.999,1e-08,4.42118,0,0.0634077
2026-03-16-14-09-55,Quadro RTX 5000,CUDA,GEMM_Adam_CUDA,data_transfer,GPU,10,16482451456,Adam,0.001,0.9,0.999,1e-08,105.266,0,0.0559506
2026-03-16-14-09-55,Quadro RTX 5000,CUDA,GEMM_Adam_CUDA,compute,GPU,10,16482451456,Adam,0.001,0.9,0.999,1e-08,4.42653,0,0.0559506
2026-03-16-14-10-02,Quadro RTX 5000,CUDA,GEMM_Adam_CUDA,data_transfer,GPU,10,16482451456,Adam,0.001,0.9,0.999,1e-08,105.679,0,0.0490369
2026-03-16-14-10-02,Quadro RTX 5000,CUDA,GEMM_Adam_CUDA,compute,GPU,10,16482451456,Adam,0.001,0.9,0.999,1e-08,4.42291,0,0.0490369
2026-03-16-14-10-09,Quadro RTX 5000,CUDA,GEMM_Adam_CUDA,data_transfer,GPU,10,16482451456,Adam,0.001,0.9,0.999,1e-08,105.434,0,0.0426632
2026-03-16-14-10-09,Quadro RTX 5000,CUDA,GEMM_Adam_CUDA,compute,GPU,10,16482451456,Adam,0.001,0.9,0.999,1e-08,4.4272,0,0.0426632
2026-03-16-14-10-16,Quadro RTX 5000,CUDA,GEMM_Adam_CUDA,data_transfer,GPU,10,16482451456,Adam,0.001,0.9,0.999,1e-08,105.683,0,0.0368229
2026-03-16-14-10-16,Quadro RTX 5000,CUDA,GEMM_Adam_CUDA,compute,GPU,10,16482451456,Adam,0.001,0.9,0.999,1e-08,4.40886,0,0.0368229
2026-03-16-14-10-23,Quadro RTX 5000,CUDA,GEMM_Adam_CUDA,data_transfer,GPU,10,16482451456,Adam,0.001,0.9,0.999,1e-08,105.386,0,0.0315067
2026-03-16-14-10-23,Quadro RTX 5000,CUDA,GEMM_Adam_CUDA,compute,GPU,10,16482451456,Adam,0.001,0.9,0.999,1e-08,4.41238,0,0.0315067
2026-03-16-14-10-35,Quadro RTX 5000,CUDA,GEMM_Adam_CUDA,data_transfer,GPU,10,16482451456,Adam,0.001,0.9,0.999,1e-08,105.56,0,0
2026-03-16-14-10-35,Quadro RTX 5000,CUDA,GEMM_Adam_CUDA,compute,GPU,10,16482451456,Adam,0.001,0.9,0.999,1e-08,4.51315,0,0
2026-03-16-14-10-42,Quadro RTX 5000,CUDA,GEMM_Adam_CUDA,data_transfer,GPU,10,16482451456,Adam,0.001,0.9,0.999,1e-08,106.27,0,0.0890357
2026-03-16-14-10-42,Quadro RTX 5000,CUDA,GEMM_Adam_CUDA,compute,GPU,10,16482451456,Adam,0.001,0.9,0.999,1e-08,4.42278,0,0.0890357
2026-03-16-14-10-49,Quadro RTX 5000,CUDA,GEMM_Adam_CUDA,data_transfer,GPU,10,16482451456,Adam,0.001,0.9,0.999,1e-08,105.883,0,0.0799533
2026-03-16-14-10-49,Quadro RTX 5000,CUDA,GEMM_Adam_CUDA,compute,GPU,10,16482451456,Adam,0.001,0.9,0.999,1e-08,4.42342,0,0.0799533
2026-03-16-14-10-56,Quadro RTX 5000,CUDA,GEMM_Adam_CUDA,data_transfer,GPU,10,16482451456,Adam,0.001,0.9,0.999,1e-08,105.903,0,0.0714093
2026-03-16-14-10-56,Quadro RTX 5000,CUDA,GEMM_Adam_CUDA,compute,GPU,10,16482451456,Adam,0.001,0.9,0.999,1e-08,4.4119,0,0.0714093
2026-03-16-14-11-03,Quadro RTX 5000,CUDA,GEMM_Adam_CUDA,data_transfer,GPU,10,16482451456,Adam,0.001,0.9,0.999,1e-08,106.342,0,0.0634077
2026-03-16-14-11-03,Quadro RTX 5000,CUDA,GEMM_Adam_CUDA,compute,GPU,10,16482451456,Adam,0.001,0.9,0.999,1e-08,4.42275,0,0.0634077
2026-03-16-14-11-10,Quadro RTX 5000,CUDA,GEMM_Adam_CUDA,data_transfer,GPU,10,16482451456,Adam,0.001,0.9,0.999,1e-08,105.811,0,0.0559506
2026-03-16-14-11-10,Quadro RTX 5000,CUDA,GEMM_Adam_CUDA,compute,GPU,10,16482451456,Adam,0.001,0.9,0.999,1e-08,4.42349,0,0.0559506
2026-03-16-14-11-17,Quadro RTX 5000,CUDA,GEMM_Adam_CUDA,data_transfer,GPU,10,16482451456,Adam,0.001,0.9,0.999,1e-08,106.233,0,0.0490369
2026-03-16-14-11-17,Quadro RTX 5000,CUDA,GEMM_Adam_CUDA,compute,GPU,10,16482451456,Adam,0.001,0.9,0.999,1e-08,4.41309,0,0.0490369
2026-03-16-14-11-24,Quadro RTX 5000,CUDA,GEMM_Adam_CUDA,data_transfer,GPU,10,16482451456,Adam,0.001,0.9,0.999,1e-08,105.261,0,0.0426632
2026-03-16-14-11-24,Quadro RTX 5000,CUDA,GEMM_Adam_CUDA,compute,GPU,10,16482451456,Adam,0.001,0.9,0.999,1e-08,4.42352,0,0.0426632
2026-03-16-14-11-31,Quadro RTX 5000,CUDA,GEMM_Adam_CUDA,data_transfer,GPU,10,16482451456,Adam,0.001,0.9,0.999,1e-08,106.52,0,0.0368229
2026-03-16-14-11-31,Quadro RTX 5000,CUDA,GEMM_Adam_CUDA,compute,GPU,10,16482451456,Adam,0.001,0.9,0.999,1e-08,4.40928,0,0.0368229
2026-03-16-14-11-38,Quadro RTX 5000,CUDA,GEMM_Adam_CUDA,data_transfer,GPU,10,16482451456,Adam,0.001,0.9,0.999,1e-08,105.332,0,0.0315067
2026-03-16-14-11-38,Quadro RTX 5000,CUDA,GEMM_Adam_CUDA,compute,GPU,10,16482451456,Adam,0.001,0.9,0.999,1e-08,4.412,0,0.0315067
2026-03-16-14-11-50,Quadro RTX 5000,CUDA,GEMM_Adam_CUDA,data_transfer,GPU,10,16482451456,Adam,0.001,0.9,0.999,1e-08,105.419,0,0
2026-03-16-14-11-50,Quadro RTX 5000,CUDA,GEMM_Adam_CUDA,compute,GPU,10,16482451456,Adam,0.001,0.9,0.999,1e-08,4.51402,0,0
2026-03-16-14-11-57,Quadro RTX 5000,CUDA,GEMM_Adam_CUDA,data_transfer,GPU,10,16482451456,Adam,0.001,0.9,0.999,1e-08,106.333,0,0.0890357
2026-03-16-14-11-57,Quadro RTX 5000,CUDA,GEMM_Adam_CUDA,compute,GPU,10,16482451456,Adam,0.001,0.9,0.999,1e-08,4.42477,0,0.0890357
2026-03-16-14-12-04,Quadro RTX 5000,CUDA,GEMM_Adam_CUDA,data_transfer,GPU,10,16482451456,Adam,0.001,0.9,0.999,1e-08,105.659,0,0.0799533
2026-03-16-14-12-04,Quadro RTX 5000,CUDA,GEMM_Adam_CUDA,compute,GPU,10,16482451456,Adam,0.001,0.9,0.999,1e-08,4.42662,0,0.0799533
2026-03-16-14-12-11,Quadro RTX 5000,CUDA,GEMM_Adam_CUDA,data_transfer,GPU,10,16482451456,Adam,0.001,0.9,0.999,1e-08,105.75,0,0.0714093
2026-03-16-14-12-11,Quadro RTX 5000,CUDA,GEMM_Adam_CUDA,compute,GPU,10,16482451456,Adam,0.001,0.9,0.999,1e-08,4.41306,0,0.0714093
2026-03-16-14-12-18,Quadro RTX 5000,CUDA,GEMM_Adam_CUDA,data_transfer,GPU,10,16482451456,Adam,0.001,0.9,0.999,1e-08,105.828,0,0.0634077
2026-03-16-14-12-18,Quadro RTX 5000,CUDA,GEMM_Adam_CUDA,compute,GPU,10,16482451456,Adam,0.001,0.9,0.999,1e-08,4.42499,0,0.0634077
2026-03-16-14-12-25,Quadro RTX 5000,CUDA,GEMM_Adam_CUDA,data_transfer,GPU,10,16482451456,Adam,0.001,0.9,0.999,1e-08,105.516,0,0.0559506
2026-03-16-14-12-25,Quadro RTX 5000,CUDA,GEMM_Adam_CUDA,compute,GPU,10,16482451456,Adam,0.001,0.9,0.999,1e-08,4.42512,0,0.0559506
2026-03-16-14-12-32,Quadro RTX 5000,CUDA,GEMM_Adam_CUDA,data_transfer,GPU,10,16482451456,Adam,0.001,0.9,0.999,1e-08,105.949,0,0.0490369
2026-03-16-14-12-32,Quadro RTX 5000,CUDA,GEMM_Adam_CUDA,compute,GPU,10,16482451456,Adam,0.001,0.9,0.999,1e-08,4.41398,0,0.0490369
2026-03-16-14-12-39,Quadro RTX 5000,CUDA,GEMM_Adam_CUDA,data_transfer,GPU,10,16482451456,Adam,0.001,0.9,0.999,1e-08,105.19,0,0.0426632
2026-03-16-14-12-39,Quadro RTX 5000,CUDA,GEMM_Adam_CUDA,compute,GPU,10,16482451456,Adam,0.001,0.9,0.999,1e-08,4.42662,0,0.0426632
2026-03-16-14-12-47,Quadro RTX 5000,CUDA,GEMM_Adam_CUDA,data_transfer,GPU,10,16482451456,Adam,0.001,0.9,0.999,1e-08,106.411,0,0.0368229
2026-03-16-14-12-47,Quadro RTX 5000,CUDA,GEMM_Adam_CUDA,compute,GPU,10,16482451456,Adam,0.001,0.9,0.999,1e-08,4.41066,0,0.0368229
2026-03-16-14-12-54,Quadro RTX 5000,CUDA,GEMM_Adam_CUDA,data_transfer,GPU,10,16482451456,Adam,0.001,0.9,0.999,1e-08,105.512,0,0.0315067
2026-03-16-14-12-54,Quadro RTX 5000,CUDA,GEMM_Adam_CUDA,compute,GPU,10,16482451456,Adam,0.001,0.9,0.999,1e-08,4.41427,0,0.0315067
2026-03-16-14-13-05,Quadro RTX 5000,CUDA,GEMM_Adam_CUDA,data_transfer,GPU,10,16482451456,Adam,0.001,0.9,0.999,1e-08,105.396,0,0
2026-03-16-14-13-05,Quadro RTX 5000,CUDA,GEMM_Adam_CUDA,compute,GPU,10,16482451456,Adam,0.001,0.9,0.999,1e-08,4.52979,0,0
2026-03-16-14-13-12,Quadro RTX 5000,CUDA,GEMM_Adam_CUDA,data_transfer,GPU,10,16482451456,Adam,0.001,0.9,0.999,1e-08,106.517,0,0.0890357
2026-03-16-14-13-12,Quadro RTX 5000,CUDA,GEMM_Adam_CUDA,compute,GPU,10,16482451456,Adam,0.001,0.9,0.999,1e-08,4.42294,0,0.0890357
2026-03-16-14-13-19,Quadro RTX 5000,CUDA,GEMM_Adam_CUDA,data_transfer,GPU,10,16482451456,Adam,0.001,0.9,0.999,1e-08,105.771,0,0.0799533
2026-03-16-14-13-19,Quadro RTX 5000,CUDA,GEMM_Adam_CUDA,compute,GPU,10,16482451456,Adam,0.001,0.9,0.999,1e-08,4.42586,0,0.0799533
2026-03-16-14-13-26,Quadro RTX 5000,CUDA,GEMM_Adam_CUDA,data_transfer,GPU,10,16482451456,Adam,0.001,0.9,0.999,1e-08,106.285,0,0.0714093
2026-03-16-14-13-26,Quadro RTX 5000,CUDA,GEMM_Adam_CUDA,compute,GPU,10,16482451456,Adam,0.001,0.9,0.999,1e-08,4.41328,0,0.0714093
2026-03-16-14-13-33,Quadro RTX 5000,CUDA,GEMM_Adam_CUDA,data_transfer,GPU,10,16482451456,Adam,0.001,0.9,0.999,1e-08,106.059,0,0.0634077
2026-03-16-14-13-33,Quadro RTX 5000,CUDA,GEMM_Adam_CUDA,compute,GPU,10,16482451456,Adam,0.001,0.9,0.999,1e-08,4.42074,0,0.0634077
2026-03-16-14-13-41,Quadro RTX 5000,CUDA,GEMM_Adam_CUDA,data_transfer,GPU,10,16482451456,Adam,0.001,0.9,0.999,1e-08,105.335,0,0.0559506
2026-03-16-14-13-41,Quadro RTX 5000,CUDA,GEMM_Adam_CUDA,compute,GPU,10,16482451456,Adam,0.001,0.9,0.999,1e-08,4.42451,0,0.0559506
2026-03-16-14-13-48,Quadro RTX 5000,CUDA,GEMM_Adam_CUDA,data_transfer,GPU,10,16482451456,Adam,0.001,0.9,0.999,1e-08,105.943,0,0.0490369
2026-03-16-14-13-48,Quadro RTX 5000,CUDA,GEMM_Adam_CUDA,compute,GPU,10,16482451456,Adam,0.001,0.9,0.999,1e-08,4.41283,0,0.0490369
2026-03-16-14-13-55,Quadro RTX 5000,CUDA,GEMM_Adam_CUDA,data_transfer,GPU,10,16482451456,Adam,0.001,0.9,0.999,1e-08,105.36,0,0.0426632
2026-03-16-14-13-55,Quadro RTX 5000,CUDA,GEMM_Adam_CUDA,compute,GPU,10,16482451456,Adam,0.001,0.9,0.999,1e-08,4.42138,0,0.0426632
2026-03-16-14-14-02,Quadro RTX 5000,CUDA,GEMM_Adam_CUDA,data_transfer,GPU,10,16482451456,Adam,0.001,0.9,0.999,1e-08,106.132,0,0.0368229
2026-03-16-14-14-02,Quadro RTX 5000,CUDA,GEMM_Adam_CUDA,compute,GPU,10,16482451456,Adam,0.001,0.9,0.999,1e-08,4.40826,0,0.0368229
2026-03-16-14-14-09,Quadro RTX 5000,CUDA,GEMM_Adam_CUDA,data_transfer,GPU,10,16482451456,Adam,0.001,0.9,0.999,1e-08,105.328,0,0.0315067
2026-03-16-14-14-09,Quadro RTX 5000,CUDA,GEMM_Adam_CUDA,compute,GPU,10,16482451456,Adam,0.001,0.9,0.999,1e-08,4.41197,0,0.0315067
2026-03-16-14-14-21,Quadro RTX 5000,CUDA,GEMM_Adam_CUDA,data_transfer,GPU,10,16482451456,Adam,0.001,0.9,0.999,1e-08,105.264,0,0
2026-03-16-14-14-21,Quadro RTX 5000,CUDA,GEMM_Adam_CUDA,compute,GPU,10,16482451456,Adam,0.001,0.9,0.999,1e-08,4.52752,0,0
2026-03-16-14-14-28,Quadro RTX 5000,CUDA,GEMM_Adam_CUDA,data_transfer,GPU,10,16482451456,Adam,0.001,0.9,0.999,1e-08,105.579,0,0.0890357
2026-03-16-14-14-28,Quadro RTX 5000,CUDA,GEMM_Adam_CUDA,compute,GPU,10,16482451456,Adam,0.001,0.9,0.999,1e-08,4.42301,0,0.0890357
2026-03-16-14-14-35,Quadro RTX 5000,CUDA,GEMM_Adam_CUDA,data_transfer,GPU,10,16482451456,Adam,0.001,0.9,0.999,1e-08,106.658,0,0.0799533
2026-03-16-14-14-35,Quadro RTX 5000,CUDA,GEMM_Adam_CUDA,compute,GPU,10,16482451456,Adam,0.001,0.9,0.999,1e-08,4.42749,0,0.0799533
2026-03-16-14-14-43,Quadro RTX 5000,CUDA,GEMM_Adam_CUDA,data_transfer,GPU,10,16482451456,Adam,0.001,0.9,0.999,1e-08,106.563,0,0.0714093
2026-03-16-14-14-43,Quadro RTX 5000,CUDA,GEMM_Adam_CUDA,compute,GPU,10,16482451456,Adam,0.001,0.9,0.999,1e-08,4.41283,0,0.0714093
2026-03-16-14-14-50,Quadro RTX 5000,CUDA,GEMM_Adam_CUDA,data_transfer,GPU,10,16482451456,Adam,0.001,0.9,0.999,1e-08,105.642,0,0.0634077
2026-03-16-14-14-50,Quadro RTX 5000,CUDA,GEMM_Adam_CUDA,compute,GPU,10,16482451456,Adam,0.001,0.9,0.999,1e-08,4.4209,0,0.0634077
2026-03-16-14-14-57,Quadro RTX 5000,CUDA,GEMM_Adam_CUDA,data_transfer,GPU,10,16482451456,Adam,0.001,0.9,0.999,1e-08,105.322,0,0.0559506
2026-03-16-14-14-57,Quadro RTX 5000,CUDA,GEMM_Adam_CUDA,compute,GPU,10,16482451456,Adam,0.001,0.9,0.999,1e-08,4.42298,0,0.0559506
2026-03-16-14-15-04,Quadro RTX 5000,CUDA,GEMM_Adam_CUDA,data_transfer,GPU,10,16482451456,Adam,0.001,0.9,0.999,1e-08,106.022,0,0.0490369
2026-03-16-14-15-04,Quadro RTX 5000,CUDA,GEMM_Adam_CUDA,compute,GPU,10,16482451456,Adam,0.001,0.9,0.999,1e-08,4.41462,0,0.0490369
2026-03-16-14-15-11,Quadro RTX 5000,CUDA,GEMM_Adam_CUDA,data_transfer,GPU,10,16482451456,Adam,0.001,0.9,0.999,1e-08,105.243,0,0.0426632
2026-03-16-14-15-11,Quadro RTX 5000,CUDA,GEMM_Adam_CUDA,compute,GPU,10,16482451456,Adam,0.001,0.9,0.999,1e-08,4.42262,0,0.0426632
2026-03-16-14-15-19,Quadro RTX 5000,CUDA,GEMM_Adam_CUDA,data_transfer,GPU,10,16482451456,Adam,0.001,0.9,0.999,1e-08,106.079,0,0.0368229
2026-03-16-14-15-19,Quadro RTX 5000,CUDA,GEMM_Adam_CUDA,compute,GPU,10,16482451456,Adam,0.001,0.9,0.999,1e-08,4.40707,0,0.0368229
2026-03-16-14-15-26,Quadro RTX 5000,CUDA,GEMM_Adam_CUDA,data_transfer,GPU,10,16482451456,Adam,0.001,0.9,0.999,1e-08,105.895,0,0.0315067
2026-03-16-14-15-26,Quadro RTX 5000,CUDA,GEMM_Adam_CUDA,compute,GPU,10,16482451456,Adam,0.001,0.9,0.999,1e-08,4.40982,0,0.0315067
2026-03-16-14-16-47,Quadro RTX 5000,CUDA,GEMM_Adam_CUDA,data_transfer,GPU,10,20846739456,Adam,0.001,0.9,0.999,1e-08,133.372,0,0
2026-03-16-14-16-47,Quadro RTX 5000,CUDA,GEMM_Adam_CUDA,compute,GPU,10,20846739456,Adam,0.001,0.9,0.999,1e-08,5.68602,0,0
2026-03-16-14-16-55,Quadro RTX 5000,CUDA,GEMM_Adam_CUDA,data_transfer,GPU,10,20846739456,Adam,0.001,0.9,0.999,1e-08,134.715,0,0.100568
2026-03-16-14-16-55,Quadro RTX 5000,CUDA,GEMM_Adam_CUDA,compute,GPU,10,20846739456,Adam,0.001,0.9,0.999,1e-08,5.59328,0,0.100568
2026-03-16-14-17-04,Quadro RTX 5000,CUDA,GEMM_Adam_CUDA,data_transfer,GPU,10,20846739456,Adam,0.001,0.9,0.999,1e-08,134.376,0,0.0897772
2026-03-16-14-17-04,Quadro RTX 5000,CUDA,GEMM_Adam_CUDA,compute,GPU,10,20846739456,Adam,0.001,0.9,0.999,1e-08,5.58925,0,0.0897772
2026-03-16-14-17-13,Quadro RTX 5000,CUDA,GEMM_Adam_CUDA,data_transfer,GPU,10,20846739456,Adam,0.001,0.9,0.999,1e-08,134.544,0,0.0796588
2026-03-16-14-17-13,Quadro RTX 5000,CUDA,GEMM_Adam_CUDA,compute,GPU,10,20846739456,Adam,0.001,0.9,0.999,1e-08,5.57674,0,0.0796588
2026-03-16-14-17-22,Quadro RTX 5000,CUDA,GEMM_Adam_CUDA,data_transfer,GPU,10,20846739456,Adam,0.001,0.9,0.999,1e-08,134.03,0,0.0702177
2026-03-16-14-17-22,Quadro RTX 5000,CUDA,GEMM_Adam_CUDA,compute,GPU,10,20846739456,Adam,0.001,0.9,0.999,1e-08,5.58576,0,0.0702177
2026-03-16-14-17-31,Quadro RTX 5000,CUDA,GEMM_Adam_CUDA,data_transfer,GPU,10,20846739456,Adam,0.001,0.9,0.999,1e-08,133.594,0,0.0614558
2026-03-16-14-17-31,Quadro RTX 5000,CUDA,GEMM_Adam_CUDA,compute,GPU,10,20846739456,Adam,0.001,0.9,0.999,1e-08,5.58842,0,0.0614558
2026-03-16-14-17-40,Quadro RTX 5000,CUDA,GEMM_Adam_CUDA,data_transfer,GPU,10,20846739456,Adam,0.001,0.9,0.999,1e-08,134.111,0,0.0533716
2026-03-16-14-17-40,Quadro RTX 5000,CUDA,GEMM_Adam_CUDA,compute,GPU,10,20846739456,Adam,0.001,0.9,0.999,1e-08,5.57725,0,0.0533716
2026-03-16-14-17-50,Quadro RTX 5000,CUDA,GEMM_Adam_CUDA,data_transfer,GPU,10,20846739456,Adam,0.001,0.9,0.999,1e-08,133.539,0,0.0459598
2026-03-16-14-17-50,Quadro RTX 5000,CUDA,GEMM_Adam_CUDA,compute,GPU,10,20846739456,Adam,0.001,0.9,0.999,1e-08,5.57994,0,0.0459598
2026-03-16-14-17-59,Quadro RTX 5000,CUDA,GEMM_Adam_CUDA,data_transfer,GPU,10,20846739456,Adam,0.001,0.9,0.999,1e-08,134.131,0,0.0392113
2026-03-16-14-17-59,Quadro RTX 5000,CUDA,GEMM_Adam_CUDA,compute,GPU,10,20846739456,Adam,0.001,0.9,0.999,1e-08,5.58579,0,0.0392113
2026-03-16-14-18-08,Quadro RTX 5000,CUDA,GEMM_Adam_CUDA,data_transfer,GPU,10,20846739456,Adam,0.001,0.9,0.999,1e-08,133.919,0,0.033113
2026-03-16-14-18-08,Quadro RTX 5000,CUDA,GEMM_Adam_CUDA,compute,GPU,10,20846739456,Adam,0.001,0.9,0.999,1e-08,5.57635,0,0.033113
2026-03-16-14-18-23,Quadro RTX 5000,CUDA,GEMM_Adam_CUDA,data_transfer,GPU,10,20846739456,Adam,0.001,0.9,0.999,1e-08,133.538,0,0
2026-03-16-14-18-23,Quadro RTX 5000,CUDA,GEMM_Adam_CUDA,compute,GPU,10,20846739456,Adam,0.001,0.9,0.999,1e-08,5.6879,0,0
2026-03-16-14-18-33,Quadro RTX 5000,CUDA,GEMM_Adam_CUDA,data_transfer,GPU,10,20846739456,Adam,0.001,0.9,0.999,1e-08,134.02,0,0.100568
2026-03-16-14-18-33,Quadro RTX 5000,CUDA,GEMM_Adam_CUDA,compute,GPU,10,20846739456,Adam,0.001,0.9,0.999,1e-08,5.58998,0,0.100568
2026-03-16-14-18-42,Quadro RTX 5000,CUDA,GEMM_Adam_CUDA,data_transfer,GPU,10,20846739456,Adam,0.001,0.9,0.999,1e-08,134.15,0,0.0897772
2026-03-16-14-18-42,Quadro RTX 5000,CUDA,GEMM_Adam_CUDA,compute,GPU,10,20846739456,Adam,0.001,0.9,0.999,1e-08,5.5977,0,0.0897772
2026-03-16-14-18-51,Quadro RTX 5000,CUDA,GEMM_Adam_CUDA,data_transfer,GPU,10,20846739456,Adam,0.001,0.9,0.999,1e-08,134.537,0,0.0796588
2026-03-16-14-18-51,Quadro RTX 5000,CUDA,GEMM_Adam_CUDA,compute,GPU,10,20846739456,Adam,0.001,0.9,0.999,1e-08,5.5776,0,0.0796588
2026-03-16-14-19-00,Quadro RTX 5000,CUDA,GEMM_Adam_CUDA,data_transfer,GPU,10,20846739456,Adam,0.001,0.9,0.999,1e-08,133.069,0,0.0702177
2026-03-16-14-19-00,Quadro RTX 5000,CUDA,GEMM_Adam_CUDA,compute,GPU,10,20846739456,Adam,0.001,0.9,0.999,1e-08,5.58576,0,0.0702177
2026-03-16-14-19-09,Quadro RTX 5000,CUDA,GEMM_Adam_CUDA,data_transfer,GPU,10,20846739456,Adam,0.001,0.9,0.999,1e-08,133.483,0,0.0614558
2026-03-16-14-19-09,Quadro RTX 5000,CUDA,GEMM_Adam_CUDA,compute,GPU,10,20846739456,Adam,0.001,0.9,0.999,1e-08,5.58797,0,0.0614558
2026-03-16-14-19-18,Quadro RTX 5000,CUDA,GEMM_Adam_CUDA,data_transfer,GPU,10,20846739456,Adam,0.001,0.9,0.999,1e-08,133.393,0,0.0533716
2026-03-16-14-19-18,Quadro RTX 5000,CUDA,GEMM_Adam_CUDA,compute,GPU,10,20846739456,Adam,0.001,0.9,0.999,1e-08,5.57936,0,0.0533716
2026-03-16-14-19-27,Quadro RTX 5000,CUDA,GEMM_Adam_CUDA,data_transfer,GPU,10,20846739456,Adam,0.001,0.9,0.999,1e-08,133.366,0,0.0459598
2026-03-16-14-19-27,Quadro RTX 5000,CUDA,GEMM_Adam_CUDA,compute,GPU,10,20846739456,Adam,0.001,0.9,0.999,1e-08,5.58877,0,0.0459598
2026-03-16-14-19-36,Quadro RTX 5000,CUDA,GEMM_Adam_CUDA,data_transfer,GPU,10,20846739456,Adam,0.001,0.9,0.999,1e-08,133.852,0,0.0392113
2026-03-16-14-19-36,Quadro RTX 5000,CUDA,GEMM_Adam_CUDA,compute,GPU,10,20846739456,Adam,0.001,0.9,0.999,1e-08,5.57565,0,0.0392113
2026-03-16-14-19-45,Quadro RTX 5000,CUDA,GEMM_Adam_CUDA,data_transfer,GPU,10,20846739456,Adam,0.001,0.9,0.999,1e-08,133.983,0,0.033113
2026-03-16-14-19-45,Quadro RTX 5000,CUDA,GEMM_Adam_CUDA,compute,GPU,10,20846739456,Adam,0.001,0.9,0.999,1e-08,5.57613,0,0.033113
2026-03-16-14-20-00,Quadro RTX 5000,CUDA,GEMM_Adam_CUDA,data_transfer,GPU,10,20846739456,Adam,0.001,0.9,0.999,1e-08,133.147,0,0
2026-03-16-14-20-00,Quadro RTX 5000,CUDA,GEMM_Adam_CUDA,compute,GPU,10,20846739456,Adam,0.001,0.9,0.999,1e-08,5.68371,0,0
2026-03-16-14-20-09,Quadro RTX 5000,CUDA,GEMM_Adam_CUDA,data_transfer,GPU,10,20846739456,Adam,0.001,0.9,0.999,1e-08,134.277,0,0.100568
2026-03-16-14-20-09,Quadro RTX 5000,CUDA,GEMM_Adam_CUDA,compute,GPU,10,20846739456,Adam,0.001,0.9,0.999,1e-08,5.58682,0,0.100568
2026-03-16-14-20-18,Quadro RTX 5000,CUDA,GEMM_Adam_CUDA,data_transfer,GPU,10,20846739456,Adam,0.001,0.9,0.999,1e-08,134.319,0,0.0897772
2026-03-16-14-20-18,Quadro RTX 5000,CUDA,GEMM_Adam_CUDA,compute,GPU,10,20846739456,Adam,0.001,0.9,0.999,1e-08,5.58691,0,0.0897772
2026-03-16-14-20-27,Quadro RTX 5000,CUDA,GEMM_Adam_CUDA,data_transfer,GPU,10,20846739456,Adam,0.001,0.9,0.999,1e-08,134.642,0,0.0796588
2026-03-16-14-20-27,Quadro RTX 5000,CUDA,GEMM_Adam_CUDA,compute,GPU,10,20846739456,Adam,0.001,0.9,0.999,1e-08,5.57562,0,0.0796588
2026-03-16-14-20-35,Quadro RTX 5000,CUDA,GEMM_Adam_CUDA,data_transfer,GPU,10,20846739456,Adam,0.001,0.9,0.999,1e-08,134.169,0,0.0702177
2026-03-16-14-20-35,Quadro RTX 5000,CUDA,GEMM_Adam_CUDA,compute,GPU,10,20846739456,Adam,0.001,0.9,0.999,1e-08,5.58541,0,0.0702177
2026-03-16-14-20-45,Quadro RTX 5000,CUDA,GEMM_Adam_CUDA,data_transfer,GPU,10,20846739456,Adam,0.001,0.9,0.999,1e-08,133.953,0,0.0614558
2026-03-16-14-20-45,Quadro RTX 5000,CUDA,GEMM_Adam_CUDA,compute,GPU,10,20846739456,Adam,0.001,0.9,0.999,1e-08,5.58877,0,0.0614558
2026-03-16-14-20-54,Quadro RTX 5000,CUDA,GEMM_Adam_CUDA,data_transfer,GPU,10,20846739456,Adam,0.001,0.9,0.999,1e-08,134.484,0,0.0533716
2026-03-16-14-20-54,Quadro RTX 5000,CUDA,GEMM_Adam_CUDA,compute,GPU,10,20846739456,Adam,0.001,0.9,0.999,1e-08,5.58973,0,0.0533716
2026-03-16-14-21-04,Quadro RTX 5000,CUDA,GEMM_Adam_CUDA,data_transfer,GPU,10,20846739456,Adam,0.001,0.9,0.999,1e-08,132.023,0,0.0459598
2026-03-16-14-21-04,Quadro RTX 5000,CUDA,GEMM_Adam_CUDA,compute,GPU,10,20846739456,Adam,0.001,0.9,0.999,1e-08,5.58826,0,0.0459598
2026-03-16-14-21-13,Quadro RTX 5000,CUDA,GEMM_Adam_CUDA,data_transfer,GPU,10,20846739456,Adam,0.001,0.9,0.999,1e-08,134.263,0,0.0392113
2026-03-16-14-21-13,Quadro RTX 5000,CUDA,GEMM_Adam_CUDA,compute,GPU,10,20846739456,Adam,0.001,0.9,0.999,1e-08,5.57418,0,0.0392113
2026-03-16-14-21-21,Quadro RTX 5000,CUDA,GEMM_Adam_CUDA,data_transfer,GPU,10,20846739456,Adam,0.001,0.9,0.999,1e-08,134.219,0,0.033113
2026-03-16-14-21-21,Quadro RTX 5000,CUDA,GEMM_Adam_CUDA,compute,GPU,10,20846739456,Adam,0.001,0.9,0.999,1e-08,5.576,0,0.033113
2026-03-16-14-21-36,Quadro RTX 5000,CUDA,GEMM_Adam_CUDA,data_transfer,GPU,10,20846739456,Adam,0.001,0.9,0.999,1e-08,133.166,0,0
2026-03-16-14-21-36,Quadro RTX 5000,CUDA,GEMM_Adam_CUDA,compute,GPU,10,20846739456,Adam,0.001,0.9,0.999,1e-08,5.6959,0,0
2026-03-16-14-21-45,Quadro RTX 5000,CUDA,GEMM_Adam_CUDA,data_transfer,GPU,10,20846739456,Adam,0.001,0.9,0.999,1e-08,133.845,0,0.100568
2026-03-16-14-21-45,Quadro RTX 5000,CUDA,GEMM_Adam_CUDA,compute,GPU,10,20846739456,Adam,0.001,0.9,0.999,1e-08,5.58698,0,0.100568
2026-03-16-14-21-54,Quadro RTX 5000,CUDA,GEMM_Adam_CUDA,data_transfer,GPU,10,20846739456,Adam,0.001,0.9,0.999,1e-08,133.951,0,0.0897772
2026-03-16-14-21-54,Quadro RTX 5000,CUDA,GEMM_Adam_CUDA,compute,GPU,10,20846739456,Adam,0.001,0.9,0.999,1e-08,5.58816,0,0.0897772
2026-03-16-14-22-04,Quadro RTX 5000,CUDA,GEMM_Adam_CUDA,data_transfer,GPU,10,20846739456,Adam,0.001,0.9,0.999,1e-08,133.853,0,0.0796588
2026-03-16-14-22-04,Quadro RTX 5000,CUDA,GEMM_Adam_CUDA,compute,GPU,10,20846739456,Adam,0.001,0.9,0.999,1e-08,5.57702,0,0.0796588
2026-03-16-14-22-13,Quadro RTX 5000,CUDA,GEMM_Adam_CUDA,data_transfer,GPU,10,20846739456,Adam,0.001,0.9,0.999,1e-08,133.314,0,0.0702177
2026-03-16-14-22-13,Quadro RTX 5000,CUDA,GEMM_Adam_CUDA,compute,GPU,10,20846739456,Adam,0.001,0.9,0.999,1e-08,5.5864,0,0.0702177
2026-03-16-14-22-22,Quadro RTX 5000,CUDA,GEMM_Adam_CUDA,data_transfer,GPU,10,20846739456,Adam,0.001,0.9,0.999,1e-08,133.044,0,0.0614558
2026-03-16-14-22-22,Quadro RTX 5000,CUDA,GEMM_Adam_CUDA,compute,GPU,10,20846739456,Adam,0.001,0.9,0.999,1e-08,5.58806,0,0.0614558
2026-03-16-14-22-31,Quadro RTX 5000,CUDA,GEMM_Adam_CUDA,data_transfer,GPU,10,20846739456,Adam,0.001,0.9,0.999,1e-08,134.03,0,0.0533716
2026-03-16-14-22-31,Quadro RTX 5000,CUDA,GEMM_Adam_CUDA,compute,GPU,10,20846739456,Adam,0.001,0.9,0.999,1e-08,5.57971,0,0.0533716
2026-03-16-14-22-40,Quadro RTX 5000,CUDA,GEMM_Adam_CUDA,data_transfer,GPU,10,20846739456,Adam,0.001,0.9,0.999,1e-08,132.843,0,0.0459598
2026-03-16-14-22-40,Quadro RTX 5000,CUDA,GEMM_Adam_CUDA,compute,GPU,10,20846739456,Adam,0.001,0.9,0.999,1e-08,5.58768,0,0.0459598
2026-03-16-14-22-49,Quadro RTX 5000,CUDA,GEMM_Adam_CUDA,data_transfer,GPU,10,20846739456,Adam,0.001,0.9,0.999,1e-08,133.385,0,0.0392113
2026-03-16-14-22-49,Quadro RTX 5000,CUDA,GEMM_Adam_CUDA,compute,GPU,10,20846739456,Adam,0.001,0.9,0.999,1e-08,5.57216,0,0.0392113
2026-03-16-14-22-58,Quadro RTX 5000,CUDA,GEMM_Adam_CUDA,data_transfer,GPU,10,20846739456,Adam,0.001,0.9,0.999,1e-08,133.265,0,0.033113
2026-03-16-14-22-58,Quadro RTX 5000,CUDA,GEMM_Adam_CUDA,compute,GPU,10,20846739456,Adam,0.001,0.9,0.999,1e-08,5.57571,0,0.033113
2026-03-16-14-23-13,Quadro RTX 5000,CUDA,GEMM_Adam_CUDA,data_transfer,GPU,10,20846739456,Adam,0.001,0.9,0.999,1e-08,133.285,0,0
2026-03-16-14-23-13,Quadro RTX 5000,CUDA,GEMM_Adam_CUDA,compute,GPU,10,20846739456,Adam,0.001,0.9,0.999,1e-08,5.68784,0,0
2026-03-16-14-23-22,Quadro RTX 5000,CUDA,GEMM_Adam_CUDA,data_transfer,GPU,10,20846739456,Adam,0.001,0.9,0.999,1e-08,134.506,0,0.100568
2026-03-16-14-23-22,Quadro RTX 5000,CUDA,GEMM_Adam_CUDA,compute,GPU,10,20846739456,Adam,0.001,0.9,0.999,1e-08,5.58797,0,0.100568
2026-03-16-14-23-31,Quadro RTX 5000,CUDA,GEMM_Adam_CUDA,data_transfer,GPU,10,20846739456,Adam,0.001,0.9,0.999,1e-08,134.12,0,0.0897772
2026-03-16-14-23-31,Quadro RTX 5000,CUDA,GEMM_Adam_CUDA,compute,GPU,10,20846739456,Adam,0.001,0.9,0.999,1e-08,5.59152,0,0.0897772
2026-03-16-14-23-40,Quadro RTX 5000,CUDA,GEMM_Adam_CUDA,data_transfer,GPU,10,20846739456,Adam,0.001,0.9,0.999,1e-08,134.51,0,0.0796588
2026-03-16-14-23-40,Quadro RTX 5000,CUDA,GEMM_Adam_CUDA,compute,GPU,10,20846739456,Adam,0.001,0.9,0.999,1e-08,5.57962,0,0.0796588
2026-03-16-14-23-49,Quadro RTX 5000,CUDA,GEMM_Adam_CUDA,data_transfer,GPU,10,20846739456,Adam,0.001,0.9,0.999,1e-08,134.263,0,0.0702177
2026-03-16-14-23-49,Quadro RTX 5000,CUDA,GEMM_Adam_CUDA,compute,GPU,10,20846739456,Adam,0.001,0.9,0.999,1e-08,5.58797,0,0.0702177
2026-03-16-14-23-58,Quadro RTX 5000,CUDA,GEMM_Adam_CUDA,data_transfer,GPU,10,20846739456,Adam,0.001,0.9,0.999,1e-08,133.618,0,0.0614558
2026-03-16-14-23-58,Quadro RTX 5000,CUDA,GEMM_Adam_CUDA,compute,GPU,10,20846739456,Adam,0.001,0.9,0.999,1e-08,5.58966,0,0.0614558
2026-03-16-14-24-08,Quadro RTX 5000,CUDA,GEMM_Adam_CUDA,data_transfer,GPU,10,20846739456,Adam,0.001,0.9,0.999,1e-08,134.198,0,0.0533716
2026-03-16-14-24-08,Quadro RTX 5000,CUDA,GEMM_Adam_CUDA,compute,GPU,10,20846739456,Adam,0.001,0.9,0.999,1e-08,5.58074,0,0.0533716
2026-03-16-14-24-17,Quadro RTX 5000,CUDA,GEMM_Adam_CUDA,data_transfer,GPU,10,20846739456,Adam,0.001,0.9,0.999,1e-08,133.791,0,0.0459598
2026-03-16-14-24-17,Quadro RTX 5000,CUDA,GEMM_Adam_CUDA,compute,GPU,10,20846739456,Adam,0.001,0.9,0.999,1e-08,5.5904,0,0.0459598
2026-03-16-14-24-26,Quadro RTX 5000,CUDA,GEMM_Adam_CUDA,data_transfer,GPU,10,20846739456,Adam,0.001,0.9,0.999,1e-08,134.445,0,0.0392113
2026-03-16-14-24-26,Quadro RTX 5000,CUDA,GEMM_Adam_CUDA,compute,GPU,10,20846739456,Adam,0.001,0.9,0.999,1e-08,5.58323,0,0.0392113
2026-03-16-14-24-35,Quadro RTX 5000,CUDA,GEMM_Adam_CUDA,data_transfer,GPU,10,20846739456,Adam,0.001,0.9,0.999,1e-08,134.002,0,0.033113
2026-03-16-14-24-35,Quadro RTX 5000,CUDA,GEMM_Adam_CUDA,compute,GPU,10,20846739456,Adam,0.001,0.9,0.999,1e-08,5.57773,0,0.033113
2026-03-16-14-25-15,Quadro RTX 5000,CUDA,GEMM_Adam_CUDA,data_transfer,GPU,10,25723027456,Adam,0.001,0.9,0.999,1e-08,164.791,0,0
2026-03-16-14-25-15,Quadro RTX 5000,CUDA,GEMM_Adam_CUDA,compute,GPU,10,25723027456,Adam,0.001,0.9,0.999,1e-08,6.98006,0,0
2026-03-16-14-25-25,Quadro RTX 5000,CUDA,GEMM_Adam_CUDA,data_transfer,GPU,10,25723027456,Adam,0.001,0.9,0.999,1e-08,165.184,0,0.111369
2026-03-16-14-25-25,Quadro RTX 5000,CUDA,GEMM_Adam_CUDA,compute,GPU,10,25723027456,Adam,0.001,0.9,0.999,1e-08,6.88563,0,0.111369
2026-03-16-14-25-37,Quadro RTX 5000,CUDA,GEMM_Adam_CUDA,data_transfer,GPU,10,25723027456,Adam,0.001,0.9,0.999,1e-08,165.374,0,0.098836
2026-03-16-14-25-37,Quadro RTX 5000,CUDA,GEMM_Adam_CUDA,compute,GPU,10,25723027456,Adam,0.001,0.9,0.999,1e-08,6.88771,0,0.098836
2026-03-16-14-25-48,Quadro RTX 5000,CUDA,GEMM_Adam_CUDA,data_transfer,GPU,10,25723027456,Adam,0.001,0.9,0.999,1e-08,165.586,0,0.087122
2026-03-16-14-25-48,Quadro RTX 5000,CUDA,GEMM_Adam_CUDA,compute,GPU,10,25723027456,Adam,0.001,0.9,0.999,1e-08,6.87459,0,0.087122
2026-03-16-14-25-59,Quadro RTX 5000,CUDA,GEMM_Adam_CUDA,data_transfer,GPU,10,25723027456,Adam,0.001,0.9,0.999,1e-08,164.753,0,0.0762331
2026-03-16-14-25-59,Quadro RTX 5000,CUDA,GEMM_Adam_CUDA,compute,GPU,10,25723027456,Adam,0.001,0.9,0.999,1e-08,6.88429,0,0.0762331
2026-03-16-14-26-10,Quadro RTX 5000,CUDA,GEMM_Adam_CUDA,data_transfer,GPU,10,25723027456,Adam,0.001,0.9,0.999,1e-08,164.588,0,0.0661711
2026-03-16-14-26-10,Quadro RTX 5000,CUDA,GEMM_Adam_CUDA,compute,GPU,10,25723027456,Adam,0.001,0.9,0.999,1e-08,6.8759,0,0.0661711
2026-03-16-14-26-22,Quadro RTX 5000,CUDA,GEMM_Adam_CUDA,data_transfer,GPU,10,25723027456,Adam,0.001,0.9,0.999,1e-08,165.197,0,0.0569332
2026-03-16-14-26-22,Quadro RTX 5000,CUDA,GEMM_Adam_CUDA,compute,GPU,10,25723027456,Adam,0.001,0.9,0.999,1e-08,6.88355,0,0.0569332
2026-03-16-14-26-33,Quadro RTX 5000,CUDA,GEMM_Adam_CUDA,data_transfer,GPU,10,25723027456,Adam,0.001,0.9,0.999,1e-08,165.422,0,0.048512
2026-03-16-14-26-33,Quadro RTX 5000,CUDA,GEMM_Adam_CUDA,compute,GPU,10,25723027456,Adam,0.001,0.9,0.999,1e-08,6.87597,0,0.048512
2026-03-16-14-26-44,Quadro RTX 5000,CUDA,GEMM_Adam_CUDA,data_transfer,GPU,10,25723027456,Adam,0.001,0.9,0.999,1e-08,164.99,0,0.0408949
2026-03-16-14-26-44,Quadro RTX 5000,CUDA,GEMM_Adam_CUDA,compute,GPU,10,25723027456,Adam,0.001,0.9,0.999,1e-08,6.88282,0,0.0408949
2026-03-16-14-26-56,Quadro RTX 5000,CUDA,GEMM_Adam_CUDA,data_transfer,GPU,10,25723027456,Adam,0.001,0.9,0.999,1e-08,162.694,0,0.0340643
2026-03-16-14-26-56,Quadro RTX 5000,CUDA,GEMM_Adam_CUDA,compute,GPU,10,25723027456,Adam,0.001,0.9,0.999,1e-08,6.87123,0,0.0340643
2026-03-16-14-27-14,Quadro RTX 5000,CUDA,GEMM_Adam_CUDA,data_transfer,GPU,10,25723027456,Adam,0.001,0.9,0.999,1e-08,164.936,0,0
2026-03-16-14-27-14,Quadro RTX 5000,CUDA,GEMM_Adam_CUDA,compute,GPU,10,25723027456,Adam,0.001,0.9,0.999,1e-08,6.98368,0,0
2026-03-16-14-27-25,Quadro RTX 5000,CUDA,GEMM_Adam_CUDA,data_transfer,GPU,10,25723027456,Adam,0.001,0.9,0.999,1e-08,166.1,0,0.111369
2026-03-16-14-27-25,Quadro RTX 5000,CUDA,GEMM_Adam_CUDA,compute,GPU,10,25723027456,Adam,0.001,0.9,0.999,1e-08,6.88534,0,0.111369
2026-03-16-14-27-37,Quadro RTX 5000,CUDA,GEMM_Adam_CUDA,data_transfer,GPU,10,25723027456,Adam,0.001,0.9,0.999,1e-08,165.534,0,0.098836
2026-03-16-14-27-37,Quadro RTX 5000,CUDA,GEMM_Adam_CUDA,compute,GPU,10,25723027456,Adam,0.001,0.9,0.999,1e-08,6.88778,0,0.098836
2026-03-16-14-27-48,Quadro RTX 5000,CUDA,GEMM_Adam_CUDA,data_transfer,GPU,10,25723027456,Adam,0.001,0.9,0.999,1e-08,166.137,0,0.087122
2026-03-16-14-27-48,Quadro RTX 5000,CUDA,GEMM_Adam_CUDA,compute,GPU,10,25723027456,Adam,0.001,0.9,0.999,1e-08,6.87482,0,0.087122
2026-03-16-14-27-59,Quadro RTX 5000,CUDA,GEMM_Adam_CUDA,data_transfer,GPU,10,25723027456,Adam,0.001,0.9,0.999,1e-08,164.799,0,0.0762331
2026-03-16-14-27-59,Quadro RTX 5000,CUDA,GEMM_Adam_CUDA,compute,GPU,10,25723027456,Adam,0.001,0.9,0.999,1e-08,6.88202,0,0.0762331
2026-03-16-14-28-10,Quadro RTX 5000,CUDA,GEMM_Adam_CUDA,data_transfer,GPU,10,25723027456,Adam,0.001,0.9,0.999,1e-08,164.753,0,0.0661711
2026-03-16-14-28-10,Quadro RTX 5000,CUDA,GEMM_Adam_CUDA,compute,GPU,10,25723027456,Adam,0.001,0.9,0.999,1e-08,6.87456,0,0.0661711
2026-03-16-14-28-21,Quadro RTX 5000,CUDA,GEMM_Adam_CUDA,data_transfer,GPU,10,25723027456,Adam,0.001,0.9,0.999,1e-08,165.009,0,0.0569332
2026-03-16-14-28-21,Quadro RTX 5000,CUDA,GEMM_Adam_CUDA,compute,GPU,10,25723027456,Adam,0.001,0.9,0.999,1e-08,6.88291,0,0.0569332
2026-03-16-14-28-32,Quadro RTX 5000,CUDA,GEMM_Adam_CUDA,data_transfer,GPU,10,25723027456,Adam,0.001,0.9,0.999,1e-08,165.414,0,0.048512
2026-03-16-14-28-32,Quadro RTX 5000,CUDA,GEMM_Adam_CUDA,compute,GPU,10,25723027456,Adam,0.001,0.9,0.999,1e-08,6.87622,0,0.048512
2026-03-16-14-28-43,Quadro RTX 5000,CUDA,GEMM_Adam_CUDA,data_transfer,GPU,10,25723027456,Adam,0.001,0.9,0.999,1e-08,164.13,0,0.0408949
2026-03-16-14-28-43,Quadro RTX 5000,CUDA,GEMM_Adam_CUDA,compute,GPU,10,25723027456,Adam,0.001,0.9,0.999,1e-08,6.88451,0,0.0408949
2026-03-16-14-28-54,Quadro RTX 5000,CUDA,GEMM_Adam_CUDA,data_transfer,GPU,10,25723027456,Adam,0.001,0.9,0.999,1e-08,165.077,0,0.0340643
2026-03-16-14-28-54,Quadro RTX 5000,CUDA,GEMM_Adam_CUDA,compute,GPU,10,25723027456,Adam,0.001,0.9,0.999,1e-08,6.87219,0,0.0340643
2026-03-16-14-29-13,Quadro RTX 5000,CUDA,GEMM_Adam_CUDA,data_transfer,GPU,10,25723027456,Adam,0.001,0.9,0.999,1e-08,164.799,0,0
2026-03-16-14-29-13,Quadro RTX 5000,CUDA,GEMM_Adam_CUDA,compute,GPU,10,25723027456,Adam,0.001,0.9,0.999,1e-08,6.98013,0,0
2026-03-16-14-29-25,Quadro RTX 5000,CUDA,GEMM_Adam_CUDA,data_transfer,GPU,10,25723027456,Adam,0.001,0.9,0.999,1e-08,165.679,0,0.111369
2026-03-16-14-29-25,Quadro RTX 5000,CUDA,GEMM_Adam_CUDA,compute,GPU,10,25723027456,Adam,0.001,0.9,0.999,1e-08,6.88637,0,0.111369
2026-03-16-14-29-36,Quadro RTX 5000,CUDA,GEMM_Adam_CUDA,data_transfer,GPU,10,25723027456,Adam,0.001,0.9,0.999,1e-08,165.829,0,0.098836
2026-03-16-14-29-36,Quadro RTX 5000,CUDA,GEMM_Adam_CUDA,compute,GPU,10,25723027456,Adam,0.001,0.9,0.999,1e-08,6.8871,0,0.098836
2026-03-16-14-29-47,Quadro RTX 5000,CUDA,GEMM_Adam_CUDA,data_transfer,GPU,10,25723027456,Adam,0.001,0.9,0.999,1e-08,165.892,0,0.087122
2026-03-16-14-29-47,Quadro RTX 5000,CUDA,GEMM_Adam_CUDA,compute,GPU,10,25723027456,Adam,0.001,0.9,0.999,1e-08,6.88746,0,0.087122
2026-03-16-14-29-58,Quadro RTX 5000,CUDA,GEMM_Adam_CUDA,data_transfer,GPU,10,25723027456,Adam,0.001,0.9,0.999,1e-08,164.956,0,0.0762331
2026-03-16-14-29-58,Quadro RTX 5000,CUDA,GEMM_Adam_CUDA,compute,GPU,10,25723027456,Adam,0.001,0.9,0.999,1e-08,6.88598,0,0.0762331
2026-03-16-14-30-09,Quadro RTX 5000,CUDA,GEMM_Adam_CUDA,data_transfer,GPU,10,25723027456,Adam,0.001,0.9,0.999,1e-08,165.621,0,0.0661711
2026-03-16-14-30-09,Quadro RTX 5000,CUDA,GEMM_Adam_CUDA,compute,GPU,10,25723027456,Adam,0.001,0.9,0.999,1e-08,6.87094,0,0.0661711
2026-03-16-14-30-21,Quadro RTX 5000,CUDA,GEMM_Adam_CUDA,data_transfer,GPU,10,25723027456,Adam,0.001,0.9,0.999,1e-08,165.054,0,0.0569332
2026-03-16-14-30-21,Quadro RTX 5000,CUDA,GEMM_Adam_CUDA,compute,GPU,10,25723027456,Adam,0.001,0.9,0.999,1e-08,6.89184,0,0.0569332
2026-03-16-14-30-32,Quadro RTX 5000,CUDA,GEMM_Adam_CUDA,data_transfer,GPU,10,25723027456,Adam,0.001,0.9,0.999,1e-08,165.904,0,0.048512
2026-03-16-14-30-32,Quadro RTX 5000,CUDA,GEMM_Adam_CUDA,compute,GPU,10,25723027456,Adam,0.001,0.9,0.999,1e-08,6.87181,0,0.048512
2026-03-16-14-30-43,Quadro RTX 5000,CUDA,GEMM_Adam_CUDA,data_transfer,GPU,10,25723027456,Adam,0.001,0.9,0.999,1e-08,164.966,0,0.0408949
2026-03-16-14-30-43,Quadro RTX 5000,CUDA,GEMM_Adam_CUDA,compute,GPU,10,25723027456,Adam,0.001,0.9,0.999,1e-08,6.88704,0,0.0408949
2026-03-16-14-30-55,Quadro RTX 5000,CUDA,GEMM_Adam_CUDA,data_transfer,GPU,10,25723027456,Adam,0.001,0.9,0.999,1e-08,165.786,0,0.0340643
2026-03-16-14-30-55,Quadro RTX 5000,CUDA,GEMM_Adam_CUDA,compute,GPU,10,25723027456,Adam,0.001,0.9,0.999,1e-08,6.87094,0,0.0340643
2026-03-16-14-31-13,Quadro RTX 5000,CUDA,GEMM_Adam_CUDA,data_transfer,GPU,10,25723027456,Adam,0.001,0.9,0.999,1e-08,164.508,0,0
2026-03-16-14-31-13,Quadro RTX 5000,CUDA,GEMM_Adam_CUDA,compute,GPU,10,25723027456,Adam,0.001,0.9,0.999,1e-08,6.98589,0,0
2026-03-16-14-31-24,Quadro RTX 5000,CUDA,GEMM_Adam_CUDA,data_transfer,GPU,10,25723027456,Adam,0.001,0.9,0.999,1e-08,165.696,0,0.111369
2026-03-16-14-31-24,Quadro RTX 5000,CUDA,GEMM_Adam_CUDA,compute,GPU,10,25723027456,Adam,0.001,0.9,0.999,1e-08,6.88787,0,0.111369
2026-03-16-14-31-36,Quadro RTX 5000,CUDA,GEMM_Adam_CUDA,data_transfer,GPU,10,25723027456,Adam,0.001,0.9,0.999,1e-08,165.596,0,0.098836
2026-03-16-14-31-36,Quadro RTX 5000,CUDA,GEMM_Adam_CUDA,compute,GPU,10,25723027456,Adam,0.001,0.9,0.999,1e-08,6.88694,0,0.098836
2026-03-16-14-31-48,Quadro RTX 5000,CUDA,GEMM_Adam_CUDA,data_transfer,GPU,10,25723027456,Adam,0.001,0.9,0.999,1e-08,165.397,0,0.087122
2026-03-16-14-31-48,Quadro RTX 5000,CUDA,GEMM_Adam_CUDA,compute,GPU,10,25723027456,Adam,0.001,0.9,0.999,1e-08,6.87478,0,0.087122
2026-03-16-14-31-59,Quadro RTX 5000,CUDA,GEMM_Adam_CUDA,data_transfer,GPU,10,25723027456,Adam,0.001,0.9,0.999,1e-08,165.046,0,0.0762331
2026-03-16-14-31-59,Quadro RTX 5000,CUDA,GEMM_Adam_CUDA,compute,GPU,10,25723027456,Adam,0.001,0.9,0.999,1e-08,6.88688,0,0.0762331
2026-03-16-14-32-10,Quadro RTX 5000,CUDA,GEMM_Adam_CUDA,data_transfer,GPU,10,25723027456,Adam,0.001,0.9,0.999,1e-08,165.092,0,0.0661711
2026-03-16-14-32-10,Quadro RTX 5000,CUDA,GEMM_Adam_CUDA,compute,GPU,10,25723027456,Adam,0.001,0.9,0.999,1e-08,6.87507,0,0.0661711
2026-03-16-14-32-22,Quadro RTX 5000,CUDA,GEMM_Adam_CUDA,data_transfer,GPU,10,25723027456,Adam,0.001,0.9,0.999,1e-08,164.851,0,0.0569332
2026-03-16-14-32-22,Quadro RTX 5000,CUDA,GEMM_Adam_CUDA,compute,GPU,10,25723027456,Adam,0.001,0.9,0.999,1e-08,6.88483,0,0.0569332
2026-03-16-14-32-33,Quadro RTX 5000,CUDA,GEMM_Adam_CUDA,data_transfer,GPU,10,25723027456,Adam,0.001,0.9,0.999,1e-08,165.297,0,0.048512
2026-03-16-14-32-33,Quadro RTX 5000,CUDA,GEMM_Adam_CUDA,compute,GPU,10,25723027456,Adam,0.001,0.9,0.999,1e-08,6.87472,0,0.048512
2026-03-16-14-32-44,Quadro RTX 5000,CUDA,GEMM_Adam_CUDA,data_transfer,GPU,10,25723027456,Adam,0.001,0.9,0.999,1e-08,164.923,0,0.0408949
2026-03-16-14-32-44,Quadro RTX 5000,CUDA,GEMM_Adam_CUDA,compute,GPU,10,25723027456,Adam,0.001,0.9,0.999,1e-08,6.88554,0,0.0408949
2026-03-16-14-32-55,Quadro RTX 5000,CUDA,GEMM_Adam_CUDA,data_transfer,GPU,10,25723027456,Adam,0.001,0.9,0.999,1e-08,165.232,0,0.0340643
2026-03-16-14-32-55,Quadro RTX 5000,CUDA,GEMM_Adam_CUDA,compute,GPU,10,25723027456,Adam,0.001,0.9,0.999,1e-08,6.87197,0,0.0340643
2026-03-16-14-33-13,Quadro RTX 5000,CUDA,GEMM_Adam_CUDA,data_transfer,GPU,10,25723027456,Adam,0.001,0.9,0.999,1e-08,164.137,0,0
2026-03-16-14-33-13,Quadro RTX 5000,CUDA,GEMM_Adam_CUDA,compute,GPU,10,25723027456,Adam,0.001,0.9,0.999,1e-08,6.97475,0,0
2026-03-16-14-33-25,Quadro RTX 5000,CUDA,GEMM_Adam_CUDA,data_transfer,GPU,10,25723027456,Adam,0.001,0.9,0.999,1e-08,164.949,0,0.111369
2026-03-16-14-33-25,Quadro RTX 5000,CUDA,GEMM_Adam_CUDA,compute,GPU,10,25723027456,Adam,0.001,0.9,0.999,1e-08,6.88781,0,0.111369
2026-03-16-14-33-36,Quadro RTX 5000,CUDA,GEMM_Adam_CUDA,data_transfer,GPU,10,25723027456,Adam,0.001,0.9,0.999,1e-08,164.913,0,0.098836
2026-03-16-14-33-36,Quadro RTX 5000,CUDA,GEMM_Adam_CUDA,compute,GPU,10,25723027456,Adam,0.001,0.9,0.999,1e-08,6.88912,0,0.098836
2026-03-16-14-33-48,Quadro RTX 5000,CUDA,GEMM_Adam_CUDA,data_transfer,GPU,10,25723027456,Adam,0.001,0.9,0.999,1e-08,163.019,0,0.087122
2026-03-16-14-33-48,Quadro RTX 5000,CUDA,GEMM_Adam_CUDA,compute,GPU,10,25723027456,Adam,0.001,0.9,0.999,1e-08,6.87386,0,0.087122
2026-03-16-14-33-59,Quadro RTX 5000,CUDA,GEMM_Adam_CUDA,data_transfer,GPU,10,25723027456,Adam,0.001,0.9,0.999,1e-08,164.376,0,0.0762331
2026-03-16-14-33-59,Quadro RTX 5000,CUDA,GEMM_Adam_CUDA,compute,GPU,10,25723027456,Adam,0.001,0.9,0.999,1e-08,6.89069,0,0.0762331
2026-03-16-14-34-10,Quadro RTX 5000,CUDA,GEMM_Adam_CUDA,data_transfer,GPU,10,25723027456,Adam,0.001,0.9,0.999,1e-08,164.991,0,0.0661711
2026-03-16-14-34-10,Quadro RTX 5000,CUDA,GEMM_Adam_CUDA,compute,GPU,10,25723027456,Adam,0.001,0.9,0.999,1e-08,6.88685,0,0.0661711
2026-03-16-14-34-22,Quadro RTX 5000,CUDA,GEMM_Adam_CUDA,data_transfer,GPU,10,25723027456,Adam,0.001,0.9,0.999,1e-08,165.074,0,0.0569332
2026-03-16-14-34-22,Quadro RTX 5000,CUDA,GEMM_Adam_CUDA,compute,GPU,10,25723027456,Adam,0.001,0.9,0.999,1e-08,6.87725,0,0.0569332
2026-03-16-14-34-33,Quadro RTX 5000,CUDA,GEMM_Adam_CUDA,data_transfer,GPU,10,25723027456,Adam,0.001,0.9,0.999,1e-08,164.622,0,0.048512
2026-03-16-14-34-33,Quadro RTX 5000,CUDA,GEMM_Adam_CUDA,compute,GPU,10,25723027456,Adam,0.001,0.9,0.999,1e-08,6.87485,0,0.048512
2026-03-16-14-34-44,Quadro RTX 5000,CUDA,GEMM_Adam_CUDA,data_transfer,GPU,10,25723027456,Adam,0.001,0.9,0.999,1e-08,164.254,0,0.0408949
2026-03-16-14-34-44,Quadro RTX 5000,CUDA,GEMM_Adam_CUDA,compute,GPU,10,25723027456,Adam,0.001,0.9,0.999,1e-08,6.88464,0,0.0408949
2026-03-16-14-34-55,Quadro RTX 5000,CUDA,GEMM_Adam_CUDA,data_transfer,GPU,10,25723027456,Adam,0.001,0.9,0.999,1e-08,164.746,0,0.0340643
2026-03-16-14-34-55,Quadro RTX 5000,CUDA,GEMM_Adam_CUDA,compute,GPU,10,25723027456,Adam,0.001,0.9,0.999,1e-08,6.87206,0,0.0340643
2026-03-16-14-36-43,Quadro RTX 5000,OpenCL,GEMM_Adam_CPU,data_transfer,GPU,10,4145299456,Adam,0.001,0.9,0.999,1e-08,28.0802,1,0
2026-03-16-14-36-43,Quadro RTX 5000,OpenCL,GEMM_Adam_CPU,compute,GPU,10,4145299456,Adam,0.001,0.9,0.999,1e-08,1.10883,1,0
2026-03-16-14-36-45,Quadro RTX 5000,OpenCL,GEMM_Adam_CPU,data_transfer,GPU,10,4145299456,Adam,0.001,0.9,0.999,1e-08,27.4043,2,0.044708
2026-03-16-14-36-45,Quadro RTX 5000,OpenCL,GEMM_Adam_CPU,compute,GPU,10,4145299456,Adam,0.001,0.9,0.999,1e-08,1.11309,2,0.044708
2026-03-16-14-36-47,Quadro RTX 5000,OpenCL,GEMM_Adam_CPU,data_transfer,GPU,10,4145299456,Adam,0.001,0.9,0.999,1e-08,27.4017,3,0.0413558
2026-03-16-14-36-47,Quadro RTX 5000,OpenCL,GEMM_Adam_CPU,compute,GPU,10,4145299456,Adam,0.001,0.9,0.999,1e-08,1.11238,3,0.0413558
2026-03-16-14-36-48,Quadro RTX 5000,OpenCL,GEMM_Adam_CPU,data_transfer,GPU,10,4145299456,Adam,0.001,0.9,0.999,1e-08,27.3777,4,0.0381521
2026-03-16-14-36-48,Quadro RTX 5000,OpenCL,GEMM_Adam_CPU,compute,GPU,10,4145299456,Adam,0.001,0.9,0.999,1e-08,1.12106,4,0.0381521
2026-03-16-14-36-50,Quadro RTX 5000,OpenCL,GEMM_Adam_CPU,data_transfer,GPU,10,4145299456,Adam,0.001,0.9,0.999,1e-08,27.6563,5,0.0350981
2026-03-16-14-36-50,Quadro RTX 5000,OpenCL,GEMM_Adam_CPU,compute,GPU,10,4145299456,Adam,0.001,0.9,0.999,1e-08,1.12336,5,0.0350981
2026-03-16-14-36-52,Quadro RTX 5000,OpenCL,GEMM_Adam_CPU,data_transfer,GPU,10,4145299456,Adam,0.001,0.9,0.999,1e-08,27.5702,6,0.0321947
2026-03-16-14-36-52,Quadro RTX 5000,OpenCL,GEMM_Adam_CPU,compute,GPU,10,4145299456,Adam,0.001,0.9,0.999,1e-08,1.11395,6,0.0321947
2026-03-16-14-36-54,Quadro RTX 5000,OpenCL,GEMM_Adam_CPU,data_transfer,GPU,10,4145299456,Adam,0.001,0.9,0.999,1e-08,27.9731,7,0.0294422
2026-03-16-14-36-54,Quadro RTX 5000,OpenCL,GEMM_Adam_CPU,compute,GPU,10,4145299456,Adam,0.001,0.9,0.999,1e-08,1.12186,7,0.0294422
2026-03-16-14-36-56,Quadro RTX 5000,OpenCL,GEMM_Adam_CPU,data_transfer,GPU,10,4145299456,Adam,0.001,0.9,0.999,1e-08,27.5289,8,0.0268402
2026-03-16-14-36-56,Quadro RTX 5000,OpenCL,GEMM_Adam_CPU,compute,GPU,10,4145299456,Adam,0.001,0.9,0.999,1e-08,1.11411,8,0.0268402
2026-03-16-14-36-57,Quadro RTX 5000,OpenCL,GEMM_Adam_CPU,data_transfer,GPU,10,4145299456,Adam,0.001,0.9,0.999,1e-08,27.3343,9,0.0243879
2026-03-16-14-36-57,Quadro RTX 5000,OpenCL,GEMM_Adam_CPU,compute,GPU,10,4145299456,Adam,0.001,0.9,0.999,1e-08,1.11302,9,0.0243879
2026-03-16-14-36-59,Quadro RTX 5000,OpenCL,GEMM_Adam_CPU,data_transfer,GPU,10,4145299456,Adam,0.001,0.9,0.999,1e-08,27.6542,10,0.0220838
2026-03-16-14-36-59,Quadro RTX 5000,OpenCL,GEMM_Adam_CPU,compute,GPU,10,4145299456,Adam,0.001,0.9,0.999,1e-08,1.12026,10,0.0220838
2026-03-16-14-37-04,Quadro RTX 5000,OpenCL,GEMM_Adam_CPU,data_transfer,GPU,10,4145299456,Adam,0.001,0.9,0.999,1e-08,26.9678,1,0
2026-03-16-14-37-04,Quadro RTX 5000,OpenCL,GEMM_Adam_CPU,compute,GPU,10,4145299456,Adam,0.001,0.9,0.999,1e-08,1.11117,1,0
2026-03-16-14-37-06,Quadro RTX 5000,OpenCL,GEMM_Adam_CPU,data_transfer,GPU,10,4145299456,Adam,0.001,0.9,0.999,1e-08,27.6506,2,0.044708
2026-03-16-14-37-06,Quadro RTX 5000,OpenCL,GEMM_Adam_CPU,compute,GPU,10,4145299456,Adam,0.001,0.9,0.999,1e-08,1.11306,2,0.044708
2026-03-16-14-37-08,Quadro RTX 5000,OpenCL,GEMM_Adam_CPU,data_transfer,GPU,10,4145299456,Adam,0.001,0.9,0.999,1e-08,27.5929,3,0.0413558
2026-03-16-14-37-08,Quadro RTX 5000,OpenCL,GEMM_Adam_CPU,compute,GPU,10,4145299456,Adam,0.001,0.9,0.999,1e-08,1.11206,3,0.0413558
2026-03-16-14-37-09,Quadro RTX 5000,OpenCL,GEMM_Adam_CPU,data_transfer,GPU,10,4145299456,Adam,0.001,0.9,0.999,1e-08,27.4117,4,0.0381521
2026-03-16-14-37-09,Quadro RTX 5000,OpenCL,GEMM_Adam_CPU,compute,GPU,10,4145299456,Adam,0.001,0.9,0.999,1e-08,1.12045,4,0.0381521
2026-03-16-14-37-11,Quadro RTX 5000,OpenCL,GEMM_Adam_CPU,data_transfer,GPU,10,4145299456,Adam,0.001,0.9,0.999,1e-08,27.7506,5,0.0350981
2026-03-16-14-37-11,Quadro RTX 5000,OpenCL,GEMM_Adam_CPU,compute,GPU,10,4145299456,Adam,0.001,0.9,0.999,1e-08,1.12016,5,0.0350981
2026-03-16-14-37-13,Quadro RTX 5000,OpenCL,GEMM_Adam_CPU,data_transfer,GPU,10,4145299456,Adam,0.001,0.9,0.999,1e-08,27.5289,6,0.0321947
2026-03-16-14-37-13,Quadro RTX 5000,OpenCL,GEMM_Adam_CPU,compute,GPU,10,4145299456,Adam,0.001,0.9,0.999,1e-08,1.11379,6,0.0321947
2026-03-16-14-37-15,Quadro RTX 5000,OpenCL,GEMM_Adam_CPU,data_transfer,GPU,10,4145299456,Adam,0.001,0.9,0.999,1e-08,27.8074,7,0.0294422
2026-03-16-14-37-15,Quadro RTX 5000,OpenCL,GEMM_Adam_CPU,compute,GPU,10,4145299456,Adam,0.001,0.9,0.999,1e-08,1.11968,7,0.0294422
2026-03-16-14-37-17,Quadro RTX 5000,OpenCL,GEMM_Adam_CPU,data_transfer,GPU,10,4145299456,Adam,0.001,0.9,0.999,1e-08,27.33,8,0.0268402
2026-03-16-14-37-17,Quadro RTX 5000,OpenCL,GEMM_Adam_CPU,compute,GPU,10,4145299456,Adam,0.001,0.9,0.999,1e-08,1.11411,8,0.0268402
2026-03-16-14-37-18,Quadro RTX 5000,OpenCL,GEMM_Adam_CPU,data_transfer,GPU,10,4145299456,Adam,0.001,0.9,0.999,1e-08,27.4331,9,0.0243879
2026-03-16-14-37-18,Quadro RTX 5000,OpenCL,GEMM_Adam_CPU,compute,GPU,10,4145299456,Adam,0.001,0.9,0.999,1e-08,1.11206,9,0.0243879
2026-03-16-14-37-20,Quadro RTX 5000,OpenCL,GEMM_Adam_CPU,data_transfer,GPU,10,4145299456,Adam,0.001,0.9,0.999,1e-08,27.4803,10,0.0220838
2026-03-16-14-37-20,Quadro RTX 5000,OpenCL,GEMM_Adam_CPU,compute,GPU,10,4145299456,Adam,0.001,0.9,0.999,1e-08,1.1217,10,0.0220838
2026-03-16-14-37-25,Quadro RTX 5000,OpenCL,GEMM_Adam_CPU,data_transfer,GPU,10,4145299456,Adam,0.001,0.9,0.999,1e-08,26.862,1,0
2026-03-16-14-37-25,Quadro RTX 5000,OpenCL,GEMM_Adam_CPU,compute,GPU,10,4145299456,Adam,0.001,0.9,0.999,1e-08,1.10963,1,0
2026-03-16-14-37-27,Quadro RTX 5000,OpenCL,GEMM_Adam_CPU,data_transfer,GPU,10,4145299456,Adam,0.001,0.9,0.999,1e-08,27.8358,2,0.044708
2026-03-16-14-37-27,Quadro RTX 5000,OpenCL,GEMM_Adam_CPU,compute,GPU,10,4145299456,Adam,0.001,0.9,0.999,1e-08,1.1201,2,0.044708
2026-03-16-14-37-29,Quadro RTX 5000,OpenCL,GEMM_Adam_CPU,data_transfer,GPU,10,4145299456,Adam,0.001,0.9,0.999,1e-08,27.6126,3,0.0413558
2026-03-16-14-37-29,Quadro RTX 5000,OpenCL,GEMM_Adam_CPU,compute,GPU,10,4145299456,Adam,0.001,0.9,0.999,1e-08,1.11206,3,0.0413558
2026-03-16-14-37-31,Quadro RTX 5000,OpenCL,GEMM_Adam_CPU,data_transfer,GPU,10,4145299456,Adam,0.001,0.9,0.999,1e-08,27.6517,4,0.0381521
2026-03-16-14-37-31,Quadro RTX 5000,OpenCL,GEMM_Adam_CPU,compute,GPU,10,4145299456,Adam,0.001,0.9,0.999,1e-08,1.12032,4,0.0381521
2026-03-16-14-37-33,Quadro RTX 5000,OpenCL,GEMM_Adam_CPU,data_transfer,GPU,10,4145299456,Adam,0.001,0.9,0.999,1e-08,28.3404,5,0.0350981
2026-03-16-14-37-33,Quadro RTX 5000,OpenCL,GEMM_Adam_CPU,compute,GPU,10,4145299456,Adam,0.001,0.9,0.999,1e-08,1.11968,5,0.0350981
2026-03-16-14-37-34,Quadro RTX 5000,OpenCL,GEMM_Adam_CPU,data_transfer,GPU,10,4145299456,Adam,0.001,0.9,0.999,1e-08,27.4362,6,0.0321947
2026-03-16-14-37-34,Quadro RTX 5000,OpenCL,GEMM_Adam_CPU,compute,GPU,10,4145299456,Adam,0.001,0.9,0.999,1e-08,1.11405,6,0.0321947
2026-03-16-14-37-36,Quadro RTX 5000,OpenCL,GEMM_Adam_CPU,data_transfer,GPU,10,4145299456,Adam,0.001,0.9,0.999,1e-08,28.3446,7,0.0294422
2026-03-16-14-37-36,Quadro RTX 5000,OpenCL,GEMM_Adam_CPU,compute,GPU,10,4145299456,Adam,0.001,0.9,0.999,1e-08,1.12,7,0.0294422
2026-03-16-14-37-38,Quadro RTX 5000,OpenCL,GEMM_Adam_CPU,data_transfer,GPU,10,4145299456,Adam,0.001,0.9,0.999,1e-08,27.5972,8,0.0268402
2026-03-16-14-37-38,Quadro RTX 5000,OpenCL,GEMM_Adam_CPU,compute,GPU,10,4145299456,Adam,0.001,0.9,0.999,1e-08,1.11341,8,0.0268402
2026-03-16-14-37-40,Quadro RTX 5000,OpenCL,GEMM_Adam_CPU,data_transfer,GPU,10,4145299456,Adam,0.001,0.9,0.999,1e-08,27.473,9,0.0243879
2026-03-16-14-37-40,Quadro RTX 5000,OpenCL,GEMM_Adam_CPU,compute,GPU,10,4145299456,Adam,0.001,0.9,0.999,1e-08,1.1135,9,0.0243879
2026-03-16-14-37-42,Quadro RTX 5000,OpenCL,GEMM_Adam_CPU,data_transfer,GPU,10,4145299456,Adam,0.001,0.9,0.999,1e-08,27.5904,10,0.0220838
2026-03-16-14-37-42,Quadro RTX 5000,OpenCL,GEMM_Adam_CPU,compute,GPU,10,4145299456,Adam,0.001,0.9,0.999,1e-08,1.1305,10,0.0220838
2026-03-16-14-37-47,Quadro RTX 5000,OpenCL,GEMM_Adam_CPU,data_transfer,GPU,10,4145299456,Adam,0.001,0.9,0.999,1e-08,27.3462,1,0
2026-03-16-14-37-47,Quadro RTX 5000,OpenCL,GEMM_Adam_CPU,compute,GPU,10,4145299456,Adam,0.001,0.9,0.999,1e-08,1.11782,1,0
2026-03-16-14-37-48,Quadro RTX 5000,OpenCL,GEMM_Adam_CPU,data_transfer,GPU,10,4145299456,Adam,0.001,0.9,0.999,1e-08,27.6134,2,0.044708
2026-03-16-14-37-48,Quadro RTX 5000,OpenCL,GEMM_Adam_CPU,compute,GPU,10,4145299456,Adam,0.001,0.9,0.999,1e-08,1.11322,2,0.044708
2026-03-16-14-37-50,Quadro RTX 5000,OpenCL,GEMM_Adam_CPU,data_transfer,GPU,10,4145299456,Adam,0.001,0.9,0.999,1e-08,27.5419,3,0.0413558
2026-03-16-14-37-50,Quadro RTX 5000,OpenCL,GEMM_Adam_CPU,compute,GPU,10,4145299456,Adam,0.001,0.9,0.999,1e-08,1.1207,3,0.0413558
2026-03-16-14-37-52,Quadro RTX 5000,OpenCL,GEMM_Adam_CPU,data_transfer,GPU,10,4145299456,Adam,0.001,0.9,0.999,1e-08,28.1093,4,0.0381521
2026-03-16-14-37-52,Quadro RTX 5000,OpenCL,GEMM_Adam_CPU,compute,GPU,10,4145299456,Adam,0.001,0.9,0.999,1e-08,1.12093,4,0.0381521
2026-03-16-14-37-54,Quadro RTX 5000,OpenCL,GEMM_Adam_CPU,data_transfer,GPU,10,4145299456,Adam,0.001,0.9,0.999,1e-08,27.8829,5,0.0350981
2026-03-16-14-37-54,Quadro RTX 5000,OpenCL,GEMM_Adam_CPU,compute,GPU,10,4145299456,Adam,0.001,0.9,0.999,1e-08,1.11392,5,0.0350981
2026-03-16-14-37-55,Quadro RTX 5000,OpenCL,GEMM_Adam_CPU,data_transfer,GPU,10,4145299456,Adam,0.001,0.9,0.999,1e-08,27.8507,6,0.0321947
2026-03-16-14-37-56,Quadro RTX 5000,OpenCL,GEMM_Adam_CPU,compute,GPU,10,4145299456,Adam,0.001,0.9,0.999,1e-08,1.12058,6,0.0321947
2026-03-16-14-37-57,Quadro RTX 5000,OpenCL,GEMM_Adam_CPU,data_transfer,GPU,10,4145299456,Adam,0.001,0.9,0.999,1e-08,27.4261,7,0.0294422
2026-03-16-14-37-57,Quadro RTX 5000,OpenCL,GEMM_Adam_CPU,compute,GPU,10,4145299456,Adam,0.001,0.9,0.999,1e-08,1.11427,7,0.0294422
2026-03-16-14-37-59,Quadro RTX 5000,OpenCL,GEMM_Adam_CPU,data_transfer,GPU,10,4145299456,Adam,0.001,0.9,0.999,1e-08,27.5112,8,0.0268402
2026-03-16-14-37-59,Quadro RTX 5000,OpenCL,GEMM_Adam_CPU,compute,GPU,10,4145299456,Adam,0.001,0.9,0.999,1e-08,1.11283,8,0.0268402
2026-03-16-14-38-01,Quadro RTX 5000,OpenCL,GEMM_Adam_CPU,data_transfer,GPU,10,4145299456,Adam,0.001,0.9,0.999,1e-08,27.1119,9,0.0243879
2026-03-16-14-38-01,Quadro RTX 5000,OpenCL,GEMM_Adam_CPU,compute,GPU,10,4145299456,Adam,0.001,0.9,0.999,1e-08,1.12157,9,0.0243879
2026-03-16-14-38-03,Quadro RTX 5000,OpenCL,GEMM_Adam_CPU,data_transfer,GPU,10,4145299456,Adam,0.001,0.9,0.999,1e-08,27.5062,10,0.0220838
2026-03-16-14-38-03,Quadro RTX 5000,OpenCL,GEMM_Adam_CPU,compute,GPU,10,4145299456,Adam,0.001,0.9,0.999,1e-08,1.11283,10,0.0220838
2026-03-16-14-38-08,Quadro RTX 5000,OpenCL,GEMM_Adam_CPU,data_transfer,GPU,10,4145299456,Adam,0.001,0.9,0.999,1e-08,26.9906,1,0
2026-03-16-14-38-08,Quadro RTX 5000,OpenCL,GEMM_Adam_CPU,compute,GPU,10,4145299456,Adam,0.001,0.9,0.999,1e-08,1.11005,1,0
2026-03-16-14-38-10,Quadro RTX 5000,OpenCL,GEMM_Adam_CPU,data_transfer,GPU,10,4145299456,Adam,0.001,0.9,0.999,1e-08,27.8019,2,0.044708
2026-03-16-14-38-10,Quadro RTX 5000,OpenCL,GEMM_Adam_CPU,compute,GPU,10,4145299456,Adam,0.001,0.9,0.999,1e-08,1.11411,2,0.044708
2026-03-16-14-38-11,Quadro RTX 5000,OpenCL,GEMM_Adam_CPU,data_transfer,GPU,10,4145299456,Adam,0.001,0.9,0.999,1e-08,27.6402,3,0.0413558
2026-03-16-14-38-11,Quadro RTX 5000,OpenCL,GEMM_Adam_CPU,compute,GPU,10,4145299456,Adam,0.001,0.9,0.999,1e-08,1.11238,3,0.0413558
2026-03-16-14-38-13,Quadro RTX 5000,OpenCL,GEMM_Adam_CPU,data_transfer,GPU,10,4145299456,Adam,0.001,0.9,0.999,1e-08,27.5225,4,0.0381521
2026-03-16-14-38-13,Quadro RTX 5000,OpenCL,GEMM_Adam_CPU,compute,GPU,10,4145299456,Adam,0.001,0.9,0.999,1e-08,1.12086,4,0.0381521
2026-03-16-14-38-15,Quadro RTX 5000,OpenCL,GEMM_Adam_CPU,data_transfer,GPU,10,4145299456,Adam,0.001,0.9,0.999,1e-08,27.8004,5,0.0350981
2026-03-16-14-38-15,Quadro RTX 5000,OpenCL,GEMM_Adam_CPU,compute,GPU,10,4145299456,Adam,0.001,0.9,0.999,1e-08,1.12026,5,0.0350981
2026-03-16-14-38-17,Quadro RTX 5000,OpenCL,GEMM_Adam_CPU,data_transfer,GPU,10,4145299456,Adam,0.001,0.9,0.999,1e-08,27.3708,6,0.0321947
2026-03-16-14-38-17,Quadro RTX 5000,OpenCL,GEMM_Adam_CPU,compute,GPU,10,4145299456,Adam,0.001,0.9,0.999,1e-08,1.11533,6,0.0321947
2026-03-16-14-38-18,Quadro RTX 5000,OpenCL,GEMM_Adam_CPU,data_transfer,GPU,10,4145299456,Adam,0.001,0.9,0.999,1e-08,28.3952,7,0.0294422
2026-03-16-14-38-18,Quadro RTX 5000,OpenCL,GEMM_Adam_CPU,compute,GPU,10,4145299456,Adam,0.001,0.9,0.999,1e-08,1.12227,7,0.0294422
2026-03-16-14-38-20,Quadro RTX 5000,OpenCL,GEMM_Adam_CPU,data_transfer,GPU,10,4145299456,Adam,0.001,0.9,0.999,1e-08,27.4755,8,0.0268402
2026-03-16-14-38-20,Quadro RTX 5000,OpenCL,GEMM_Adam_CPU,compute,GPU,10,4145299456,Adam,0.001,0.9,0.999,1e-08,1.11597,8,0.0268402
2026-03-16-14-38-22,Quadro RTX 5000,OpenCL,GEMM_Adam_CPU,data_transfer,GPU,10,4145299456,Adam,0.001,0.9,0.999,1e-08,27.7937,9,0.0243879
2026-03-16-14-38-22,Quadro RTX 5000,OpenCL,GEMM_Adam_CPU,compute,GPU,10,4145299456,Adam,0.001,0.9,0.999,1e-08,1.11309,9,0.0243879
2026-03-16-14-38-24,Quadro RTX 5000,OpenCL,GEMM_Adam_CPU,data_transfer,GPU,10,4145299456,Adam,0.001,0.9,0.999,1e-08,27.3198,10,0.0220838
2026-03-16-14-38-24,Quadro RTX 5000,OpenCL,GEMM_Adam_CPU,compute,GPU,10,4145299456,Adam,0.001,0.9,0.999,1e-08,1.12048,10,0.0220838
2026-03-16-14-38-52,Quadro RTX 5000,OpenCL,GEMM_Adam_CPU,data_transfer,GPU,10,4145299456,Adam,0.001,0.9,0.999,1e-08,27.5122,1,0
2026-03-16-14-38-52,Quadro RTX 5000,OpenCL,GEMM_Adam_CPU,compute,GPU,10,4145299456,Adam,0.001,0.9,0.999,1e-08,1.10944,1,0
2026-03-16-14-38-53,Quadro RTX 5000,OpenCL,GEMM_Adam_CPU,data_transfer,GPU,10,4145299456,Adam,0.001,0.9,0.999,1e-08,27.3631,2,0.044708
2026-03-16-14-38-53,Quadro RTX 5000,OpenCL,GEMM_Adam_CPU,compute,GPU,10,4145299456,Adam,0.001,0.9,0.999,1e-08,1.11376,2,0.044708
2026-03-16-14-38-55,Quadro RTX 5000,OpenCL,GEMM_Adam_CPU,data_transfer,GPU,10,4145299456,Adam,0.001,0.9,0.999,1e-08,27.606,3,0.0413558
2026-03-16-14-38-55,Quadro RTX 5000,OpenCL,GEMM_Adam_CPU,compute,GPU,10,4145299456,Adam,0.001,0.9,0.999,1e-08,1.11424,3,0.0413558
2026-03-16-14-38-57,Quadro RTX 5000,OpenCL,GEMM_Adam_CPU,data_transfer,GPU,10,4145299456,Adam,0.001,0.9,0.999,1e-08,27.7197,4,0.0381521
2026-03-16-14-38-57,Quadro RTX 5000,OpenCL,GEMM_Adam_CPU,compute,GPU,10,4145299456,Adam,0.001,0.9,0.999,1e-08,1.12166,4,0.0381521
2026-03-16-14-38-59,Quadro RTX 5000,OpenCL,GEMM_Adam_CPU,data_transfer,GPU,10,4145299456,Adam,0.001,0.9,0.999,1e-08,28.5039,5,0.0350981
2026-03-16-14-38-59,Quadro RTX 5000,OpenCL,GEMM_Adam_CPU,compute,GPU,10,4145299456,Adam,0.001,0.9,0.999,1e-08,1.12026,5,0.0350981
2026-03-16-14-39-01,Quadro RTX 5000,OpenCL,GEMM_Adam_CPU,data_transfer,GPU,10,4145299456,Adam,0.001,0.9,0.999,1e-08,27.3467,6,0.0321947
2026-03-16-14-39-01,Quadro RTX 5000,OpenCL,GEMM_Adam_CPU,compute,GPU,10,4145299456,Adam,0.001,0.9,0.999,1e-08,1.11251,6,0.0321947
2026-03-16-14-39-02,Quadro RTX 5000,OpenCL,GEMM_Adam_CPU,data_transfer,GPU,10,4145299456,Adam,0.001,0.9,0.999,1e-08,28.2201,7,0.0294422
2026-03-16-14-39-02,Quadro RTX 5000,OpenCL,GEMM_Adam_CPU,compute,GPU,10,4145299456,Adam,0.001,0.9,0.999,1e-08,1.12141,7,0.0294422
2026-03-16-14-39-04,Quadro RTX 5000,OpenCL,GEMM_Adam_CPU,data_transfer,GPU,10,4145299456,Adam,0.001,0.9,0.999,1e-08,27.7199,8,0.0268402
2026-03-16-14-39-04,Quadro RTX 5000,OpenCL,GEMM_Adam_CPU,compute,GPU,10,4145299456,Adam,0.001,0.9,0.999,1e-08,1.11523,8,0.0268402
2026-03-16-14-39-06,Quadro RTX 5000,OpenCL,GEMM_Adam_CPU,data_transfer,GPU,10,4145299456,Adam,0.001,0.9,0.999,1e-08,27.358,9,0.0243879
2026-03-16-14-39-06,Quadro RTX 5000,OpenCL,GEMM_Adam_CPU,compute,GPU,10,4145299456,Adam,0.001,0.9,0.999,1e-08,1.11264,9,0.0243879
2026-03-16-14-39-08,Quadro RTX 5000,OpenCL,GEMM_Adam_CPU,data_transfer,GPU,10,4145299456,Adam,0.001,0.9,0.999,1e-08,27.7164,10,0.0220838
2026-03-16-14-39-08,Quadro RTX 5000,OpenCL,GEMM_Adam_CPU,compute,GPU,10,4145299456,Adam,0.001,0.9,0.999,1e-08,1.12189,10,0.0220838
2026-03-16-14-39-13,Quadro RTX 5000,OpenCL,GEMM_Adam_CPU,data_transfer,GPU,10,4145299456,Adam,0.001,0.9,0.999,1e-08,27.8528,1,0
2026-03-16-14-39-13,Quadro RTX 5000,OpenCL,GEMM_Adam_CPU,compute,GPU,10,4145299456,Adam,0.001,0.9,0.999,1e-08,1.11776,1,0
2026-03-16-14-39-14,Quadro RTX 5000,OpenCL,GEMM_Adam_CPU,data_transfer,GPU,10,4145299456,Adam,0.001,0.9,0.999,1e-08,27.4959,2,0.044708
2026-03-16-14-39-14,Quadro RTX 5000,OpenCL,GEMM_Adam_CPU,compute,GPU,10,4145299456,Adam,0.001,0.9,0.999,1e-08,1.12586,2,0.044708
2026-03-16-14-39-16,Quadro RTX 5000,OpenCL,GEMM_Adam_CPU,data_transfer,GPU,10,4145299456,Adam,0.001,0.9,0.999,1e-08,27.4745,3,0.0413558
2026-03-16-14-39-16,Quadro RTX 5000,OpenCL,GEMM_Adam_CPU,compute,GPU,10,4145299456,Adam,0.001,0.9,0.999,1e-08,1.11312,3,0.0413558
2026-03-16-14-39-18,Quadro RTX 5000,OpenCL,GEMM_Adam_CPU,data_transfer,GPU,10,4145299456,Adam,0.001,0.9,0.999,1e-08,27.7796,4,0.0381521
2026-03-16-14-39-18,Quadro RTX 5000,OpenCL,GEMM_Adam_CPU,compute,GPU,10,4145299456,Adam,0.001,0.9,0.999,1e-08,1.11997,4,0.0381521
2026-03-16-14-39-20,Quadro RTX 5000,OpenCL,GEMM_Adam_CPU,data_transfer,GPU,10,4145299456,Adam,0.001,0.9,0.999,1e-08,27.7286,5,0.0350981
2026-03-16-14-39-20,Quadro RTX 5000,OpenCL,GEMM_Adam_CPU,compute,GPU,10,4145299456,Adam,0.001,0.9,0.999,1e-08,1.12022,5,0.0350981
2026-03-16-14-39-22,Quadro RTX 5000,OpenCL,GEMM_Adam_CPU,data_transfer,GPU,10,4145299456,Adam,0.001,0.9,0.999,1e-08,27.4583,6,0.0321947
2026-03-16-14-39-22,Quadro RTX 5000,OpenCL,GEMM_Adam_CPU,compute,GPU,10,4145299456,Adam,0.001,0.9,0.999,1e-08,1.11264,6,0.0321947
2026-03-16-14-39-23,Quadro RTX 5000,OpenCL,GEMM_Adam_CPU,data_transfer,GPU,10,4145299456,Adam,0.001,0.9,0.999,1e-08,27.9719,7,0.0294422
2026-03-16-14-39-23,Quadro RTX 5000,OpenCL,GEMM_Adam_CPU,compute,GPU,10,4145299456,Adam,0.001,0.9,0.999,1e-08,1.12026,7,0.0294422
2026-03-16-14-39-25,Quadro RTX 5000,OpenCL,GEMM_Adam_CPU,data_transfer,GPU,10,4145299456,Adam,0.001,0.9,0.999,1e-08,27.5812,8,0.0268402
2026-03-16-14-39-25,Quadro RTX 5000,OpenCL,GEMM_Adam_CPU,compute,GPU,10,4145299456,Adam,0.001,0.9,0.999,1e-08,1.1143,8,0.0268402
2026-03-16-14-39-27,Quadro RTX 5000,OpenCL,GEMM_Adam_CPU,data_transfer,GPU,10,4145299456,Adam,0.001,0.9,0.999,1e-08,27.5646,9,0.0243879
2026-03-16-14-39-27,Quadro RTX 5000,OpenCL,GEMM_Adam_CPU,compute,GPU,10,4145299456,Adam,0.001,0.9,0.999,1e-08,1.11206,9,0.0243879
2026-03-16-14-39-29,Quadro RTX 5000,OpenCL,GEMM_Adam_CPU,data_transfer,GPU,10,4145299456,Adam,0.001,0.9,0.999,1e-08,27.8649,10,0.0220838
2026-03-16-14-39-29,Quadro RTX 5000,OpenCL,GEMM_Adam_CPU,compute,GPU,10,4145299456,Adam,0.001,0.9,0.999,1e-08,1.12202,10,0.0220838
2026-03-16-14-39-34,Quadro RTX 5000,OpenCL,GEMM_Adam_CPU,data_transfer,GPU,10,4145299456,Adam,0.001,0.9,0.999,1e-08,27.8153,1,0
2026-03-16-14-39-34,Quadro RTX 5000,OpenCL,GEMM_Adam_CPU,compute,GPU,10,4145299456,Adam,0.001,0.9,0.999,1e-08,1.11002,1,0
2026-03-16-14-39-36,Quadro RTX 5000,OpenCL,GEMM_Adam_CPU,data_transfer,GPU,10,4145299456,Adam,0.001,0.9,0.999,1e-08,27.3797,2,0.044708
2026-03-16-14-39-36,Quadro RTX 5000,OpenCL,GEMM_Adam_CPU,compute,GPU,10,4145299456,Adam,0.001,0.9,0.999,1e-08,1.11386,2,0.044708
2026-03-16-14-39-38,Quadro RTX 5000,OpenCL,GEMM_Adam_CPU,data_transfer,GPU,10,4145299456,Adam,0.001,0.9,0.999,1e-08,27.5792,3,0.0413558
2026-03-16-14-39-38,Quadro RTX 5000,OpenCL,GEMM_Adam_CPU,compute,GPU,10,4145299456,Adam,0.001,0.9,0.999,1e-08,1.11507,3,0.0413558
2026-03-16-14-39-39,Quadro RTX 5000,OpenCL,GEMM_Adam_CPU,data_transfer,GPU,10,4145299456,Adam,0.001,0.9,0.999,1e-08,27.5821,4,0.0381521
2026-03-16-14-39-39,Quadro RTX 5000,OpenCL,GEMM_Adam_CPU,compute,GPU,10,4145299456,Adam,0.001,0.9,0.999,1e-08,1.12192,4,0.0381521
2026-03-16-14-39-41,Quadro RTX 5000,OpenCL,GEMM_Adam_CPU,data_transfer,GPU,10,4145299456,Adam,0.001,0.9,0.999,1e-08,27.6813,5,0.0350981
2026-03-16-14-39-41,Quadro RTX 5000,OpenCL,GEMM_Adam_CPU,compute,GPU,10,4145299456,Adam,0.001,0.9,0.999,1e-08,1.12237,5,0.0350981
2026-03-16-14-39-43,Quadro RTX 5000,OpenCL,GEMM_Adam_CPU,data_transfer,GPU,10,4145299456,Adam,0.001,0.9,0.999,1e-08,27.4569,6,0.0321947
2026-03-16-14-39-43,Quadro RTX 5000,OpenCL,GEMM_Adam_CPU,compute,GPU,10,4145299456,Adam,0.001,0.9,0.999,1e-08,1.11325,6,0.0321947
2026-03-16-14-39-45,Quadro RTX 5000,OpenCL,GEMM_Adam_CPU,data_transfer,GPU,10,4145299456,Adam,0.001,0.9,0.999,1e-08,27.8104,7,0.0294422
2026-03-16-14-39-45,Quadro RTX 5000,OpenCL,GEMM_Adam_CPU,compute,GPU,10,4145299456,Adam,0.001,0.9,0.999,1e-08,1.12298,7,0.0294422
2026-03-16-14-39-47,Quadro RTX 5000,OpenCL,GEMM_Adam_CPU,data_transfer,GPU,10,4145299456,Adam,0.001,0.9,0.999,1e-08,27.6118,8,0.0268402
2026-03-16-14-39-47,Quadro RTX 5000,OpenCL,GEMM_Adam_CPU,compute,GPU,10,4145299456,Adam,0.001,0.9,0.999,1e-08,1.11466,8,0.0268402
2026-03-16-14-39-48,Quadro RTX 5000,OpenCL,GEMM_Adam_CPU,data_transfer,GPU,10,4145299456,Adam,0.001,0.9,0.999,1e-08,27.3394,9,0.0243879
2026-03-16-14-39-48,Quadro RTX 5000,OpenCL,GEMM_Adam_CPU,compute,GPU,10,4145299456,Adam,0.001,0.9,0.999,1e-08,1.11414,9,0.0243879
2026-03-16-14-39-50,Quadro RTX 5000,OpenCL,GEMM_Adam_CPU,data_transfer,GPU,10,4145299456,Adam,0.001,0.9,0.999,1e-08,27.5689,10,0.0220838
2026-03-16-14-39-50,Quadro RTX 5000,OpenCL,GEMM_Adam_CPU,compute,GPU,10,4145299456,Adam,0.001,0.9,0.999,1e-08,1.13018,10,0.0220838
2026-03-16-14-39-55,Quadro RTX 5000,OpenCL,GEMM_Adam_CPU,data_transfer,GPU,10,4145299456,Adam,0.001,0.9,0.999,1e-08,28.1623,1,0
2026-03-16-14-39-55,Quadro RTX 5000,OpenCL,GEMM_Adam_CPU,compute,GPU,10,4145299456,Adam,0.001,0.9,0.999,1e-08,1.11002,1,0
2026-03-16-14-39-57,Quadro RTX 5000,OpenCL,GEMM_Adam_CPU,data_transfer,GPU,10,4145299456,Adam,0.001,0.9,0.999,1e-08,27.4326,2,0.044708
2026-03-16-14-39-57,Quadro RTX 5000,OpenCL,GEMM_Adam_CPU,compute,GPU,10,4145299456,Adam,0.001,0.9,0.999,1e-08,1.11402,2,0.044708
2026-03-16-14-39-59,Quadro RTX 5000,OpenCL,GEMM_Adam_CPU,data_transfer,GPU,10,4145299456,Adam,0.001,0.9,0.999,1e-08,26.5539,3,0.0413558
2026-03-16-14-39-59,Quadro RTX 5000,OpenCL,GEMM_Adam_CPU,compute,GPU,10,4145299456,Adam,0.001,0.9,0.999,1e-08,1.1137,3,0.0413558
2026-03-16-14-40-01,Quadro RTX 5000,OpenCL,GEMM_Adam_CPU,data_transfer,GPU,10,4145299456,Adam,0.001,0.9,0.999,1e-08,27.457,4,0.0381521
2026-03-16-14-40-01,Quadro RTX 5000,OpenCL,GEMM_Adam_CPU,compute,GPU,10,4145299456,Adam,0.001,0.9,0.999,1e-08,1.12115,4,0.0381521
2026-03-16-14-40-03,Quadro RTX 5000,OpenCL,GEMM_Adam_CPU,data_transfer,GPU,10,4145299456,Adam,0.001,0.9,0.999,1e-08,28.0601,5,0.0350981
2026-03-16-14-40-03,Quadro RTX 5000,OpenCL,GEMM_Adam_CPU,compute,GPU,10,4145299456,Adam,0.001,0.9,0.999,1e-08,1.12189,5,0.0350981
2026-03-16-14-40-04,Quadro RTX 5000,OpenCL,GEMM_Adam_CPU,data_transfer,GPU,10,4145299456,Adam,0.001,0.9,0.999,1e-08,27.4956,6,0.0321947
2026-03-16-14-40-04,Quadro RTX 5000,OpenCL,GEMM_Adam_CPU,compute,GPU,10,4145299456,Adam,0.001,0.9,0.999,1e-08,1.11427,6,0.0321947
2026-03-16-14-40-06,Quadro RTX 5000,OpenCL,GEMM_Adam_CPU,data_transfer,GPU,10,4145299456,Adam,0.001,0.9,0.999,1e-08,27.8441,7,0.0294422
2026-03-16-14-40-06,Quadro RTX 5000,OpenCL,GEMM_Adam_CPU,compute,GPU,10,4145299456,Adam,0.001,0.9,0.999,1e-08,1.12128,7,0.0294422
2026-03-16-14-40-08,Quadro RTX 5000,OpenCL,GEMM_Adam_CPU,data_transfer,GPU,10,4145299456,Adam,0.001,0.9,0.999,1e-08,27.5686,8,0.0268402
2026-03-16-14-40-08,Quadro RTX 5000,OpenCL,GEMM_Adam_CPU,compute,GPU,10,4145299456,Adam,0.001,0.9,0.999,1e-08,1.11558,8,0.0268402
2026-03-16-14-40-10,Quadro RTX 5000,OpenCL,GEMM_Adam_CPU,data_transfer,GPU,10,4145299456,Adam,0.001,0.9,0.999,1e-08,27.6125,9,0.0243879
2026-03-16-14-40-10,Quadro RTX 5000,OpenCL,GEMM_Adam_CPU,compute,GPU,10,4145299456,Adam,0.001,0.9,0.999,1e-08,1.11232,9,0.0243879
2026-03-16-14-40-11,Quadro RTX 5000,OpenCL,GEMM_Adam_CPU,data_transfer,GPU,10,4145299456,Adam,0.001,0.9,0.999,1e-08,27.7348,10,0.0220838
2026-03-16-14-40-11,Quadro RTX 5000,OpenCL,GEMM_Adam_CPU,compute,GPU,10,4145299456,Adam,0.001,0.9,0.999,1e-08,1.13037,10,0.0220838
2026-03-16-14-40-16,Quadro RTX 5000,OpenCL,GEMM_Adam_CPU,data_transfer,GPU,10,4145299456,Adam,0.001,0.9,0.999,1e-08,27.0157,1,0
2026-03-16-14-40-16,Quadro RTX 5000,OpenCL,GEMM_Adam_CPU,compute,GPU,10,4145299456,Adam,0.001,0.9,0.999,1e-08,1.10941,1,0
2026-03-16-14-40-18,Quadro RTX 5000,OpenCL,GEMM_Adam_CPU,data_transfer,GPU,10,4145299456,Adam,0.001,0.9,0.999,1e-08,27.6159,2,0.044708
2026-03-16-14-40-18,Quadro RTX 5000,OpenCL,GEMM_Adam_CPU,compute,GPU,10,4145299456,Adam,0.001,0.9,0.999,1e-08,1.11267,2,0.044708
2026-03-16-14-40-20,Quadro RTX 5000,OpenCL,GEMM_Adam_CPU,data_transfer,GPU,10,4145299456,Adam,0.001,0.9,0.999,1e-08,27.7255,3,0.0413558
2026-03-16-14-40-20,Quadro RTX 5000,OpenCL,GEMM_Adam_CPU,compute,GPU,10,4145299456,Adam,0.001,0.9,0.999,1e-08,1.12026,3,0.0413558
2026-03-16-14-40-22,Quadro RTX 5000,OpenCL,GEMM_Adam_CPU,data_transfer,GPU,10,4145299456,Adam,0.001,0.9,0.999,1e-08,27.5864,4,0.0381521
2026-03-16-14-40-22,Quadro RTX 5000,OpenCL,GEMM_Adam_CPU,compute,GPU,10,4145299456,Adam,0.001,0.9,0.999,1e-08,1.11197,4,0.0381521
2026-03-16-14-40-24,Quadro RTX 5000,OpenCL,GEMM_Adam_CPU,data_transfer,GPU,10,4145299456,Adam,0.001,0.9,0.999,1e-08,27.7529,5,0.0350981
2026-03-16-14-40-24,Quadro RTX 5000,OpenCL,GEMM_Adam_CPU,compute,GPU,10,4145299456,Adam,0.001,0.9,0.999,1e-08,1.12051,5,0.0350981
2026-03-16-14-40-25,Quadro RTX 5000,OpenCL,GEMM_Adam_CPU,data_transfer,GPU,10,4145299456,Adam,0.001,0.9,0.999,1e-08,27.4288,6,0.0321947
2026-03-16-14-40-25,Quadro RTX 5000,OpenCL,GEMM_Adam_CPU,compute,GPU,10,4145299456,Adam,0.001,0.9,0.999,1e-08,1.1119,6,0.0321947
2026-03-16-14-40-27,Quadro RTX 5000,OpenCL,GEMM_Adam_CPU,data_transfer,GPU,10,4145299456,Adam,0.001,0.9,0.999,1e-08,27.6489,7,0.0294422
2026-03-16-14-40-27,Quadro RTX 5000,OpenCL,GEMM_Adam_CPU,compute,GPU,10,4145299456,Adam,0.001,0.9,0.999,1e-08,1.12026,7,0.0294422
2026-03-16-14-40-29,Quadro RTX 5000,OpenCL,GEMM_Adam_CPU,data_transfer,GPU,10,4145299456,Adam,0.001,0.9,0.999,1e-08,27.4476,8,0.0268402
2026-03-16-14-40-29,Quadro RTX 5000,OpenCL,GEMM_Adam_CPU,compute,GPU,10,4145299456,Adam,0.001,0.9,0.999,1e-08,1.11411,8,0.0268402
2026-03-16-14-40-31,Quadro RTX 5000,OpenCL,GEMM_Adam_CPU,data_transfer,GPU,10,4145299456,Adam,0.001,0.9,0.999,1e-08,27.8678,9,0.0243879
2026-03-16-14-40-31,Quadro RTX 5000,OpenCL,GEMM_Adam_CPU,compute,GPU,10,4145299456,Adam,0.001,0.9,0.999,1e-08,1.11981,9,0.0243879
2026-03-16-14-40-32,Quadro RTX 5000,OpenCL,GEMM_Adam_CPU,data_transfer,GPU,10,4145299456,Adam,0.001,0.9,0.999,1e-08,27.6282,10,0.0220838
2026-03-16-14-40-32,Quadro RTX 5000,OpenCL,GEMM_Adam_CPU,compute,GPU,10,4145299456,Adam,0.001,0.9,0.999,1e-08,1.11238,10,0.0220838
2026-03-16-14-44-31,Quadro RTX 5000,OpenCL,GEMM_Adam_CPU,data_transfer,GPU,10,4145299456,Adam,0.001,0.9,0.999,1e-08,26.9198,1,0
2026-03-16-14-44-31,Quadro RTX 5000,OpenCL,GEMM_Adam_CPU,compute,GPU,10,4145299456,Adam,0.001,0.9,0.999,1e-08,1.11002,1,0
2026-03-16-14-44-33,Quadro RTX 5000,OpenCL,GEMM_Adam_CPU,data_transfer,GPU,10,4145299456,Adam,0.001,0.9,0.999,1e-08,27.5936,2,0.044708
2026-03-16-14-44-33,Quadro RTX 5000,OpenCL,GEMM_Adam_CPU,compute,GPU,10,4145299456,Adam,0.001,0.9,0.999,1e-08,1.11379,2,0.044708
2026-03-16-14-44-35,Quadro RTX 5000,OpenCL,GEMM_Adam_CPU,data_transfer,GPU,10,4145299456,Adam,0.001,0.9,0.999,1e-08,27.4081,3,0.0413558
2026-03-16-14-44-35,Quadro RTX 5000,OpenCL,GEMM_Adam_CPU,compute,GPU,10,4145299456,Adam,0.001,0.9,0.999,1e-08,1.11389,3,0.0413558
2026-03-16-14-44-37,Quadro RTX 5000,OpenCL,GEMM_Adam_CPU,data_transfer,GPU,10,4145299456,Adam,0.001,0.9,0.999,1e-08,27.6765,4,0.0381521
2026-03-16-14-44-37,Quadro RTX 5000,OpenCL,GEMM_Adam_CPU,compute,GPU,10,4145299456,Adam,0.001,0.9,0.999,1e-08,1.12118,4,0.0381521
2026-03-16-14-44-38,Quadro RTX 5000,OpenCL,GEMM_Adam_CPU,data_transfer,GPU,10,4145299456,Adam,0.001,0.9,0.999,1e-08,27.9763,5,0.0350981
2026-03-16-14-44-38,Quadro RTX 5000,OpenCL,GEMM_Adam_CPU,compute,GPU,10,4145299456,Adam,0.001,0.9,0.999,1e-08,1.1209,5,0.0350981
2026-03-16-14-44-40,Quadro RTX 5000,OpenCL,GEMM_Adam_CPU,data_transfer,GPU,10,4145299456,Adam,0.001,0.9,0.999,1e-08,27.4634,6,0.0321947
2026-03-16-14-44-40,Quadro RTX 5000,OpenCL,GEMM_Adam_CPU,compute,GPU,10,4145299456,Adam,0.001,0.9,0.999,1e-08,1.11418,6,0.0321947
2026-03-16-14-44-42,Quadro RTX 5000,OpenCL,GEMM_Adam_CPU,data_transfer,GPU,10,4145299456,Adam,0.001,0.9,0.999,1e-08,27.7051,7,0.0294422
2026-03-16-14-44-42,Quadro RTX 5000,OpenCL,GEMM_Adam_CPU,compute,GPU,10,4145299456,Adam,0.001,0.9,0.999,1e-08,1.12058,7,0.0294422
2026-03-16-14-44-44,Quadro RTX 5000,OpenCL,GEMM_Adam_CPU,data_transfer,GPU,10,4145299456,Adam,0.001,0.9,0.999,1e-08,27.61,8,0.0268402
2026-03-16-14-44-44,Quadro RTX 5000,OpenCL,GEMM_Adam_CPU,compute,GPU,10,4145299456,Adam,0.001,0.9,0.999,1e-08,1.11475,8,0.0268402
2026-03-16-14-44-46,Quadro RTX 5000,OpenCL,GEMM_Adam_CPU,data_transfer,GPU,10,4145299456,Adam,0.001,0.9,0.999,1e-08,27.5412,9,0.0243879
2026-03-16-14-44-46,Quadro RTX 5000,OpenCL,GEMM_Adam_CPU,compute,GPU,10,4145299456,Adam,0.001,0.9,0.999,1e-08,1.1128,9,0.0243879
2026-03-16-14-44-47,Quadro RTX 5000,OpenCL,GEMM_Adam_CPU,data_transfer,GPU,10,4145299456,Adam,0.001,0.9,0.999,1e-08,27.7075,10,0.0220838
2026-03-16-14-44-47,Quadro RTX 5000,OpenCL,GEMM_Adam_CPU,compute,GPU,10,4145299456,Adam,0.001,0.9,0.999,1e-08,1.12205,10,0.0220838
2026-03-16-14-44-52,Quadro RTX 5000,OpenCL,GEMM_Adam_CPU,data_transfer,GPU,10,4145299456,Adam,0.001,0.9,0.999,1e-08,27.1672,1,0
2026-03-16-14-44-52,Quadro RTX 5000,OpenCL,GEMM_Adam_CPU,compute,GPU,10,4145299456,Adam,0.001,0.9,0.999,1e-08,1.11005,1,0
2026-03-16-14-44-54,Quadro RTX 5000,OpenCL,GEMM_Adam_CPU,data_transfer,GPU,10,4145299456,Adam,0.001,0.9,0.999,1e-08,27.3481,2,0.044708
2026-03-16-14-44-54,Quadro RTX 5000,OpenCL,GEMM_Adam_CPU,compute,GPU,10,4145299456,Adam,0.001,0.9,0.999,1e-08,1.1137,2,0.044708
2026-03-16-14-44-56,Quadro RTX 5000,OpenCL,GEMM_Adam_CPU,data_transfer,GPU,10,4145299456,Adam,0.001,0.9,0.999,1e-08,27.5075,3,0.0413558
2026-03-16-14-44-56,Quadro RTX 5000,OpenCL,GEMM_Adam_CPU,compute,GPU,10,4145299456,Adam,0.001,0.9,0.999,1e-08,1.11206,3,0.0413558
2026-03-16-14-44-58,Quadro RTX 5000,OpenCL,GEMM_Adam_CPU,data_transfer,GPU,10,4145299456,Adam,0.001,0.9,0.999,1e-08,27.5596,4,0.0381521
2026-03-16-14-44-58,Quadro RTX 5000,OpenCL,GEMM_Adam_CPU,compute,GPU,10,4145299456,Adam,0.001,0.9,0.999,1e-08,1.12192,4,0.0381521
2026-03-16-14-45-00,Quadro RTX 5000,OpenCL,GEMM_Adam_CPU,data_transfer,GPU,10,4145299456,Adam,0.001,0.9,0.999,1e-08,27.923,5,0.0350981
2026-03-16-14-45-00,Quadro RTX 5000,OpenCL,GEMM_Adam_CPU,compute,GPU,10,4145299456,Adam,0.001,0.9,0.999,1e-08,1.12026,5,0.0350981
2026-03-16-14-45-02,Quadro RTX 5000,OpenCL,GEMM_Adam_CPU,data_transfer,GPU,10,4145299456,Adam,0.001,0.9,0.999,1e-08,27.6408,6,0.0321947
2026-03-16-14-45-02,Quadro RTX 5000,OpenCL,GEMM_Adam_CPU,compute,GPU,10,4145299456,Adam,0.001,0.9,0.999,1e-08,1.1135,6,0.0321947
2026-03-16-14-45-03,Quadro RTX 5000,OpenCL,GEMM_Adam_CPU,data_transfer,GPU,10,4145299456,Adam,0.001,0.9,0.999,1e-08,27.2309,7,0.0294422
2026-03-16-14-45-03,Quadro RTX 5000,OpenCL,GEMM_Adam_CPU,compute,GPU,10,4145299456,Adam,0.001,0.9,0.999,1e-08,1.12026,7,0.0294422
2026-03-16-14-45-05,Quadro RTX 5000,OpenCL,GEMM_Adam_CPU,data_transfer,GPU,10,4145299456,Adam,0.001,0.9,0.999,1e-08,27.5573,8,0.0268402
2026-03-16-14-45-05,Quadro RTX 5000,OpenCL,GEMM_Adam_CPU,compute,GPU,10,4145299456,Adam,0.001,0.9,0.999,1e-08,1.11533,8,0.0268402
2026-03-16-14-45-07,Quadro RTX 5000,OpenCL,GEMM_Adam_CPU,data_transfer,GPU,10,4145299456,Adam,0.001,0.9,0.999,1e-08,27.8587,9,0.0243879
2026-03-16-14-45-07,Quadro RTX 5000,OpenCL,GEMM_Adam_CPU,compute,GPU,10,4145299456,Adam,0.001,0.9,0.999,1e-08,1.11901,9,0.0243879
2026-03-16-14-45-09,Quadro RTX 5000,OpenCL,GEMM_Adam_CPU,data_transfer,GPU,10,4145299456,Adam,0.001,0.9,0.999,1e-08,27.3672,10,0.0220838
2026-03-16-14-45-09,Quadro RTX 5000,OpenCL,GEMM_Adam_CPU,compute,GPU,10,4145299456,Adam,0.001,0.9,0.999,1e-08,1.11402,10,0.0220838
2026-03-16-14-48-28,Quadro RTX 5000,OpenCL,GEMM_Adam_CPU,data_transfer,GPU,10,4145299456,Adam,0.001,0.9,0.999,1e-08,27.1022,1,0
2026-03-16-14-48-28,Quadro RTX 5000,OpenCL,GEMM_Adam_CPU,compute,GPU,10,4145299456,Adam,0.001,0.9,0.999,1e-08,1.11171,1,0
2026-03-16-14-48-29,Quadro RTX 5000,OpenCL,GEMM_Adam_CPU,data_transfer,GPU,10,4145299456,Adam,0.001,0.9,0.999,1e-08,27.9349,2,0.044708
2026-03-16-14-48-29,Quadro RTX 5000,OpenCL,GEMM_Adam_CPU,compute,GPU,10,4145299456,Adam,0.001,0.9,0.999,1e-08,1.11405,2,0.044708
2026-03-16-14-48-31,Quadro RTX 5000,OpenCL,GEMM_Adam_CPU,data_transfer,GPU,10,4145299456,Adam,0.001,0.9,0.999,1e-08,27.3675,3,0.0413558
2026-03-16-14-48-31,Quadro RTX 5000,OpenCL,GEMM_Adam_CPU,compute,GPU,10,4145299456,Adam,0.001,0.9,0.999,1e-08,1.11274,3,0.0413558
2026-03-16-14-48-33,Quadro RTX 5000,OpenCL,GEMM_Adam_CPU,data_transfer,GPU,10,4145299456,Adam,0.001,0.9,0.999,1e-08,27.5689,4,0.0381521
2026-03-16-14-48-33,Quadro RTX 5000,OpenCL,GEMM_Adam_CPU,compute,GPU,10,4145299456,Adam,0.001,0.9,0.999,1e-08,1.12026,4,0.0381521
2026-03-16-14-48-35,Quadro RTX 5000,OpenCL,GEMM_Adam_CPU,data_transfer,GPU,10,4145299456,Adam,0.001,0.9,0.999,1e-08,27.882,5,0.0350981
2026-03-16-14-48-35,Quadro RTX 5000,OpenCL,GEMM_Adam_CPU,compute,GPU,10,4145299456,Adam,0.001,0.9,0.999,1e-08,1.12378,5,0.0350981
2026-03-16-14-48-36,Quadro RTX 5000,OpenCL,GEMM_Adam_CPU,data_transfer,GPU,10,4145299456,Adam,0.001,0.9,0.999,1e-08,26.7663,6,0.0321947
2026-03-16-14-48-36,Quadro RTX 5000,OpenCL,GEMM_Adam_CPU,compute,GPU,10,4145299456,Adam,0.001,0.9,0.999,1e-08,1.11286,6,0.0321947
2026-03-16-14-48-38,Quadro RTX 5000,OpenCL,GEMM_Adam_CPU,data_transfer,GPU,10,4145299456,Adam,0.001,0.9,0.999,1e-08,27.6165,7,0.0294422
2026-03-16-14-48-38,Quadro RTX 5000,OpenCL,GEMM_Adam_CPU,compute,GPU,10,4145299456,Adam,0.001,0.9,0.999,1e-08,1.12173,7,0.0294422
2026-03-16-14-48-40,Quadro RTX 5000,OpenCL,GEMM_Adam_CPU,data_transfer,GPU,10,4145299456,Adam,0.001,0.9,0.999,1e-08,27.5396,8,0.0268402
2026-03-16-14-48-40,Quadro RTX 5000,OpenCL,GEMM_Adam_CPU,compute,GPU,10,4145299456,Adam,0.001,0.9,0.999,1e-08,1.11453,8,0.0268402
2026-03-16-14-48-42,Quadro RTX 5000,OpenCL,GEMM_Adam_CPU,data_transfer,GPU,10,4145299456,Adam,0.001,0.9,0.999,1e-08,27.848,9,0.0243879
2026-03-16-14-48-42,Quadro RTX 5000,OpenCL,GEMM_Adam_CPU,compute,GPU,10,4145299456,Adam,0.001,0.9,0.999,1e-08,1.11981,9,0.0243879
2026-03-16-14-48-44,Quadro RTX 5000,OpenCL,GEMM_Adam_CPU,data_transfer,GPU,10,4145299456,Adam,0.001,0.9,0.999,1e-08,27.5539,10,0.0220838
2026-03-16-14-48-44,Quadro RTX 5000,OpenCL,GEMM_Adam_CPU,compute,GPU,10,4145299456,Adam,0.001,0.9,0.999,1e-08,1.11386,10,0.0220838
2026-03-16-14-53-27,Quadro RTX 5000,OpenCL,GEMM_Adam_CPU,data_transfer,GPU,10,6461587456,Adam,0.001,0.9,0.999,1e-08,43.8837,1,0
2026-03-16-14-53-27,Quadro RTX 5000,OpenCL,GEMM_Adam_CPU,compute,GPU,10,6461587456,Adam,0.001,0.9,0.999,1e-08,1.73037,1,0
2026-03-16-14-53-30,Quadro RTX 5000,OpenCL,GEMM_Adam_CPU,data_transfer,GPU,10,6461587456,Adam,0.001,0.9,0.999,1e-08,44.4075,2,0.0557353
2026-03-16-14-53-30,Quadro RTX 5000,OpenCL,GEMM_Adam_CPU,compute,GPU,10,6461587456,Adam,0.001,0.9,0.999,1e-08,1.73766,2,0.0557353
2026-03-16-14-53-33,Quadro RTX 5000,OpenCL,GEMM_Adam_CPU,data_transfer,GPU,10,6461587456,Adam,0.001,0.9,0.999,1e-08,43.6542,3,0.0511177
2026-03-16-14-53-33,Quadro RTX 5000,OpenCL,GEMM_Adam_CPU,compute,GPU,10,6461587456,Adam,0.001,0.9,0.999,1e-08,1.73955,3,0.0511177
2026-03-16-14-53-36,Quadro RTX 5000,OpenCL,GEMM_Adam_CPU,data_transfer,GPU,10,6461587456,Adam,0.001,0.9,0.999,1e-08,43.3207,4,0.0467242
2026-03-16-14-53-36,Quadro RTX 5000,OpenCL,GEMM_Adam_CPU,compute,GPU,10,6461587456,Adam,0.001,0.9,0.999,1e-08,1.73757,4,0.0467242
2026-03-16-14-53-38,Quadro RTX 5000,OpenCL,GEMM_Adam_CPU,data_transfer,GPU,10,6461587456,Adam,0.001,0.9,0.999,1e-08,43.7048,5,0.0425569
2026-03-16-14-53-38,Quadro RTX 5000,OpenCL,GEMM_Adam_CPU,compute,GPU,10,6461587456,Adam,0.001,0.9,0.999,1e-08,1.73872,5,0.0425569
2026-03-16-14-53-41,Quadro RTX 5000,OpenCL,GEMM_Adam_CPU,data_transfer,GPU,10,6461587456,Adam,0.001,0.9,0.999,1e-08,43.507,6,0.0386169
2026-03-16-14-53-41,Quadro RTX 5000,OpenCL,GEMM_Adam_CPU,compute,GPU,10,6461587456,Adam,0.001,0.9,0.999,1e-08,1.73891,6,0.0386169
2026-03-16-14-53-44,Quadro RTX 5000,OpenCL,GEMM_Adam_CPU,data_transfer,GPU,10,6461587456,Adam,0.001,0.9,0.999,1e-08,42.8865,7,0.0349044
2026-03-16-14-53-44,Quadro RTX 5000,OpenCL,GEMM_Adam_CPU,compute,GPU,10,6461587456,Adam,0.001,0.9,0.999,1e-08,1.73238,7,0.0349044
2026-03-16-14-53-47,Quadro RTX 5000,OpenCL,GEMM_Adam_CPU,data_transfer,GPU,10,6461587456,Adam,0.001,0.9,0.999,1e-08,43.9777,8,0.0314187
2026-03-16-14-53-47,Quadro RTX 5000,OpenCL,GEMM_Adam_CPU,compute,GPU,10,6461587456,Adam,0.001,0.9,0.999,1e-08,1.73776,8,0.0314187
2026-03-16-14-53-49,Quadro RTX 5000,OpenCL,GEMM_Adam_CPU,data_transfer,GPU,10,6461587456,Adam,0.001,0.9,0.999,1e-08,43.324,9,0.0281581
2026-03-16-14-53-49,Quadro RTX 5000,OpenCL,GEMM_Adam_CPU,compute,GPU,10,6461587456,Adam,0.001,0.9,0.999,1e-08,1.7287,9,0.0281581
2026-03-16-14-53-52,Quadro RTX 5000,OpenCL,GEMM_Adam_CPU,data_transfer,GPU,10,6461587456,Adam,0.001,0.9,0.999,1e-08,43.3055,10,0.0251202
2026-03-16-14-53-52,Quadro RTX 5000,OpenCL,GEMM_Adam_CPU,compute,GPU,10,6461587456,Adam,0.001,0.9,0.999,1e-08,1.73056,10,0.0251202
2026-03-16-14-54-21,Quadro RTX 5000,OpenCL,GEMM_Adam_CPU,data_transfer,GPU,10,9289875456,Adam,0.001,0.9,0.999,1e-08,62.1396,1,0
2026-03-16-14-54-21,Quadro RTX 5000,OpenCL,GEMM_Adam_CPU,compute,GPU,10,9289875456,Adam,0.001,0.9,0.999,1e-08,2.48288,1,0
2026-03-16-14-54-25,Quadro RTX 5000,OpenCL,GEMM_Adam_CPU,data_transfer,GPU,10,9289875456,Adam,0.001,0.9,0.999,1e-08,62.0815,2,0.0669067
2026-03-16-14-54-25,Quadro RTX 5000,OpenCL,GEMM_Adam_CPU,compute,GPU,10,9289875456,Adam,0.001,0.9,0.999,1e-08,2.49446,2,0.0669067
2026-03-16-14-54-29,Quadro RTX 5000,OpenCL,GEMM_Adam_CPU,data_transfer,GPU,10,9289875456,Adam,0.001,0.9,0.999,1e-08,62.2508,3,0.060907
2026-03-16-14-54-29,Quadro RTX 5000,OpenCL,GEMM_Adam_CPU,compute,GPU,10,9289875456,Adam,0.001,0.9,0.999,1e-08,2.49238,3,0.060907
2026-03-16-14-54-33,Quadro RTX 5000,OpenCL,GEMM_Adam_CPU,data_transfer,GPU,10,9289875456,Adam,0.001,0.9,0.999,1e-08,62.2804,4,0.0552209
2026-03-16-14-54-33,Quadro RTX 5000,OpenCL,GEMM_Adam_CPU,compute,GPU,10,9289875456,Adam,0.001,0.9,0.999,1e-08,2.49242,4,0.0552209
2026-03-16-14-54-37,Quadro RTX 5000,OpenCL,GEMM_Adam_CPU,data_transfer,GPU,10,9289875456,Adam,0.001,0.9,0.999,1e-08,62.1818,5,0.049851
2026-03-16-14-54-37,Quadro RTX 5000,OpenCL,GEMM_Adam_CPU,compute,GPU,10,9289875456,Adam,0.001,0.9,0.999,1e-08,2.48528,5,0.049851
2026-03-16-14-54-41,Quadro RTX 5000,OpenCL,GEMM_Adam_CPU,data_transfer,GPU,10,9289875456,Adam,0.001,0.9,0.999,1e-08,62.4235,6,0.0447989
2026-03-16-14-54-41,Quadro RTX 5000,OpenCL,GEMM_Adam_CPU,compute,GPU,10,9289875456,Adam,0.001,0.9,0.999,1e-08,2.492,6,0.0447989
2026-03-16-14-54-45,Quadro RTX 5000,OpenCL,GEMM_Adam_CPU,data_transfer,GPU,10,9289875456,Adam,0.001,0.9,0.999,1e-08,61.6277,7,0.0400645
2026-03-16-14-54-45,Quadro RTX 5000,OpenCL,GEMM_Adam_CPU,compute,GPU,10,9289875456,Adam,0.001,0.9,0.999,1e-08,2.48771,7,0.0400645
2026-03-16-14-54-49,Quadro RTX 5000,OpenCL,GEMM_Adam_CPU,data_transfer,GPU,10,9289875456,Adam,0.001,0.9,0.999,1e-08,61.9487,8,0.0356467
2026-03-16-14-54-49,Quadro RTX 5000,OpenCL,GEMM_Adam_CPU,compute,GPU,10,9289875456,Adam,0.001,0.9,0.999,1e-08,2.49254,8,0.0356467
2026-03-16-14-54-53,Quadro RTX 5000,OpenCL,GEMM_Adam_CPU,data_transfer,GPU,10,9289875456,Adam,0.001,0.9,0.999,1e-08,61.6627,9,0.0315426
2026-03-16-14-54-53,Quadro RTX 5000,OpenCL,GEMM_Adam_CPU,compute,GPU,10,9289875456,Adam,0.001,0.9,0.999,1e-08,2.48474,9,0.0315426
2026-03-16-14-54-57,Quadro RTX 5000,OpenCL,GEMM_Adam_CPU,data_transfer,GPU,10,9289875456,Adam,0.001,0.9,0.999,1e-08,62.1175,10,0.0277482
2026-03-16-14-54-57,Quadro RTX 5000,OpenCL,GEMM_Adam_CPU,compute,GPU,10,9289875456,Adam,0.001,0.9,0.999,1e-08,2.49133,10,0.0277482
2026-03-16-14-55-11,Quadro RTX 5000,OpenCL,GEMM_Adam_CPU,data_transfer,GPU,10,9289875456,Adam,0.001,0.9,0.999,1e-08,61.9899,1,0
2026-03-16-14-55-11,Quadro RTX 5000,OpenCL,GEMM_Adam_CPU,compute,GPU,10,9289875456,Adam,0.001,0.9,0.999,1e-08,2.48218,1,0
2026-03-16-14-55-15,Quadro RTX 5000,OpenCL,GEMM_Adam_CPU,data_transfer,GPU,10,9289875456,Adam,0.001,0.9,0.999,1e-08,62.1453,2,0.0669067
2026-03-16-14-55-15,Quadro RTX 5000,OpenCL,GEMM_Adam_CPU,compute,GPU,10,9289875456,Adam,0.001,0.9,0.999,1e-08,2.4943,2,0.0669067
2026-03-16-14-55-20,Quadro RTX 5000,OpenCL,GEMM_Adam_CPU,data_transfer,GPU,10,9289875456,Adam,0.001,0.9,0.999,1e-08,63.0098,3,0.060907
2026-03-16-14-55-20,Quadro RTX 5000,OpenCL,GEMM_Adam_CPU,compute,GPU,10,9289875456,Adam,0.001,0.9,0.999,1e-08,2.50061,3,0.060907
2026-03-16-14-55-23,Quadro RTX 5000,OpenCL,GEMM_Adam_CPU,data_transfer,GPU,10,9289875456,Adam,0.001,0.9,0.999,1e-08,62.018,4,0.0552209
2026-03-16-14-55-23,Quadro RTX 5000,OpenCL,GEMM_Adam_CPU,compute,GPU,10,9289875456,Adam,0.001,0.9,0.999,1e-08,2.49405,4,0.0552209
2026-03-16-14-55-27,Quadro RTX 5000,OpenCL,GEMM_Adam_CPU,data_transfer,GPU,10,9289875456,Adam,0.001,0.9,0.999,1e-08,62.5262,5,0.049851
2026-03-16-14-55-27,Quadro RTX 5000,OpenCL,GEMM_Adam_CPU,compute,GPU,10,9289875456,Adam,0.001,0.9,0.999,1e-08,2.4833,5,0.049851
2026-03-16-14-55-32,Quadro RTX 5000,OpenCL,GEMM_Adam_CPU,data_transfer,GPU,10,9289875456,Adam,0.001,0.9,0.999,1e-08,61.779,6,0.0447989
2026-03-16-14-55-32,Quadro RTX 5000,OpenCL,GEMM_Adam_CPU,compute,GPU,10,9289875456,Adam,0.001,0.9,0.999,1e-08,2.49242,6,0.0447989
2026-03-16-14-55-36,Quadro RTX 5000,OpenCL,GEMM_Adam_CPU,data_transfer,GPU,10,9289875456,Adam,0.001,0.9,0.999,1e-08,62.1894,7,0.0400645
2026-03-16-14-55-36,Quadro RTX 5000,OpenCL,GEMM_Adam_CPU,compute,GPU,10,9289875456,Adam,0.001,0.9,0.999,1e-08,2.48627,7,0.0400645
2026-03-16-14-55-40,Quadro RTX 5000,OpenCL,GEMM_Adam_CPU,data_transfer,GPU,10,9289875456,Adam,0.001,0.9,0.999,1e-08,61.6864,8,0.0356467
2026-03-16-14-55-40,Quadro RTX 5000,OpenCL,GEMM_Adam_CPU,compute,GPU,10,9289875456,Adam,0.001,0.9,0.999,1e-08,2.49184,8,0.0356467
2026-03-16-14-55-44,Quadro RTX 5000,OpenCL,GEMM_Adam_CPU,data_transfer,GPU,10,9289875456,Adam,0.001,0.9,0.999,1e-08,62.0908,9,0.0315426
2026-03-16-14-55-44,Quadro RTX 5000,OpenCL,GEMM_Adam_CPU,compute,GPU,10,9289875456,Adam,0.001,0.9,0.999,1e-08,2.48426,9,0.0315426
2026-03-16-14-55-48,Quadro RTX 5000,OpenCL,GEMM_Adam_CPU,data_transfer,GPU,10,9289875456,Adam,0.001,0.9,0.999,1e-08,61.6749,10,0.0277482
2026-03-16-14-55-48,Quadro RTX 5000,OpenCL,GEMM_Adam_CPU,compute,GPU,10,9289875456,Adam,0.001,0.9,0.999,1e-08,2.49293,10,0.0277482
2026-03-16-14-56-36,Quadro RTX 5000,OpenCL,GEMM_Adam_CPU,data_transfer,GPU,10,9289875456,Adam,0.001,0.9,0.999,1e-08,62.598,1,0
2026-03-16-14-56-36,Quadro RTX 5000,OpenCL,GEMM_Adam_CPU,compute,GPU,10,9289875456,Adam,0.001,0.9,0.999,1e-08,2.48627,1,0
2026-03-16-14-56-40,Quadro RTX 5000,OpenCL,GEMM_Adam_CPU,data_transfer,GPU,10,9289875456,Adam,0.001,0.9,0.999,1e-08,62.0161,2,0.0669067
2026-03-16-14-56-40,Quadro RTX 5000,OpenCL,GEMM_Adam_CPU,compute,GPU,10,9289875456,Adam,0.001,0.9,0.999,1e-08,2.49462,2,0.0669067
2026-03-16-14-56-44,Quadro RTX 5000,OpenCL,GEMM_Adam_CPU,data_transfer,GPU,10,9289875456,Adam,0.001,0.9,0.999,1e-08,62.0654,3,0.060907
2026-03-16-14-56-44,Quadro RTX 5000,OpenCL,GEMM_Adam_CPU,compute,GPU,10,9289875456,Adam,0.001,0.9,0.999,1e-08,2.4913,3,0.060907
2026-03-16-14-56-48,Quadro RTX 5000,OpenCL,GEMM_Adam_CPU,data_transfer,GPU,10,9289875456,Adam,0.001,0.9,0.999,1e-08,61.5736,4,0.0552209
2026-03-16-14-56-48,Quadro RTX 5000,OpenCL,GEMM_Adam_CPU,compute,GPU,10,9289875456,Adam,0.001,0.9,0.999,1e-08,2.49117,4,0.0552209
2026-03-16-14-56-52,Quadro RTX 5000,OpenCL,GEMM_Adam_CPU,data_transfer,GPU,10,9289875456,Adam,0.001,0.9,0.999,1e-08,61.9016,5,0.049851
2026-03-16-14-56-52,Quadro RTX 5000,OpenCL,GEMM_Adam_CPU,compute,GPU,10,9289875456,Adam,0.001,0.9,0.999,1e-08,2.48547,5,0.049851
2026-03-16-14-56-56,Quadro RTX 5000,OpenCL,GEMM_Adam_CPU,data_transfer,GPU,10,9289875456,Adam,0.001,0.9,0.999,1e-08,62.2949,6,0.0447989
2026-03-16-14-56-56,Quadro RTX 5000,OpenCL,GEMM_Adam_CPU,compute,GPU,10,9289875456,Adam,0.001,0.9,0.999,1e-08,2.49392,6,0.0447989
2026-03-16-14-57-00,Quadro RTX 5000,OpenCL,GEMM_Adam_CPU,data_transfer,GPU,10,9289875456,Adam,0.001,0.9,0.999,1e-08,61.8827,7,0.0400645
2026-03-16-14-57-00,Quadro RTX 5000,OpenCL,GEMM_Adam_CPU,compute,GPU,10,9289875456,Adam,0.001,0.9,0.999,1e-08,2.48723,7,0.0400645
2026-03-16-14-57-04,Quadro RTX 5000,OpenCL,GEMM_Adam_CPU,data_transfer,GPU,10,9289875456,Adam,0.001,0.9,0.999,1e-08,62.3114,8,0.0356467
2026-03-16-14-57-04,Quadro RTX 5000,OpenCL,GEMM_Adam_CPU,compute,GPU,10,9289875456,Adam,0.001,0.9,0.999,1e-08,2.4928,8,0.0356467
2026-03-16-14-57-08,Quadro RTX 5000,OpenCL,GEMM_Adam_CPU,data_transfer,GPU,10,9289875456,Adam,0.001,0.9,0.999,1e-08,61.7804,9,0.0315426
2026-03-16-14-57-08,Quadro RTX 5000,OpenCL,GEMM_Adam_CPU,compute,GPU,10,9289875456,Adam,0.001,0.9,0.999,1e-08,2.48477,9,0.0315426
2026-03-16-14-57-12,Quadro RTX 5000,OpenCL,GEMM_Adam_CPU,data_transfer,GPU,10,9289875456,Adam,0.001,0.9,0.999,1e-08,62.0232,10,0.0277482
2026-03-16-14-57-12,Quadro RTX 5000,OpenCL,GEMM_Adam_CPU,compute,GPU,10,9289875456,Adam,0.001,0.9,0.999,1e-08,2.49373,10,0.0277482
2026-03-16-14-57-41,Quadro RTX 5000,OpenCL,GEMM_Adam_CPU,data_transfer,GPU,10,9289875456,Adam,0.001,0.9,0.999,1e-08,62.4183,1,0
2026-03-16-14-57-41,Quadro RTX 5000,OpenCL,GEMM_Adam_CPU,compute,GPU,10,9289875456,Adam,0.001,0.9,0.999,1e-08,2.4823,1,0
2026-03-16-14-57-45,Quadro RTX 5000,OpenCL,GEMM_Adam_CPU,data_transfer,GPU,10,9289875456,Adam,0.001,0.9,0.999,1e-08,62.0605,2,0.0669067
2026-03-16-14-57-45,Quadro RTX 5000,OpenCL,GEMM_Adam_CPU,compute,GPU,10,9289875456,Adam,0.001,0.9,0.999,1e-08,2.49286,2,0.0669067
2026-03-16-14-57-49,Quadro RTX 5000,OpenCL,GEMM_Adam_CPU,data_transfer,GPU,10,9289875456,Adam,0.001,0.9,0.999,1e-08,61.7823,3,0.060907
2026-03-16-14-57-49,Quadro RTX 5000,OpenCL,GEMM_Adam_CPU,compute,GPU,10,9289875456,Adam,0.001,0.9,0.999,1e-08,2.49251,3,0.060907
2026-03-16-14-57-53,Quadro RTX 5000,OpenCL,GEMM_Adam_CPU,data_transfer,GPU,10,9289875456,Adam,0.001,0.9,0.999,1e-08,61.3895,4,0.0552209
2026-03-16-14-57-53,Quadro RTX 5000,OpenCL,GEMM_Adam_CPU,compute,GPU,10,9289875456,Adam,0.001,0.9,0.999,1e-08,2.49446,4,0.0552209
2026-03-16-14-57-57,Quadro RTX 5000,OpenCL,GEMM_Adam_CPU,data_transfer,GPU,10,9289875456,Adam,0.001,0.9,0.999,1e-08,62.466,5,0.049851
2026-03-16-14-57-57,Quadro RTX 5000,OpenCL,GEMM_Adam_CPU,compute,GPU,10,9289875456,Adam,0.001,0.9,0.999,1e-08,2.48534,5,0.049851
2026-03-16-14-58-01,Quadro RTX 5000,OpenCL,GEMM_Adam_CPU,data_transfer,GPU,10,9289875456,Adam,0.001,0.9,0.999,1e-08,61.8034,6,0.0447989
2026-03-16-14-58-01,Quadro RTX 5000,OpenCL,GEMM_Adam_CPU,compute,GPU,10,9289875456,Adam,0.001,0.9,0.999,1e-08,2.49222,6,0.0447989
2026-03-16-14-58-05,Quadro RTX 5000,OpenCL,GEMM_Adam_CPU,data_transfer,GPU,10,9289875456,Adam,0.001,0.9,0.999,1e-08,61.9043,7,0.0400645
2026-03-16-14-58-05,Quadro RTX 5000,OpenCL,GEMM_Adam_CPU,compute,GPU,10,9289875456,Adam,0.001,0.9,0.999,1e-08,2.48778,7,0.0400645
2026-03-16-14-58-09,Quadro RTX 5000,OpenCL,GEMM_Adam_CPU,data_transfer,GPU,10,9289875456,Adam,0.001,0.9,0.999,1e-08,61.9191,8,0.0356467
2026-03-16-14-58-09,Quadro RTX 5000,OpenCL,GEMM_Adam_CPU,compute,GPU,10,9289875456,Adam,0.001,0.9,0.999,1e-08,2.49222,8,0.0356467
2026-03-16-14-58-13,Quadro RTX 5000,OpenCL,GEMM_Adam_CPU,data_transfer,GPU,10,9289875456,Adam,0.001,0.9,0.999,1e-08,61.7868,9,0.0315426
2026-03-16-14-58-13,Quadro RTX 5000,OpenCL,GEMM_Adam_CPU,compute,GPU,10,9289875456,Adam,0.001,0.9,0.999,1e-08,2.48563,9,0.0315426
2026-03-16-14-58-17,Quadro RTX 5000,OpenCL,GEMM_Adam_CPU,data_transfer,GPU,10,9289875456,Adam,0.001,0.9,0.999,1e-08,61.2432,10,0.0277482
2026-03-16-14-58-17,Quadro RTX 5000,OpenCL,GEMM_Adam_CPU,compute,GPU,10,9289875456,Adam,0.001,0.9,0.999,1e-08,2.49328,10,0.0277482
2026-03-16-14-58-50,Quadro RTX 5000,OpenCL,GEMM_Adam_CPU,data_transfer,GPU,10,9289875456,Adam,0.001,0.9,0.999,1e-08,62.2609,1,0
2026-03-16-14-58-50,Quadro RTX 5000,OpenCL,GEMM_Adam_CPU,compute,GPU,10,9289875456,Adam,0.001,0.9,0.999,1e-08,2.48608,1,0
2026-03-16-14-58-54,Quadro RTX 5000,OpenCL,GEMM_Adam_CPU,data_transfer,GPU,10,9289875456,Adam,0.001,0.9,0.999,1e-08,62.2872,2,0.0669067
2026-03-16-14-58-54,Quadro RTX 5000,OpenCL,GEMM_Adam_CPU,compute,GPU,10,9289875456,Adam,0.001,0.9,0.999,1e-08,2.49318,2,0.0669067
2026-03-16-14-58-58,Quadro RTX 5000,OpenCL,GEMM_Adam_CPU,data_transfer,GPU,10,9289875456,Adam,0.001,0.9,0.999,1e-08,61.4719,3,0.060907
2026-03-16-14-58-58,Quadro RTX 5000,OpenCL,GEMM_Adam_CPU,compute,GPU,10,9289875456,Adam,0.001,0.9,0.999,1e-08,2.49117,3,0.060907
2026-03-16-14-59-02,Quadro RTX 5000,OpenCL,GEMM_Adam_CPU,data_transfer,GPU,10,9289875456,Adam,0.001,0.9,0.999,1e-08,61.3345,4,0.0552209
2026-03-16-14-59-02,Quadro RTX 5000,OpenCL,GEMM_Adam_CPU,compute,GPU,10,9289875456,Adam,0.001,0.9,0.999,1e-08,2.49245,4,0.0552209
2026-03-16-14-59-06,Quadro RTX 5000,OpenCL,GEMM_Adam_CPU,data_transfer,GPU,10,9289875456,Adam,0.001,0.9,0.999,1e-08,62.0575,5,0.049851
2026-03-16-14-59-06,Quadro RTX 5000,OpenCL,GEMM_Adam_CPU,compute,GPU,10,9289875456,Adam,0.001,0.9,0.999,1e-08,2.48483,5,0.049851
2026-03-16-14-59-10,Quadro RTX 5000,OpenCL,GEMM_Adam_CPU,data_transfer,GPU,10,9289875456,Adam,0.001,0.9,0.999,1e-08,61.8548,6,0.0447989
2026-03-16-14-59-10,Quadro RTX 5000,OpenCL,GEMM_Adam_CPU,compute,GPU,10,9289875456,Adam,0.001,0.9,0.999,1e-08,2.49446,6,0.0447989
2026-03-16-14-59-14,Quadro RTX 5000,OpenCL,GEMM_Adam_CPU,data_transfer,GPU,10,9289875456,Adam,0.001,0.9,0.999,1e-08,62.4393,7,0.0400645
2026-03-16-14-59-14,Quadro RTX 5000,OpenCL,GEMM_Adam_CPU,compute,GPU,10,9289875456,Adam,0.001,0.9,0.999,1e-08,2.49069,7,0.0400645
2026-03-16-14-59-18,Quadro RTX 5000,OpenCL,GEMM_Adam_CPU,data_transfer,GPU,10,9289875456,Adam,0.001,0.9,0.999,1e-08,61.8667,8,0.0356467
2026-03-16-14-59-18,Quadro RTX 5000,OpenCL,GEMM_Adam_CPU,compute,GPU,10,9289875456,Adam,0.001,0.9,0.999,1e-08,2.49408,8,0.0356467
2026-03-16-14-59-22,Quadro RTX 5000,OpenCL,GEMM_Adam_CPU,data_transfer,GPU,10,9289875456,Adam,0.001,0.9,0.999,1e-08,61.7625,9,0.0315426
2026-03-16-14-59-22,Quadro RTX 5000,OpenCL,GEMM_Adam_CPU,compute,GPU,10,9289875456,Adam,0.001,0.9,0.999,1e-08,2.48518,9,0.0315426
2026-03-16-14-59-26,Quadro RTX 5000,OpenCL,GEMM_Adam_CPU,data_transfer,GPU,10,9289875456,Adam,0.001,0.9,0.999,1e-08,61.9681,10,0.0277482
2026-03-16-14-59-26,Quadro RTX 5000,OpenCL,GEMM_Adam_CPU,compute,GPU,10,9289875456,Adam,0.001,0.9,0.999,1e-08,2.4936,10,0.0277482
2026-03-16-15-02-27,Quadro RTX 5000,OpenCL,GEMM_Adam_CPU,data_transfer,GPU,10,9289875456,Adam,0.001,0.9,0.999,1e-08,62.0446,1,0
2026-03-16-15-02-27,Quadro RTX 5000,OpenCL,GEMM_Adam_CPU,compute,GPU,10,9289875456,Adam,0.001,0.9,0.999,1e-08,2.484,1,0
2026-03-16-15-02-31,Quadro RTX 5000,OpenCL,GEMM_Adam_CPU,data_transfer,GPU,10,9289875456,Adam,0.001,0.9,0.999,1e-08,62.8787,2,0.0669067
2026-03-16-15-02-31,Quadro RTX 5000,OpenCL,GEMM_Adam_CPU,compute,GPU,10,9289875456,Adam,0.001,0.9,0.999,1e-08,2.49219,2,0.0669067
2026-03-16-15-02-35,Quadro RTX 5000,OpenCL,GEMM_Adam_CPU,data_transfer,GPU,10,9289875456,Adam,0.001,0.9,0.999,1e-08,61.8945,3,0.060907
2026-03-16-15-02-35,Quadro RTX 5000,OpenCL,GEMM_Adam_CPU,compute,GPU,10,9289875456,Adam,0.001,0.9,0.999,1e-08,2.49238,3,0.060907
2026-03-16-15-02-39,Quadro RTX 5000,OpenCL,GEMM_Adam_CPU,data_transfer,GPU,10,9289875456,Adam,0.001,0.9,0.999,1e-08,62.1146,4,0.0552209
2026-03-16-15-02-39,Quadro RTX 5000,OpenCL,GEMM_Adam_CPU,compute,GPU,10,9289875456,Adam,0.001,0.9,0.999,1e-08,2.49334,4,0.0552209
2026-03-16-15-02-43,Quadro RTX 5000,OpenCL,GEMM_Adam_CPU,data_transfer,GPU,10,9289875456,Adam,0.001,0.9,0.999,1e-08,61.6919,5,0.049851
2026-03-16-15-02-43,Quadro RTX 5000,OpenCL,GEMM_Adam_CPU,compute,GPU,10,9289875456,Adam,0.001,0.9,0.999,1e-08,2.48403,5,0.049851
2026-03-16-15-02-47,Quadro RTX 5000,OpenCL,GEMM_Adam_CPU,data_transfer,GPU,10,9289875456,Adam,0.001,0.9,0.999,1e-08,61.288,6,0.0447989
2026-03-16-15-02-47,Quadro RTX 5000,OpenCL,GEMM_Adam_CPU,compute,GPU,10,9289875456,Adam,0.001,0.9,0.999,1e-08,2.49251,6,0.0447989
2026-03-16-15-02-51,Quadro RTX 5000,OpenCL,GEMM_Adam_CPU,data_transfer,GPU,10,9289875456,Adam,0.001,0.9,0.999,1e-08,62.1435,7,0.0400645
2026-03-16-15-02-51,Quadro RTX 5000,OpenCL,GEMM_Adam_CPU,compute,GPU,10,9289875456,Adam,0.001,0.9,0.999,1e-08,2.48992,7,0.0400645
2026-03-16-15-02-55,Quadro RTX 5000,OpenCL,GEMM_Adam_CPU,data_transfer,GPU,10,9289875456,Adam,0.001,0.9,0.999,1e-08,62.2461,8,0.0356467
2026-03-16-15-02-55,Quadro RTX 5000,OpenCL,GEMM_Adam_CPU,compute,GPU,10,9289875456,Adam,0.001,0.9,0.999,1e-08,2.49286,8,0.0356467
2026-03-16-15-02-59,Quadro RTX 5000,OpenCL,GEMM_Adam_CPU,data_transfer,GPU,10,9289875456,Adam,0.001,0.9,0.999,1e-08,61.4395,9,0.0315426
2026-03-16-15-02-59,Quadro RTX 5000,OpenCL,GEMM_Adam_CPU,compute,GPU,10,9289875456,Adam,0.001,0.9,0.999,1e-08,2.48442,9,0.0315426
2026-03-16-15-03-03,Quadro RTX 5000,OpenCL,GEMM_Adam_CPU,data_transfer,GPU,10,9289875456,Adam,0.001,0.9,0.999,1e-08,61.6159,10,0.0277482
2026-03-16-15-03-03,Quadro RTX 5000,OpenCL,GEMM_Adam_CPU,compute,GPU,10,9289875456,Adam,0.001,0.9,0.999,1e-08,2.49178,10,0.0277482
2026-03-16-15-05-56,Quadro RTX 5000,OpenCL,GEMM_Adam_CPU,data_transfer,GPU,10,12630163456,Adam,0.001,0.9,0.999,1e-08,83.9284,1,0
2026-03-16-15-05-56,Quadro RTX 5000,OpenCL,GEMM_Adam_CPU,compute,GPU,10,12630163456,Adam,0.001,0.9,0.999,1e-08,3.37306,1,0
2026-03-16-15-06-01,Quadro RTX 5000,OpenCL,GEMM_Adam_CPU,data_transfer,GPU,10,12630163456,Adam,0.001,0.9,0.999,1e-08,83.3993,2,0.0781934
2026-03-16-15-06-01,Quadro RTX 5000,OpenCL,GEMM_Adam_CPU,compute,GPU,10,12630163456,Adam,0.001,0.9,0.999,1e-08,3.38461,2,0.0781934
2026-03-16-15-06-06,Quadro RTX 5000,OpenCL,GEMM_Adam_CPU,data_transfer,GPU,10,12630163456,Adam,0.001,0.9,0.999,1e-08,84.8748,3,0.0706852
2026-03-16-15-06-06,Quadro RTX 5000,OpenCL,GEMM_Adam_CPU,compute,GPU,10,12630163456,Adam,0.001,0.9,0.999,1e-08,3.38262,3,0.0706852
2026-03-16-15-06-12,Quadro RTX 5000,OpenCL,GEMM_Adam_CPU,data_transfer,GPU,10,12630163456,Adam,0.001,0.9,0.999,1e-08,84.6099,4,0.0635963
2026-03-16-15-06-12,Quadro RTX 5000,OpenCL,GEMM_Adam_CPU,compute,GPU,10,12630163456,Adam,0.001,0.9,0.999,1e-08,3.38333,4,0.0635963
2026-03-16-15-06-17,Quadro RTX 5000,OpenCL,GEMM_Adam_CPU,data_transfer,GPU,10,12630163456,Adam,0.001,0.9,0.999,1e-08,83.9505,5,0.05693
2026-03-16-15-06-17,Quadro RTX 5000,OpenCL,GEMM_Adam_CPU,compute,GPU,10,12630163456,Adam,0.001,0.9,0.999,1e-08,3.37568,5,0.05693
2026-03-16-15-06-23,Quadro RTX 5000,OpenCL,GEMM_Adam_CPU,data_transfer,GPU,10,12630163456,Adam,0.001,0.9,0.999,1e-08,84.0454,6,0.050688
2026-03-16-15-06-23,Quadro RTX 5000,OpenCL,GEMM_Adam_CPU,compute,GPU,10,12630163456,Adam,0.001,0.9,0.999,1e-08,3.38333,6,0.050688
2026-03-16-15-06-28,Quadro RTX 5000,OpenCL,GEMM_Adam_CPU,data_transfer,GPU,10,12630163456,Adam,0.001,0.9,0.999,1e-08,83.9586,7,0.0448701
2026-03-16-15-06-28,Quadro RTX 5000,OpenCL,GEMM_Adam_CPU,compute,GPU,10,12630163456,Adam,0.001,0.9,0.999,1e-08,3.38074,7,0.0448701
2026-03-16-15-06-34,Quadro RTX 5000,OpenCL,GEMM_Adam_CPU,data_transfer,GPU,10,12630163456,Adam,0.001,0.9,0.999,1e-08,84.0808,8,0.0394741
2026-03-16-15-06-34,Quadro RTX 5000,OpenCL,GEMM_Adam_CPU,compute,GPU,10,12630163456,Adam,0.001,0.9,0.999,1e-08,3.37853,8,0.0394741
2026-03-16-15-06-39,Quadro RTX 5000,OpenCL,GEMM_Adam_CPU,data_transfer,GPU,10,12630163456,Adam,0.001,0.9,0.999,1e-08,83.8531,9,0.0344957
2026-03-16-15-06-39,Quadro RTX 5000,OpenCL,GEMM_Adam_CPU,compute,GPU,10,12630163456,Adam,0.001,0.9,0.999,1e-08,3.38307,9,0.0344957
2026-03-16-15-06-45,Quadro RTX 5000,OpenCL,GEMM_Adam_CPU,data_transfer,GPU,10,12630163456,Adam,0.001,0.9,0.999,1e-08,84.1771,10,0.0299284
2026-03-16-15-06-45,Quadro RTX 5000,OpenCL,GEMM_Adam_CPU,compute,GPU,10,12630163456,Adam,0.001,0.9,0.999,1e-08,3.37613,10,0.0299284
2026-03-16-15-07-36,Quadro RTX 5000,OpenCL,GEMM_Adam_CPU,data_transfer,GPU,10,12630163456,Adam,0.001,0.9,0.999,1e-08,83.6638,1,0
2026-03-16-15-07-36,Quadro RTX 5000,OpenCL,GEMM_Adam_CPU,compute,GPU,10,12630163456,Adam,0.001,0.9,0.999,1e-08,3.37152,1,0
2026-03-16-15-07-42,Quadro RTX 5000,OpenCL,GEMM_Adam_CPU,data_transfer,GPU,10,12630163456,Adam,0.001,0.9,0.999,1e-08,83.7293,2,0.0781934
2026-03-16-15-07-42,Quadro RTX 5000,OpenCL,GEMM_Adam_CPU,compute,GPU,10,12630163456,Adam,0.001,0.9,0.999,1e-08,3.38528,2,0.0781934
2026-03-16-15-07-48,Quadro RTX 5000,OpenCL,GEMM_Adam_CPU,data_transfer,GPU,10,12630163456,Adam,0.001,0.9,0.999,1e-08,83.6645,3,0.0706852
2026-03-16-15-07-48,Quadro RTX 5000,OpenCL,GEMM_Adam_CPU,compute,GPU,10,12630163456,Adam,0.001,0.9,0.999,1e-08,3.40006,3,0.0706852
2026-03-16-15-07-53,Quadro RTX 5000,OpenCL,GEMM_Adam_CPU,data_transfer,GPU,10,12630163456,Adam,0.001,0.9,0.999,1e-08,84.8031,4,0.0635963
2026-03-16-15-07-53,Quadro RTX 5000,OpenCL,GEMM_Adam_CPU,compute,GPU,10,12630163456,Adam,0.001,0.9,0.999,1e-08,3.3857,4,0.0635963
2026-03-16-15-07-58,Quadro RTX 5000,OpenCL,GEMM_Adam_CPU,data_transfer,GPU,10,12630163456,Adam,0.001,0.9,0.999,1e-08,84.0171,5,0.05693
2026-03-16-15-07-58,Quadro RTX 5000,OpenCL,GEMM_Adam_CPU,compute,GPU,10,12630163456,Adam,0.001,0.9,0.999,1e-08,3.3751,5,0.05693
2026-03-16-15-08-04,Quadro RTX 5000,OpenCL,GEMM_Adam_CPU,data_transfer,GPU,10,12630163456,Adam,0.001,0.9,0.999,1e-08,84.5967,6,0.050688
2026-03-16-15-08-04,Quadro RTX 5000,OpenCL,GEMM_Adam_CPU,compute,GPU,10,12630163456,Adam,0.001,0.9,0.999,1e-08,3.38346,6,0.050688
2026-03-16-15-08-09,Quadro RTX 5000,OpenCL,GEMM_Adam_CPU,data_transfer,GPU,10,12630163456,Adam,0.001,0.9,0.999,1e-08,83.8381,7,0.0448701
2026-03-16-15-08-09,Quadro RTX 5000,OpenCL,GEMM_Adam_CPU,compute,GPU,10,12630163456,Adam,0.001,0.9,0.999,1e-08,3.3824,7,0.0448701
2026-03-16-15-08-15,Quadro RTX 5000,OpenCL,GEMM_Adam_CPU,data_transfer,GPU,10,12630163456,Adam,0.001,0.9,0.999,1e-08,83.901,8,0.0394741
2026-03-16-15-08-15,Quadro RTX 5000,OpenCL,GEMM_Adam_CPU,compute,GPU,10,12630163456,Adam,0.001,0.9,0.999,1e-08,3.37715,8,0.0394741
2026-03-16-15-08-20,Quadro RTX 5000,OpenCL,GEMM_Adam_CPU,data_transfer,GPU,10,12630163456,Adam,0.001,0.9,0.999,1e-08,83.9987,9,0.0344957
2026-03-16-15-08-20,Quadro RTX 5000,OpenCL,GEMM_Adam_CPU,compute,GPU,10,12630163456,Adam,0.001,0.9,0.999,1e-08,3.38326,9,0.0344957
2026-03-16-15-08-26,Quadro RTX 5000,OpenCL,GEMM_Adam_CPU,data_transfer,GPU,10,12630163456,Adam,0.001,0.9,0.999,1e-08,84.7154,10,0.0299284
2026-03-16-15-08-26,Quadro RTX 5000,OpenCL,GEMM_Adam_CPU,compute,GPU,10,12630163456,Adam,0.001,0.9,0.999,1e-08,3.37523,10,0.0299284
2026-03-16-15-14-28,Quadro RTX 5000,OpenCL,GEMM_Adam_CPU,data_transfer,GPU,10,12630163456,Adam,0.001,0.9,0.999,1e-08,83.681,1,0
2026-03-16-15-14-28,Quadro RTX 5000,OpenCL,GEMM_Adam_CPU,compute,GPU,10,12630163456,Adam,0.001,0.9,0.999,1e-08,3.37162,1,0
2026-03-16-15-14-33,Quadro RTX 5000,OpenCL,GEMM_Adam_CPU,data_transfer,GPU,10,12630163456,Adam,0.001,0.9,0.999,1e-08,83.5057,2,0.0781934
2026-03-16-15-14-33,Quadro RTX 5000,OpenCL,GEMM_Adam_CPU,compute,GPU,10,12630163456,Adam,0.001,0.9,0.999,1e-08,3.3855,2,0.0781934
2026-03-16-15-14-39,Quadro RTX 5000,OpenCL,GEMM_Adam_CPU,data_transfer,GPU,10,12630163456,Adam,0.001,0.9,0.999,1e-08,83.4791,3,0.0706852
2026-03-16-15-14-39,Quadro RTX 5000,OpenCL,GEMM_Adam_CPU,compute,GPU,10,12630163456,Adam,0.001,0.9,0.999,1e-08,3.38464,3,0.0706852
2026-03-16-15-14-44,Quadro RTX 5000,OpenCL,GEMM_Adam_CPU,data_transfer,GPU,10,12630163456,Adam,0.001,0.9,0.999,1e-08,83.8906,4,0.0635963
2026-03-16-15-14-44,Quadro RTX 5000,OpenCL,GEMM_Adam_CPU,compute,GPU,10,12630163456,Adam,0.001,0.9,0.999,1e-08,3.38458,4,0.0635963
2026-03-16-15-14-50,Quadro RTX 5000,OpenCL,GEMM_Adam_CPU,data_transfer,GPU,10,12630163456,Adam,0.001,0.9,0.999,1e-08,83.8568,5,0.05693
2026-03-16-15-14-50,Quadro RTX 5000,OpenCL,GEMM_Adam_CPU,compute,GPU,10,12630163456,Adam,0.001,0.9,0.999,1e-08,3.38685,5,0.05693
2026-03-16-15-14-55,Quadro RTX 5000,OpenCL,GEMM_Adam_CPU,data_transfer,GPU,10,12630163456,Adam,0.001,0.9,0.999,1e-08,82.5563,6,0.050688
2026-03-16-15-14-55,Quadro RTX 5000,OpenCL,GEMM_Adam_CPU,compute,GPU,10,12630163456,Adam,0.001,0.9,0.999,1e-08,3.37542,6,0.050688
2026-03-16-15-15-01,Quadro RTX 5000,OpenCL,GEMM_Adam_CPU,data_transfer,GPU,10,12630163456,Adam,0.001,0.9,0.999,1e-08,82.273,7,0.0448701
2026-03-16-15-15-01,Quadro RTX 5000,OpenCL,GEMM_Adam_CPU,compute,GPU,10,12630163456,Adam,0.001,0.9,0.999,1e-08,3.38595,7,0.0448701
2026-03-16-15-15-06,Quadro RTX 5000,OpenCL,GEMM_Adam_CPU,data_transfer,GPU,10,12630163456,Adam,0.001,0.9,0.999,1e-08,83.4586,8,0.0394741
2026-03-16-15-15-06,Quadro RTX 5000,OpenCL,GEMM_Adam_CPU,compute,GPU,10,12630163456,Adam,0.001,0.9,0.999,1e-08,3.37907,8,0.0394741
2026-03-16-15-15-12,Quadro RTX 5000,OpenCL,GEMM_Adam_CPU,data_transfer,GPU,10,12630163456,Adam,0.001,0.9,0.999,1e-08,83.8488,9,0.0344957
2026-03-16-15-15-12,Quadro RTX 5000,OpenCL,GEMM_Adam_CPU,compute,GPU,10,12630163456,Adam,0.001,0.9,0.999,1e-08,3.38528,9,0.0344957
2026-03-16-15-15-17,Quadro RTX 5000,OpenCL,GEMM_Adam_CPU,data_transfer,GPU,10,12630163456,Adam,0.001,0.9,0.999,1e-08,83.949,10,0.0299284
2026-03-16-15-15-17,Quadro RTX 5000,OpenCL,GEMM_Adam_CPU,compute,GPU,10,12630163456,Adam,0.001,0.9,0.999,1e-08,3.37504,10,0.0299284
2026-03-16-15-15-54,Quadro RTX 5000,OpenCL,GEMM_Adam_CPU,data_transfer,GPU,10,16482451456,Adam,0.001,0.9,0.999,1e-08,109.511,1,0
2026-03-16-15-15-54,Quadro RTX 5000,OpenCL,GEMM_Adam_CPU,compute,GPU,10,16482451456,Adam,0.001,0.9,0.999,1e-08,4.40346,1,0
2026-03-16-15-16-02,Quadro RTX 5000,OpenCL,GEMM_Adam_CPU,data_transfer,GPU,10,16482451456,Adam,0.001,0.9,0.999,1e-08,108.031,2,0.0890357
2026-03-16-15-16-02,Quadro RTX 5000,OpenCL,GEMM_Adam_CPU,compute,GPU,10,16482451456,Adam,0.001,0.9,0.999,1e-08,4.40944,2,0.0890357
2026-03-16-15-16-09,Quadro RTX 5000,OpenCL,GEMM_Adam_CPU,data_transfer,GPU,10,16482451456,Adam,0.001,0.9,0.999,1e-08,109.904,3,0.0799533
2026-03-16-15-16-09,Quadro RTX 5000,OpenCL,GEMM_Adam_CPU,compute,GPU,10,16482451456,Adam,0.001,0.9,0.999,1e-08,4.40934,3,0.0799533
2026-03-16-15-16-16,Quadro RTX 5000,OpenCL,GEMM_Adam_CPU,data_transfer,GPU,10,16482451456,Adam,0.001,0.9,0.999,1e-08,110.005,4,0.0714093
2026-03-16-15-16-16,Quadro RTX 5000,OpenCL,GEMM_Adam_CPU,compute,GPU,10,16482451456,Adam,0.001,0.9,0.999,1e-08,4.40947,4,0.0714093
2026-03-16-15-16-23,Quadro RTX 5000,OpenCL,GEMM_Adam_CPU,data_transfer,GPU,10,16482451456,Adam,0.001,0.9,0.999,1e-08,109.378,5,0.0634077
2026-03-16-15-16-23,Quadro RTX 5000,OpenCL,GEMM_Adam_CPU,compute,GPU,10,16482451456,Adam,0.001,0.9,0.999,1e-08,4.4095,5,0.0634077
2026-03-16-15-16-30,Quadro RTX 5000,OpenCL,GEMM_Adam_CPU,data_transfer,GPU,10,16482451456,Adam,0.001,0.9,0.999,1e-08,108.714,6,0.0559506
2026-03-16-15-16-30,Quadro RTX 5000,OpenCL,GEMM_Adam_CPU,compute,GPU,10,16482451456,Adam,0.001,0.9,0.999,1e-08,4.40957,6,0.0559506
2026-03-16-15-16-37,Quadro RTX 5000,OpenCL,GEMM_Adam_CPU,data_transfer,GPU,10,16482451456,Adam,0.001,0.9,0.999,1e-08,109.378,7,0.0490369
2026-03-16-15-16-37,Quadro RTX 5000,OpenCL,GEMM_Adam_CPU,compute,GPU,10,16482451456,Adam,0.001,0.9,0.999,1e-08,4.40893,7,0.0490369
2026-03-16-15-16-45,Quadro RTX 5000,OpenCL,GEMM_Adam_CPU,data_transfer,GPU,10,16482451456,Adam,0.001,0.9,0.999,1e-08,109.47,8,0.0426632
2026-03-16-15-16-45,Quadro RTX 5000,OpenCL,GEMM_Adam_CPU,compute,GPU,10,16482451456,Adam,0.001,0.9,0.999,1e-08,4.40525,8,0.0426632
2026-03-16-15-16-52,Quadro RTX 5000,OpenCL,GEMM_Adam_CPU,data_transfer,GPU,10,16482451456,Adam,0.001,0.9,0.999,1e-08,108.962,9,0.0368229
2026-03-16-15-16-52,Quadro RTX 5000,OpenCL,GEMM_Adam_CPU,compute,GPU,10,16482451456,Adam,0.001,0.9,0.999,1e-08,4.40442,9,0.0368229
2026-03-16-15-16-59,Quadro RTX 5000,OpenCL,GEMM_Adam_CPU,data_transfer,GPU,10,16482451456,Adam,0.001,0.9,0.999,1e-08,109.089,10,0.0315067
2026-03-16-15-16-59,Quadro RTX 5000,OpenCL,GEMM_Adam_CPU,compute,GPU,10,16482451456,Adam,0.001,0.9,0.999,1e-08,4.40998,10,0.0315067
2026-03-16-15-17-23,Quadro RTX 5000,OpenCL,GEMM_Adam_CPU,data_transfer,GPU,10,16482451456,Adam,0.001,0.9,0.999,1e-08,109.062,1,0
2026-03-16-15-17-23,Quadro RTX 5000,OpenCL,GEMM_Adam_CPU,compute,GPU,10,16482451456,Adam,0.001,0.9,0.999,1e-08,4.39782,1,0
2026-03-16-15-17-31,Quadro RTX 5000,OpenCL,GEMM_Adam_CPU,data_transfer,GPU,10,16482451456,Adam,0.001,0.9,0.999,1e-08,108.768,2,0.0890357
2026-03-16-15-17-31,Quadro RTX 5000,OpenCL,GEMM_Adam_CPU,compute,GPU,10,16482451456,Adam,0.001,0.9,0.999,1e-08,4.41373,2,0.0890357
2026-03-16-15-17-38,Quadro RTX 5000,OpenCL,GEMM_Adam_CPU,data_transfer,GPU,10,16482451456,Adam,0.001,0.9,0.999,1e-08,109.363,3,0.0799533
2026-03-16-15-17-38,Quadro RTX 5000,OpenCL,GEMM_Adam_CPU,compute,GPU,10,16482451456,Adam,0.001,0.9,0.999,1e-08,4.4095,3,0.0799533
2026-03-16-15-17-45,Quadro RTX 5000,OpenCL,GEMM_Adam_CPU,data_transfer,GPU,10,16482451456,Adam,0.001,0.9,0.999,1e-08,108.823,4,0.0714093
2026-03-16-15-17-45,Quadro RTX 5000,OpenCL,GEMM_Adam_CPU,compute,GPU,10,16482451456,Adam,0.001,0.9,0.999,1e-08,4.41258,4,0.0714093
2026-03-16-15-17-52,Quadro RTX 5000,OpenCL,GEMM_Adam_CPU,data_transfer,GPU,10,16482451456,Adam,0.001,0.9,0.999,1e-08,108.696,5,0.0634077
2026-03-16-15-17-52,Quadro RTX 5000,OpenCL,GEMM_Adam_CPU,compute,GPU,10,16482451456,Adam,0.001,0.9,0.999,1e-08,4.4023,5,0.0634077
2026-03-16-15-17-59,Quadro RTX 5000,OpenCL,GEMM_Adam_CPU,data_transfer,GPU,10,16482451456,Adam,0.001,0.9,0.999,1e-08,108.942,6,0.0559506
2026-03-16-15-17-59,Quadro RTX 5000,OpenCL,GEMM_Adam_CPU,compute,GPU,10,16482451456,Adam,0.001,0.9,0.999,1e-08,4.41158,6,0.0559506
2026-03-16-15-18-07,Quadro RTX 5000,OpenCL,GEMM_Adam_CPU,data_transfer,GPU,10,16482451456,Adam,0.001,0.9,0.999,1e-08,109.224,7,0.0490369
2026-03-16-15-18-07,Quadro RTX 5000,OpenCL,GEMM_Adam_CPU,compute,GPU,10,16482451456,Adam,0.001,0.9,0.999,1e-08,4.40934,7,0.0490369
2026-03-16-15-18-14,Quadro RTX 5000,OpenCL,GEMM_Adam_CPU,data_transfer,GPU,10,16482451456,Adam,0.001,0.9,0.999,1e-08,108.457,8,0.0426632
2026-03-16-15-18-14,Quadro RTX 5000,OpenCL,GEMM_Adam_CPU,compute,GPU,10,16482451456,Adam,0.001,0.9,0.999,1e-08,4.40528,8,0.0426632
2026-03-16-15-18-21,Quadro RTX 5000,OpenCL,GEMM_Adam_CPU,data_transfer,GPU,10,16482451456,Adam,0.001,0.9,0.999,1e-08,108.683,9,0.0368229
2026-03-16-15-18-21,Quadro RTX 5000,OpenCL,GEMM_Adam_CPU,compute,GPU,10,16482451456,Adam,0.001,0.9,0.999,1e-08,4.40483,9,0.0368229
2026-03-16-15-18-28,Quadro RTX 5000,OpenCL,GEMM_Adam_CPU,data_transfer,GPU,10,16482451456,Adam,0.001,0.9,0.999,1e-08,109.262,10,0.0315067
2026-03-16-15-18-28,Quadro RTX 5000,OpenCL,GEMM_Adam_CPU,compute,GPU,10,16482451456,Adam,0.001,0.9,0.999,1e-08,4.41037,10,0.0315067
2026-03-16-15-23-54,Quadro RTX 5000,OpenCL,GEMM_Adam_CPU,data_transfer,GPU,10,16482451456,Adam,0.001,0.9,0.999,1e-08,109.514,1,0
2026-03-16-15-23-54,Quadro RTX 5000,OpenCL,GEMM_Adam_CPU,compute,GPU,10,16482451456,Adam,0.001,0.9,0.999,1e-08,4.39853,1,0
2026-03-16-15-24-01,Quadro RTX 5000,OpenCL,GEMM_Adam_CPU,data_transfer,GPU,10,16482451456,Adam,0.001,0.9,0.999,1e-08,109.293,2,0.0890357
2026-03-16-15-24-01,Quadro RTX 5000,OpenCL,GEMM_Adam_CPU,compute,GPU,10,16482451456,Adam,0.001,0.9,0.999,1e-08,4.41283,2,0.0890357
2026-03-16-15-24-08,Quadro RTX 5000,OpenCL,GEMM_Adam_CPU,data_transfer,GPU,10,16482451456,Adam,0.001,0.9,0.999,1e-08,108.733,3,0.0799533
2026-03-16-15-24-08,Quadro RTX 5000,OpenCL,GEMM_Adam_CPU,compute,GPU,10,16482451456,Adam,0.001,0.9,0.999,1e-08,4.4119,3,0.0799533
2026-03-16-15-24-16,Quadro RTX 5000,OpenCL,GEMM_Adam_CPU,data_transfer,GPU,10,16482451456,Adam,0.001,0.9,0.999,1e-08,109.042,4,0.0714093
2026-03-16-15-24-16,Quadro RTX 5000,OpenCL,GEMM_Adam_CPU,compute,GPU,10,16482451456,Adam,0.001,0.9,0.999,1e-08,4.40982,4,0.0714093
2026-03-16-15-24-23,Quadro RTX 5000,OpenCL,GEMM_Adam_CPU,data_transfer,GPU,10,16482451456,Adam,0.001,0.9,0.999,1e-08,109.032,5,0.0634077
2026-03-16-15-24-23,Quadro RTX 5000,OpenCL,GEMM_Adam_CPU,compute,GPU,10,16482451456,Adam,0.001,0.9,0.999,1e-08,4.41149,5,0.0634077
2026-03-16-15-24-30,Quadro RTX 5000,OpenCL,GEMM_Adam_CPU,data_transfer,GPU,10,16482451456,Adam,0.001,0.9,0.999,1e-08,109.236,6,0.0559506
2026-03-16-15-24-30,Quadro RTX 5000,OpenCL,GEMM_Adam_CPU,compute,GPU,10,16482451456,Adam,0.001,0.9,0.999,1e-08,4.41309,6,0.0559506
2026-03-16-15-24-37,Quadro RTX 5000,OpenCL,GEMM_Adam_CPU,data_transfer,GPU,10,16482451456,Adam,0.001,0.9,0.999,1e-08,108.44,7,0.0490369
2026-03-16-15-24-37,Quadro RTX 5000,OpenCL,GEMM_Adam_CPU,compute,GPU,10,16482451456,Adam,0.001,0.9,0.999,1e-08,4.40947,7,0.0490369
2026-03-16-15-24-44,Quadro RTX 5000,OpenCL,GEMM_Adam_CPU,data_transfer,GPU,10,16482451456,Adam,0.001,0.9,0.999,1e-08,109.09,8,0.0426632
2026-03-16-15-24-44,Quadro RTX 5000,OpenCL,GEMM_Adam_CPU,compute,GPU,10,16482451456,Adam,0.001,0.9,0.999,1e-08,4.40525,8,0.0426632
2026-03-16-15-24-52,Quadro RTX 5000,OpenCL,GEMM_Adam_CPU,data_transfer,GPU,10,16482451456,Adam,0.001,0.9,0.999,1e-08,109.302,9,0.0368229
2026-03-16-15-24-52,Quadro RTX 5000,OpenCL,GEMM_Adam_CPU,compute,GPU,10,16482451456,Adam,0.001,0.9,0.999,1e-08,4.40381,9,0.0368229
2026-03-16-15-24-59,Quadro RTX 5000,OpenCL,GEMM_Adam_CPU,data_transfer,GPU,10,16482451456,Adam,0.001,0.9,0.999,1e-08,109.592,10,0.0315067
2026-03-16-15-24-59,Quadro RTX 5000,OpenCL,GEMM_Adam_CPU,compute,GPU,10,16482451456,Adam,0.001,0.9,0.999,1e-08,4.41264,10,0.0315067
2026-03-16-15-26-35,Quadro RTX 5000,OpenCL,GEMM_Adam_CPU,data_transfer,GPU,10,20846739456,Adam,0.001,0.9,0.999,1e-08,138.192,1,0
2026-03-16-15-26-35,Quadro RTX 5000,OpenCL,GEMM_Adam_CPU,compute,GPU,10,20846739456,Adam,0.001,0.9,0.999,1e-08,5.56406,1,0
2026-03-16-15-26-44,Quadro RTX 5000,OpenCL,GEMM_Adam_CPU,data_transfer,GPU,10,20846739456,Adam,0.001,0.9,0.999,1e-08,138.343,2,0.100568
2026-03-16-15-26-44,Quadro RTX 5000,OpenCL,GEMM_Adam_CPU,compute,GPU,10,20846739456,Adam,0.001,0.9,0.999,1e-08,5.57594,2,0.100568
2026-03-16-15-26-54,Quadro RTX 5000,OpenCL,GEMM_Adam_CPU,data_transfer,GPU,10,20846739456,Adam,0.001,0.9,0.999,1e-08,137.629,3,0.0897772
2026-03-16-15-26-54,Quadro RTX 5000,OpenCL,GEMM_Adam_CPU,compute,GPU,10,20846739456,Adam,0.001,0.9,0.999,1e-08,5.57654,3,0.0897772
2026-03-16-15-27-03,Quadro RTX 5000,OpenCL,GEMM_Adam_CPU,data_transfer,GPU,10,20846739456,Adam,0.001,0.9,0.999,1e-08,136.401,4,0.0796588
2026-03-16-15-27-03,Quadro RTX 5000,OpenCL,GEMM_Adam_CPU,compute,GPU,10,20846739456,Adam,0.001,0.9,0.999,1e-08,5.57286,4,0.0796588
2026-03-16-15-27-11,Quadro RTX 5000,OpenCL,GEMM_Adam_CPU,data_transfer,GPU,10,20846739456,Adam,0.001,0.9,0.999,1e-08,137.661,5,0.0702177
2026-03-16-15-27-11,Quadro RTX 5000,OpenCL,GEMM_Adam_CPU,compute,GPU,10,20846739456,Adam,0.001,0.9,0.999,1e-08,5.56621,5,0.0702177
2026-03-16-15-27-20,Quadro RTX 5000,OpenCL,GEMM_Adam_CPU,data_transfer,GPU,10,20846739456,Adam,0.001,0.9,0.999,1e-08,138.178,6,0.0614558
2026-03-16-15-27-20,Quadro RTX 5000,OpenCL,GEMM_Adam_CPU,compute,GPU,10,20846739456,Adam,0.001,0.9,0.999,1e-08,5.58445,6,0.0614558
2026-03-16-15-27-29,Quadro RTX 5000,OpenCL,GEMM_Adam_CPU,data_transfer,GPU,10,20846739456,Adam,0.001,0.9,0.999,1e-08,137.167,7,0.0533716
2026-03-16-15-27-29,Quadro RTX 5000,OpenCL,GEMM_Adam_CPU,compute,GPU,10,20846739456,Adam,0.001,0.9,0.999,1e-08,5.57824,7,0.0533716
2026-03-16-15-27-38,Quadro RTX 5000,OpenCL,GEMM_Adam_CPU,data_transfer,GPU,10,20846739456,Adam,0.001,0.9,0.999,1e-08,137.844,8,0.0459598
2026-03-16-15-27-38,Quadro RTX 5000,OpenCL,GEMM_Adam_CPU,compute,GPU,10,20846739456,Adam,0.001,0.9,0.999,1e-08,5.56842,8,0.0459598
2026-03-16-15-27-47,Quadro RTX 5000,OpenCL,GEMM_Adam_CPU,data_transfer,GPU,10,20846739456,Adam,0.001,0.9,0.999,1e-08,137.783,9,0.0392113
2026-03-16-15-27-47,Quadro RTX 5000,OpenCL,GEMM_Adam_CPU,compute,GPU,10,20846739456,Adam,0.001,0.9,0.999,1e-08,5.56746,9,0.0392113
2026-03-16-15-27-56,Quadro RTX 5000,OpenCL,GEMM_Adam_CPU,data_transfer,GPU,10,20846739456,Adam,0.001,0.9,0.999,1e-08,137.46,10,0.033113
2026-03-16-15-27-56,Quadro RTX 5000,OpenCL,GEMM_Adam_CPU,compute,GPU,10,20846739456,Adam,0.001,0.9,0.999,1e-08,5.57475,10,0.033113
2026-03-16-15-28-36,Quadro RTX 5000,OpenCL,GEMM_Adam_CPU,data_transfer,GPU,10,20846739456,Adam,0.001,0.9,0.999,1e-08,138.686,1,0
2026-03-16-15-28-36,Quadro RTX 5000,OpenCL,GEMM_Adam_CPU,compute,GPU,10,20846739456,Adam,0.001,0.9,0.999,1e-08,5.56442,1,0
2026-03-16-15-28-45,Quadro RTX 5000,OpenCL,GEMM_Adam_CPU,data_transfer,GPU,10,20846739456,Adam,0.001,0.9,0.999,1e-08,138.083,2,0.100568
2026-03-16-15-28-45,Quadro RTX 5000,OpenCL,GEMM_Adam_CPU,compute,GPU,10,20846739456,Adam,0.001,0.9,0.999,1e-08,5.57466,2,0.100568
2026-03-16-15-28-54,Quadro RTX 5000,OpenCL,GEMM_Adam_CPU,data_transfer,GPU,10,20846739456,Adam,0.001,0.9,0.999,1e-08,138.239,3,0.0897772
2026-03-16-15-28-54,Quadro RTX 5000,OpenCL,GEMM_Adam_CPU,compute,GPU,10,20846739456,Adam,0.001,0.9,0.999,1e-08,5.57555,3,0.0897772
2026-03-16-15-29-03,Quadro RTX 5000,OpenCL,GEMM_Adam_CPU,data_transfer,GPU,10,20846739456,Adam,0.001,0.9,0.999,1e-08,138.513,4,0.0796588
2026-03-16-15-29-03,Quadro RTX 5000,OpenCL,GEMM_Adam_CPU,compute,GPU,10,20846739456,Adam,0.001,0.9,0.999,1e-08,5.57594,4,0.0796588
2026-03-16-15-29-12,Quadro RTX 5000,OpenCL,GEMM_Adam_CPU,data_transfer,GPU,10,20846739456,Adam,0.001,0.9,0.999,1e-08,138.324,5,0.0702177
2026-03-16-15-29-12,Quadro RTX 5000,OpenCL,GEMM_Adam_CPU,compute,GPU,10,20846739456,Adam,0.001,0.9,0.999,1e-08,5.56653,5,0.0702177
2026-03-16-15-29-21,Quadro RTX 5000,OpenCL,GEMM_Adam_CPU,data_transfer,GPU,10,20846739456,Adam,0.001,0.9,0.999,1e-08,137.546,6,0.0614558
2026-03-16-15-29-21,Quadro RTX 5000,OpenCL,GEMM_Adam_CPU,compute,GPU,10,20846739456,Adam,0.001,0.9,0.999,1e-08,5.5775,6,0.0614558
2026-03-16-15-29-30,Quadro RTX 5000,OpenCL,GEMM_Adam_CPU,data_transfer,GPU,10,20846739456,Adam,0.001,0.9,0.999,1e-08,137.396,7,0.0533716
2026-03-16-15-29-30,Quadro RTX 5000,OpenCL,GEMM_Adam_CPU,compute,GPU,10,20846739456,Adam,0.001,0.9,0.999,1e-08,5.58381,7,0.0533716
2026-03-16-15-29-38,Quadro RTX 5000,OpenCL,GEMM_Adam_CPU,data_transfer,GPU,10,20846739456,Adam,0.001,0.9,0.999,1e-08,138.117,8,0.0459598
2026-03-16-15-29-38,Quadro RTX 5000,OpenCL,GEMM_Adam_CPU,compute,GPU,10,20846739456,Adam,0.001,0.9,0.999,1e-08,5.56976,8,0.0459598
2026-03-16-15-29-47,Quadro RTX 5000,OpenCL,GEMM_Adam_CPU,data_transfer,GPU,10,20846739456,Adam,0.001,0.9,0.999,1e-08,137.369,9,0.0392113
2026-03-16-15-29-47,Quadro RTX 5000,OpenCL,GEMM_Adam_CPU,compute,GPU,10,20846739456,Adam,0.001,0.9,0.999,1e-08,5.56646,9,0.0392113
2026-03-16-15-29-57,Quadro RTX 5000,OpenCL,GEMM_Adam_CPU,data_transfer,GPU,10,20846739456,Adam,0.001,0.9,0.999,1e-08,138.237,10,0.033113
2026-03-16-15-29-57,Quadro RTX 5000,OpenCL,GEMM_Adam_CPU,compute,GPU,10,20846739456,Adam,0.001,0.9,0.999,1e-08,5.57558,10,0.033113
2026-03-16-15-30-23,Quadro RTX 5000,OpenCL,GEMM_Adam_CPU,data_transfer,GPU,10,20846739456,Adam,0.001,0.9,0.999,1e-08,138.962,1,0
2026-03-16-15-30-23,Quadro RTX 5000,OpenCL,GEMM_Adam_CPU,compute,GPU,10,20846739456,Adam,0.001,0.9,0.999,1e-08,5.56486,1,0
2026-03-16-15-30-31,Quadro RTX 5000,OpenCL,GEMM_Adam_CPU,data_transfer,GPU,10,20846739456,Adam,0.001,0.9,0.999,1e-08,138.113,2,0.100568
2026-03-16-15-30-32,Quadro RTX 5000,OpenCL,GEMM_Adam_CPU,compute,GPU,10,20846739456,Adam,0.001,0.9,0.999,1e-08,5.58323,2,0.100568
2026-03-16-15-30-41,Quadro RTX 5000,OpenCL,GEMM_Adam_CPU,data_transfer,GPU,10,20846739456,Adam,0.001,0.9,0.999,1e-08,138.029,3,0.0897772
2026-03-16-15-30-41,Quadro RTX 5000,OpenCL,GEMM_Adam_CPU,compute,GPU,10,20846739456,Adam,0.001,0.9,0.999,1e-08,5.57571,3,0.0897772
2026-03-16-15-30-50,Quadro RTX 5000,OpenCL,GEMM_Adam_CPU,data_transfer,GPU,10,20846739456,Adam,0.001,0.9,0.999,1e-08,138.24,4,0.0796588
2026-03-16-15-30-50,Quadro RTX 5000,OpenCL,GEMM_Adam_CPU,compute,GPU,10,20846739456,Adam,0.001,0.9,0.999,1e-08,5.58224,4,0.0796588
2026-03-16-15-30-59,Quadro RTX 5000,OpenCL,GEMM_Adam_CPU,data_transfer,GPU,10,20846739456,Adam,0.001,0.9,0.999,1e-08,137.31,5,0.0702177
2026-03-16-15-30-59,Quadro RTX 5000,OpenCL,GEMM_Adam_CPU,compute,GPU,10,20846739456,Adam,0.001,0.9,0.999,1e-08,5.57283,5,0.0702177
2026-03-16-15-31-07,Quadro RTX 5000,OpenCL,GEMM_Adam_CPU,data_transfer,GPU,10,20846739456,Adam,0.001,0.9,0.999,1e-08,139.085,6,0.0614558
2026-03-16-15-31-07,Quadro RTX 5000,OpenCL,GEMM_Adam_CPU,compute,GPU,10,20846739456,Adam,0.001,0.9,0.999,1e-08,5.56944,6,0.0614558
2026-03-16-15-31-17,Quadro RTX 5000,OpenCL,GEMM_Adam_CPU,data_transfer,GPU,10,20846739456,Adam,0.001,0.9,0.999,1e-08,137.871,7,0.0533716
2026-03-16-15-31-17,Quadro RTX 5000,OpenCL,GEMM_Adam_CPU,compute,GPU,10,20846739456,Adam,0.001,0.9,0.999,1e-08,5.5777,7,0.0533716
2026-03-16-15-31-26,Quadro RTX 5000,OpenCL,GEMM_Adam_CPU,data_transfer,GPU,10,20846739456,Adam,0.001,0.9,0.999,1e-08,138.436,8,0.0459598
2026-03-16-15-31-26,Quadro RTX 5000,OpenCL,GEMM_Adam_CPU,compute,GPU,10,20846739456,Adam,0.001,0.9,0.999,1e-08,5.57021,8,0.0459598
2026-03-16-15-31-35,Quadro RTX 5000,OpenCL,GEMM_Adam_CPU,data_transfer,GPU,10,20846739456,Adam,0.001,0.9,0.999,1e-08,137.631,9,0.0392113
2026-03-16-15-31-35,Quadro RTX 5000,OpenCL,GEMM_Adam_CPU,compute,GPU,10,20846739456,Adam,0.001,0.9,0.999,1e-08,5.57472,9,0.0392113
2026-03-16-15-31-45,Quadro RTX 5000,OpenCL,GEMM_Adam_CPU,data_transfer,GPU,10,20846739456,Adam,0.001,0.9,0.999,1e-08,137.303,10,0.033113
2026-03-16-15-31-45,Quadro RTX 5000,OpenCL,GEMM_Adam_CPU,compute,GPU,10,20846739456,Adam,0.001,0.9,0.999,1e-08,5.56899,10,0.033113
2026-03-16-15-32-44,Quadro RTX 5000,OpenCL,GEMM_Adam_CPU,data_transfer,GPU,10,20846739456,Adam,0.001,0.9,0.999,1e-08,137.587,1,0
2026-03-16-15-32-44,Quadro RTX 5000,OpenCL,GEMM_Adam_CPU,compute,GPU,10,20846739456,Adam,0.001,0.9,0.999,1e-08,5.56406,1,0
2026-03-16-15-32-53,Quadro RTX 5000,OpenCL,GEMM_Adam_CPU,data_transfer,GPU,10,20846739456,Adam,0.001,0.9,0.999,1e-08,137.856,2,0.100568
2026-03-16-15-32-53,Quadro RTX 5000,OpenCL,GEMM_Adam_CPU,compute,GPU,10,20846739456,Adam,0.001,0.9,0.999,1e-08,5.57581,2,0.100568
2026-03-16-15-33-02,Quadro RTX 5000,OpenCL,GEMM_Adam_CPU,data_transfer,GPU,10,20846739456,Adam,0.001,0.9,0.999,1e-08,136.534,3,0.0897772
2026-03-16-15-33-02,Quadro RTX 5000,OpenCL,GEMM_Adam_CPU,compute,GPU,10,20846739456,Adam,0.001,0.9,0.999,1e-08,5.5849,3,0.0897772
2026-03-16-15-33-11,Quadro RTX 5000,OpenCL,GEMM_Adam_CPU,data_transfer,GPU,10,20846739456,Adam,0.001,0.9,0.999,1e-08,138.253,4,0.0796588
2026-03-16-15-33-11,Quadro RTX 5000,OpenCL,GEMM_Adam_CPU,compute,GPU,10,20846739456,Adam,0.001,0.9,0.999,1e-08,5.5769,4,0.0796588
2026-03-16-15-33-20,Quadro RTX 5000,OpenCL,GEMM_Adam_CPU,data_transfer,GPU,10,20846739456,Adam,0.001,0.9,0.999,1e-08,138.066,5,0.0702177
2026-03-16-15-33-20,Quadro RTX 5000,OpenCL,GEMM_Adam_CPU,compute,GPU,10,20846739456,Adam,0.001,0.9,0.999,1e-08,5.57875,5,0.0702177
2026-03-16-15-33-29,Quadro RTX 5000,OpenCL,GEMM_Adam_CPU,data_transfer,GPU,10,20846739456,Adam,0.001,0.9,0.999,1e-08,136.989,6,0.0614558
2026-03-16-15-33-29,Quadro RTX 5000,OpenCL,GEMM_Adam_CPU,compute,GPU,10,20846739456,Adam,0.001,0.9,0.999,1e-08,5.5912,6,0.0614558
2026-03-16-15-33-38,Quadro RTX 5000,OpenCL,GEMM_Adam_CPU,data_transfer,GPU,10,20846739456,Adam,0.001,0.9,0.999,1e-08,137.391,7,0.0533716
2026-03-16-15-33-38,Quadro RTX 5000,OpenCL,GEMM_Adam_CPU,compute,GPU,10,20846739456,Adam,0.001,0.9,0.999,1e-08,5.58461,7,0.0533716
2026-03-16-15-33-47,Quadro RTX 5000,OpenCL,GEMM_Adam_CPU,data_transfer,GPU,10,20846739456,Adam,0.001,0.9,0.999,1e-08,137.898,8,0.0459598
2026-03-16-15-33-47,Quadro RTX 5000,OpenCL,GEMM_Adam_CPU,compute,GPU,10,20846739456,Adam,0.001,0.9,0.999,1e-08,5.57197,8,0.0459598
2026-03-16-15-33-56,Quadro RTX 5000,OpenCL,GEMM_Adam_CPU,data_transfer,GPU,10,20846739456,Adam,0.001,0.9,0.999,1e-08,136.286,9,0.0392113
2026-03-16-15-33-56,Quadro RTX 5000,OpenCL,GEMM_Adam_CPU,compute,GPU,10,20846739456,Adam,0.001,0.9,0.999,1e-08,5.56525,9,0.0392113
2026-03-16-15-34-04,Quadro RTX 5000,OpenCL,GEMM_Adam_CPU,data_transfer,GPU,10,20846739456,Adam,0.001,0.9,0.999,1e-08,137.78,10,0.033113
2026-03-16-15-34-04,Quadro RTX 5000,OpenCL,GEMM_Adam_CPU,compute,GPU,10,20846739456,Adam,0.001,0.9,0.999,1e-08,5.5767,10,0.033113
2026-03-16-15-35-56,Quadro RTX 5000,OpenCL,GEMM_Adam_CPU,data_transfer,GPU,10,25723027456,Adam,0.001,0.9,0.999,1e-08,170.035,1,0
2026-03-16-15-35-56,Quadro RTX 5000,OpenCL,GEMM_Adam_CPU,compute,GPU,10,25723027456,Adam,0.001,0.9,0.999,1e-08,6.86426,1,0
2026-03-16-15-36-07,Quadro RTX 5000,OpenCL,GEMM_Adam_CPU,data_transfer,GPU,10,25723027456,Adam,0.001,0.9,0.999,1e-08,170.11,2,0.111369
2026-03-16-15-36-07,Quadro RTX 5000,OpenCL,GEMM_Adam_CPU,compute,GPU,10,25723027456,Adam,0.001,0.9,0.999,1e-08,6.87498,2,0.111369
2026-03-16-15-36-17,Quadro RTX 5000,OpenCL,GEMM_Adam_CPU,data_transfer,GPU,10,25723027456,Adam,0.001,0.9,0.999,1e-08,169.696,3,0.098836
2026-03-16-15-36-17,Quadro RTX 5000,OpenCL,GEMM_Adam_CPU,compute,GPU,10,25723027456,Adam,0.001,0.9,0.999,1e-08,6.87379,3,0.098836
2026-03-16-15-36-29,Quadro RTX 5000,OpenCL,GEMM_Adam_CPU,data_transfer,GPU,10,25723027456,Adam,0.001,0.9,0.999,1e-08,169.86,4,0.087122
2026-03-16-15-36-29,Quadro RTX 5000,OpenCL,GEMM_Adam_CPU,compute,GPU,10,25723027456,Adam,0.001,0.9,0.999,1e-08,6.87411,4,0.087122
2026-03-16-15-36-40,Quadro RTX 5000,OpenCL,GEMM_Adam_CPU,data_transfer,GPU,10,25723027456,Adam,0.001,0.9,0.999,1e-08,170.71,5,0.0762331
2026-03-16-15-36-41,Quadro RTX 5000,OpenCL,GEMM_Adam_CPU,compute,GPU,10,25723027456,Adam,0.001,0.9,0.999,1e-08,6.86726,5,0.0762331
2026-03-16-15-36-51,Quadro RTX 5000,OpenCL,GEMM_Adam_CPU,data_transfer,GPU,10,25723027456,Adam,0.001,0.9,0.999,1e-08,169.354,6,0.0661711
2026-03-16-15-36-51,Quadro RTX 5000,OpenCL,GEMM_Adam_CPU,compute,GPU,10,25723027456,Adam,0.001,0.9,0.999,1e-08,6.87507,6,0.0661711
2026-03-16-15-37-02,Quadro RTX 5000,OpenCL,GEMM_Adam_CPU,data_transfer,GPU,10,25723027456,Adam,0.001,0.9,0.999,1e-08,167.563,7,0.0569332
2026-03-16-15-37-02,Quadro RTX 5000,OpenCL,GEMM_Adam_CPU,compute,GPU,10,25723027456,Adam,0.001,0.9,0.999,1e-08,6.86899,7,0.0569332
2026-03-16-15-37-13,Quadro RTX 5000,OpenCL,GEMM_Adam_CPU,data_transfer,GPU,10,25723027456,Adam,0.001,0.9,0.999,1e-08,169.01,8,0.048512
2026-03-16-15-37-13,Quadro RTX 5000,OpenCL,GEMM_Adam_CPU,compute,GPU,10,25723027456,Adam,0.001,0.9,0.999,1e-08,6.88554,8,0.048512
2026-03-16-15-37-24,Quadro RTX 5000,OpenCL,GEMM_Adam_CPU,data_transfer,GPU,10,25723027456,Adam,0.001,0.9,0.999,1e-08,169.129,9,0.0408949
2026-03-16-15-37-24,Quadro RTX 5000,OpenCL,GEMM_Adam_CPU,compute,GPU,10,25723027456,Adam,0.001,0.9,0.999,1e-08,6.86691,9,0.0408949
2026-03-16-15-37-35,Quadro RTX 5000,OpenCL,GEMM_Adam_CPU,data_transfer,GPU,10,25723027456,Adam,0.001,0.9,0.999,1e-08,170.142,10,0.0340643
2026-03-16-15-37-35,Quadro RTX 5000,OpenCL,GEMM_Adam_CPU,compute,GPU,10,25723027456,Adam,0.001,0.9,0.999,1e-08,6.87907,10,0.0340643
2026-03-16-15-39-17,Quadro RTX 5000,OpenCL,GEMM_Adam_CPU,data_transfer,GPU,10,25723027456,Adam,0.001,0.9,0.999,1e-08,167.76,1,0
2026-03-16-15-39-17,Quadro RTX 5000,OpenCL,GEMM_Adam_CPU,compute,GPU,10,25723027456,Adam,0.001,0.9,0.999,1e-08,6.86435,1,0
2026-03-16-15-39-28,Quadro RTX 5000,OpenCL,GEMM_Adam_CPU,data_transfer,GPU,10,25723027456,Adam,0.001,0.9,0.999,1e-08,169.897,2,0.111369
2026-03-16-15-39-28,Quadro RTX 5000,OpenCL,GEMM_Adam_CPU,compute,GPU,10,25723027456,Adam,0.001,0.9,0.999,1e-08,6.87514,2,0.111369
2026-03-16-15-39-38,Quadro RTX 5000,OpenCL,GEMM_Adam_CPU,data_transfer,GPU,10,25723027456,Adam,0.001,0.9,0.999,1e-08,168.944,3,0.098836
2026-03-16-15-39-38,Quadro RTX 5000,OpenCL,GEMM_Adam_CPU,compute,GPU,10,25723027456,Adam,0.001,0.9,0.999,1e-08,6.87494,3,0.098836
2026-03-16-15-39-49,Quadro RTX 5000,OpenCL,GEMM_Adam_CPU,data_transfer,GPU,10,25723027456,Adam,0.001,0.9,0.999,1e-08,168.994,4,0.087122
2026-03-16-15-39-49,Quadro RTX 5000,OpenCL,GEMM_Adam_CPU,compute,GPU,10,25723027456,Adam,0.001,0.9,0.999,1e-08,6.87309,4,0.087122
2026-03-16-15-40-00,Quadro RTX 5000,OpenCL,GEMM_Adam_CPU,data_transfer,GPU,10,25723027456,Adam,0.001,0.9,0.999,1e-08,169.424,5,0.0762331
2026-03-16-15-40-00,Quadro RTX 5000,OpenCL,GEMM_Adam_CPU,compute,GPU,10,25723027456,Adam,0.001,0.9,0.999,1e-08,6.86634,5,0.0762331
2026-03-16-15-40-12,Quadro RTX 5000,OpenCL,GEMM_Adam_CPU,data_transfer,GPU,10,25723027456,Adam,0.001,0.9,0.999,1e-08,169.865,6,0.0661711
2026-03-16-15-40-12,Quadro RTX 5000,OpenCL,GEMM_Adam_CPU,compute,GPU,10,25723027456,Adam,0.001,0.9,0.999,1e-08,6.87616,6,0.0661711
2026-03-16-15-40-23,Quadro RTX 5000,OpenCL,GEMM_Adam_CPU,data_transfer,GPU,10,25723027456,Adam,0.001,0.9,0.999,1e-08,169.163,7,0.0569332
2026-03-16-15-40-23,Quadro RTX 5000,OpenCL,GEMM_Adam_CPU,compute,GPU,10,25723027456,Adam,0.001,0.9,0.999,1e-08,6.87171,7,0.0569332
2026-03-16-15-40-34,Quadro RTX 5000,OpenCL,GEMM_Adam_CPU,data_transfer,GPU,10,25723027456,Adam,0.001,0.9,0.999,1e-08,169.902,8,0.048512
2026-03-16-15-40-34,Quadro RTX 5000,OpenCL,GEMM_Adam_CPU,compute,GPU,10,25723027456,Adam,0.001,0.9,0.999,1e-08,6.87658,8,0.048512
2026-03-16-15-40-44,Quadro RTX 5000,OpenCL,GEMM_Adam_CPU,data_transfer,GPU,10,25723027456,Adam,0.001,0.9,0.999,1e-08,170.169,9,0.0408949
2026-03-16-15-40-44,Quadro RTX 5000,OpenCL,GEMM_Adam_CPU,compute,GPU,10,25723027456,Adam,0.001,0.9,0.999,1e-08,6.8649,9,0.0408949
2026-03-16-15-40-56,Quadro RTX 5000,OpenCL,GEMM_Adam_CPU,data_transfer,GPU,10,25723027456,Adam,0.001,0.9,0.999,1e-08,169.407,10,0.0340643
2026-03-16-15-40-56,Quadro RTX 5000,OpenCL,GEMM_Adam_CPU,compute,GPU,10,25723027456,Adam,0.001,0.9,0.999,1e-08,6.8737,10,0.0340643
2026-03-16-15-53-08,Quadro RTX 5000,OpenCL,GEMM_Adam_CPU,data_transfer,GPU,10,25723027456,Adam,0.001,0.9,0.999,1e-08,169.874,1,0
2026-03-16-15-53-08,Quadro RTX 5000,OpenCL,GEMM_Adam_CPU,compute,GPU,10,25723027456,Adam,0.001,0.9,0.999,1e-08,6.86451,1,0
2026-03-16-15-53-19,Quadro RTX 5000,OpenCL,GEMM_Adam_CPU,data_transfer,GPU,10,25723027456,Adam,0.001,0.9,0.999,1e-08,169.811,2,0.111369
2026-03-16-15-53-19,Quadro RTX 5000,OpenCL,GEMM_Adam_CPU,compute,GPU,10,25723027456,Adam,0.001,0.9,0.999,1e-08,6.88157,2,0.111369
2026-03-16-15-54-59,Quadro RTX 5000,OpenCL,GEMM_Adam_CPU,data_transfer,GPU,10,25723027456,Adam,0.001,0.9,0.999,1e-08,169.891,1,0
2026-03-16-15-54-59,Quadro RTX 5000,OpenCL,GEMM_Adam_CPU,compute,GPU,10,25723027456,Adam,0.001,0.9,0.999,1e-08,6.86291,1,0
2026-03-16-15-55-10,Quadro RTX 5000,OpenCL,GEMM_Adam_CPU,data_transfer,GPU,10,25723027456,Adam,0.001,0.9,0.999,1e-08,169.893,2,0.111369
2026-03-16-15-55-10,Quadro RTX 5000,OpenCL,GEMM_Adam_CPU,compute,GPU,10,25723027456,Adam,0.001,0.9,0.999,1e-08,6.88531,2,0.111369
2026-03-16-15-55-21,Quadro RTX 5000,OpenCL,GEMM_Adam_CPU,data_transfer,GPU,10,25723027456,Adam,0.001,0.9,0.999,1e-08,169.108,3,0.098836
2026-03-16-15-55-21,Quadro RTX 5000,OpenCL,GEMM_Adam_CPU,compute,GPU,10,25723027456,Adam,0.001,0.9,0.999,1e-08,6.87514,3,0.098836
2026-03-16-15-55-32,Quadro RTX 5000,OpenCL,GEMM_Adam_CPU,data_transfer,GPU,10,25723027456,Adam,0.001,0.9,0.999,1e-08,169.803,4,0.087122
2026-03-16-15-55-32,Quadro RTX 5000,OpenCL,GEMM_Adam_CPU,compute,GPU,10,25723027456,Adam,0.001,0.9,0.999,1e-08,6.87514,4,0.087122
2026-03-16-15-55-43,Quadro RTX 5000,OpenCL,GEMM_Adam_CPU,data_transfer,GPU,10,25723027456,Adam,0.001,0.9,0.999,1e-08,170.017,5,0.0762331
2026-03-16-15-55-43,Quadro RTX 5000,OpenCL,GEMM_Adam_CPU,compute,GPU,10,25723027456,Adam,0.001,0.9,0.999,1e-08,6.86726,5,0.0762331
2026-03-16-15-55-54,Quadro RTX 5000,OpenCL,GEMM_Adam_CPU,data_transfer,GPU,10,25723027456,Adam,0.001,0.9,0.999,1e-08,169.13,6,0.0661711
2026-03-16-15-55-54,Quadro RTX 5000,OpenCL,GEMM_Adam_CPU,compute,GPU,10,25723027456,Adam,0.001,0.9,0.999,1e-08,6.88435,6,0.0661711
2026-03-16-15-56-05,Quadro RTX 5000,OpenCL,GEMM_Adam_CPU,data_transfer,GPU,10,25723027456,Adam,0.001,0.9,0.999,1e-08,169.133,7,0.0569332
2026-03-16-15-56-05,Quadro RTX 5000,OpenCL,GEMM_Adam_CPU,compute,GPU,10,25723027456,Adam,0.001,0.9,0.999,1e-08,6.86778,7,0.0569332
2026-03-16-15-56-16,Quadro RTX 5000,OpenCL,GEMM_Adam_CPU,data_transfer,GPU,10,25723027456,Adam,0.001,0.9,0.999,1e-08,169.204,8,0.048512
2026-03-16-15-56-16,Quadro RTX 5000,OpenCL,GEMM_Adam_CPU,compute,GPU,10,25723027456,Adam,0.001,0.9,0.999,1e-08,6.87565,8,0.048512
2026-03-16-15-56-27,Quadro RTX 5000,OpenCL,GEMM_Adam_CPU,data_transfer,GPU,10,25723027456,Adam,0.001,0.9,0.999,1e-08,169.84,9,0.0408949
2026-03-16-15-56-27,Quadro RTX 5000,OpenCL,GEMM_Adam_CPU,compute,GPU,10,25723027456,Adam,0.001,0.9,0.999,1e-08,6.8655,9,0.0408949
2026-03-16-15-56-38,Quadro RTX 5000,OpenCL,GEMM_Adam_CPU,data_transfer,GPU,10,25723027456,Adam,0.001,0.9,0.999,1e-08,169.194,10,0.0340643
2026-03-16-15-56-38,Quadro RTX 5000,OpenCL,GEMM_Adam_CPU,compute,GPU,10,25723027456,Adam,0.001,0.9,0.999,1e-08,6.88403,10,0.0340643
