timestamp,device,framework,workload_name,workload_type,device.1,batch_size,input_size,optimizer,learning_rate,beta1,beta2,epsilon,time_ms,batch_index,loss
2026-02-02-11-13-36,,,GEMM_Adam_CPU,compute,CPU,10,1048723456,Adam,1,0.9,999,0.00000001,113,1,0
2026-02-02-11-13-41,,,GEMM_Adam_CPU,compute,CPU,10,1048723456,Adam,1,0.9,999,0.00000001,83,2,0.0224746
2026-02-02-11-13-45,,,GEMM_Adam_CPU,compute,CPU,10,1048723456,Adam,1,0.9,999,0.00000001,81,3,0.0212222
2026-02-02-11-13-50,,,GEMM_Adam_CPU,compute,CPU,10,1048723456,Adam,1,0.9,999,0.00000001,83,4,0.0200131
2026-02-02-11-13-55,,,GEMM_Adam_CPU,compute,CPU,10,1048723456,Adam,1,0.9,999,0.00000001,83,5,0.0188475
2026-02-02-11-13-59,,,GEMM_Adam_CPU,compute,CPU,10,1048723456,Adam,1,0.9,999,0.00000001,82,6,0.0177258
2026-02-02-11-14-04,,,GEMM_Adam_CPU,compute,CPU,10,1048723456,Adam,1,0.9,999,0.00000001,83,7,0.0166481
2026-02-02-11-14-09,,,GEMM_Adam_CPU,compute,CPU,10,1048723456,Adam,1,0.9,999,0.00000001,82,8,0.0156143
2026-02-02-11-14-14,,,GEMM_Adam_CPU,compute,CPU,10,1048723456,Adam,1,0.9,999,0.00000001,83,9,0.0146243
2026-02-02-11-14-18,,,GEMM_Adam_CPU,compute,CPU,10,1048723456,Adam,1,0.9,999,0.00000001,84,10,0.0136779
2026-02-02-11-14-26,NVIDIA GeForce GTX 970,OpenCL,GEMM_Adam_cl,data_transfer,GPU,10,1048723456,Adam,1,0.9,999,0.00000001,4.5823,1,0
2026-02-02-11-14-26,NVIDIA GeForce GTX 970,OpenCL,GEMM_Adam_cl,compute,GPU,10,1048723456,Adam,1,0.9,999,0.00000001,0.769792,1,0
2026-02-02-11-14-30,NVIDIA GeForce GTX 970,OpenCL,GEMM_Adam_cl,data_transfer,GPU,10,1048723456,Adam,1,0.9,999,0.00000001,4.56765,2,0.0224746
2026-02-02-11-14-30,NVIDIA GeForce GTX 970,OpenCL,GEMM_Adam_cl,compute,GPU,10,1048723456,Adam,1,0.9,999,0.00000001,0.768448,2,0.0224746
2026-02-02-11-14-35,NVIDIA GeForce GTX 970,OpenCL,GEMM_Adam_cl,data_transfer,GPU,10,1048723456,Adam,1,0.9,999,0.00000001,4.44438,3,0.0212222
2026-02-02-11-14-35,NVIDIA GeForce GTX 970,OpenCL,GEMM_Adam_cl,compute,GPU,10,1048723456,Adam,1,0.9,999,0.00000001,0.770816,3,0.0212222
2026-02-02-11-14-40,NVIDIA GeForce GTX 970,OpenCL,GEMM_Adam_cl,data_transfer,GPU,10,1048723456,Adam,1,0.9,999,0.00000001,4.45555,4,0.0200131
2026-02-02-11-14-40,NVIDIA GeForce GTX 970,OpenCL,GEMM_Adam_cl,compute,GPU,10,1048723456,Adam,1,0.9,999,0.00000001,0.784576,4,0.0200131
2026-02-02-11-14-44,NVIDIA GeForce GTX 970,OpenCL,GEMM_Adam_cl,data_transfer,GPU,10,1048723456,Adam,1,0.9,999,0.00000001,4.51917,5,0.0188475
2026-02-02-11-14-44,NVIDIA GeForce GTX 970,OpenCL,GEMM_Adam_cl,compute,GPU,10,1048723456,Adam,1,0.9,999,0.00000001,0.776224,5,0.0188475
2026-02-02-11-14-49,NVIDIA GeForce GTX 970,OpenCL,GEMM_Adam_cl,data_transfer,GPU,10,1048723456,Adam,1,0.9,999,0.00000001,4.93456,6,0.0177258
2026-02-02-11-14-49,NVIDIA GeForce GTX 970,OpenCL,GEMM_Adam_cl,compute,GPU,10,1048723456,Adam,1,0.9,999,0.00000001,0.776768,6,0.0177258
2026-02-02-11-14-54,NVIDIA GeForce GTX 970,OpenCL,GEMM_Adam_cl,data_transfer,GPU,10,1048723456,Adam,1,0.9,999,0.00000001,4.52214,7,0.0166481
2026-02-02-11-14-54,NVIDIA GeForce GTX 970,OpenCL,GEMM_Adam_cl,compute,GPU,10,1048723456,Adam,1,0.9,999,0.00000001,0.77136,7,0.0166481
2026-02-02-11-14-58,NVIDIA GeForce GTX 970,OpenCL,GEMM_Adam_cl,data_transfer,GPU,10,1048723456,Adam,1,0.9,999,0.00000001,4.46774,8,0.0156143
2026-02-02-11-14-58,NVIDIA GeForce GTX 970,OpenCL,GEMM_Adam_cl,compute,GPU,10,1048723456,Adam,1,0.9,999,0.00000001,0.770304,8,0.0156143
2026-02-02-11-15-03,NVIDIA GeForce GTX 970,OpenCL,GEMM_Adam_cl,data_transfer,GPU,10,1048723456,Adam,1,0.9,999,0.00000001,4.46118,9,0.0146243
2026-02-02-11-15-03,NVIDIA GeForce GTX 970,OpenCL,GEMM_Adam_cl,compute,GPU,10,1048723456,Adam,1,0.9,999,0.00000001,0.780224,9,0.0146243
2026-02-02-11-15-08,NVIDIA GeForce GTX 970,OpenCL,GEMM_Adam_cl,data_transfer,GPU,10,1048723456,Adam,1,0.9,999,0.00000001,4.23453,10,0.0136779
2026-02-02-11-15-08,NVIDIA GeForce GTX 970,OpenCL,GEMM_Adam_cl,compute,GPU,10,1048723456,Adam,1,0.9,999,0.00000001,0.771872,10,0.0136779
2026-02-02-21-47-39,NVIDIA GeForce GTX 970,CUDA,GEMM_Adam_CUDA,data_transfer,GPU,10,1048723456,Adam,1,0.9,999,0.00000001,5.08221,1,0
2026-02-02-21-47-39,NVIDIA GeForce GTX 970,CUDA,GEMM_Adam_CUDA,compute,GPU,10,1048723456,Adam,1,0.9,999,0.00000001,2.99872,1,0
2026-02-02-21-47-44,NVIDIA GeForce GTX 970,CUDA,GEMM_Adam_CUDA,data_transfer,GPU,10,1048723456,Adam,1,0.9,999,0.00000001,4.06026,2,0.0224746
2026-02-02-21-47-44,NVIDIA GeForce GTX 970,CUDA,GEMM_Adam_CUDA,compute,GPU,10,1048723456,Adam,1,0.9,999,0.00000001,2.38272,2,0.0224746
2026-02-02-21-47-48,NVIDIA GeForce GTX 970,CUDA,GEMM_Adam_CUDA,data_transfer,GPU,10,1048723456,Adam,1,0.9,999,0.00000001,3.9943,3,0.0212222
2026-02-02-21-47-48,NVIDIA GeForce GTX 970,CUDA,GEMM_Adam_CUDA,compute,GPU,10,1048723456,Adam,1,0.9,999,0.00000001,2.36253,3,0.0212222
2026-02-02-21-47-53,NVIDIA GeForce GTX 970,CUDA,GEMM_Adam_CUDA,data_transfer,GPU,10,1048723456,Adam,1,0.9,999,0.00000001,4.08038,4,0.0200131
2026-02-02-21-47-53,NVIDIA GeForce GTX 970,CUDA,GEMM_Adam_CUDA,compute,GPU,10,1048723456,Adam,1,0.9,999,0.00000001,2.36515,4,0.0200131
2026-02-02-21-47-58,NVIDIA GeForce GTX 970,CUDA,GEMM_Adam_CUDA,data_transfer,GPU,10,1048723456,Adam,1,0.9,999,0.00000001,4.05229,5,0.0188475
2026-02-02-21-47-58,NVIDIA GeForce GTX 970,CUDA,GEMM_Adam_CUDA,compute,GPU,10,1048723456,Adam,1,0.9,999,0.00000001,2.36154,5,0.0188475
2026-02-02-21-48-02,NVIDIA GeForce GTX 970,CUDA,GEMM_Adam_CUDA,data_transfer,GPU,10,1048723456,Adam,1,0.9,999,0.00000001,4.00355,6,0.0177258
2026-02-02-21-48-02,NVIDIA GeForce GTX 970,CUDA,GEMM_Adam_CUDA,compute,GPU,10,1048723456,Adam,1,0.9,999,0.00000001,2.36259,6,0.0177258
2026-02-02-21-48-07,NVIDIA GeForce GTX 970,CUDA,GEMM_Adam_CUDA,data_transfer,GPU,10,1048723456,Adam,1,0.9,999,0.00000001,4.02253,7,0.0166481
2026-02-02-21-48-07,NVIDIA GeForce GTX 970,CUDA,GEMM_Adam_CUDA,compute,GPU,10,1048723456,Adam,1,0.9,999,0.00000001,2.3647,7,0.0166481
2026-02-02-21-48-11,NVIDIA GeForce GTX 970,CUDA,GEMM_Adam_CUDA,data_transfer,GPU,10,1048723456,Adam,1,0.9,999,0.00000001,4.00237,8,0.0156143
2026-02-02-21-48-11,NVIDIA GeForce GTX 970,CUDA,GEMM_Adam_CUDA,compute,GPU,10,1048723456,Adam,1,0.9,999,0.00000001,2.36189,8,0.0156143
2026-02-02-21-48-16,NVIDIA GeForce GTX 970,CUDA,GEMM_Adam_CUDA,data_transfer,GPU,10,1048723456,Adam,1,0.9,999,0.00000001,3.93811,9,0.0146243
2026-02-02-21-48-16,NVIDIA GeForce GTX 970,CUDA,GEMM_Adam_CUDA,compute,GPU,10,1048723456,Adam,1,0.9,999,0.00000001,2.36208,9,0.0146243
2026-02-02-21-48-21,NVIDIA GeForce GTX 970,CUDA,GEMM_Adam_CUDA,data_transfer,GPU,10,1048723456,Adam,1,0.9,999,0.00000001,3.97002,10,0.0136779
2026-02-02-21-48-21,NVIDIA GeForce GTX 970,CUDA,GEMM_Adam_CUDA,compute,GPU,10,1048723456,Adam,1,0.9,999,0.00000001,2.3631,10,0.0136779
2026-02-04-21-34-44,NVIDIA GeForce GTX 970,CUDA,GEMM_Adam_CUDA,data_transfer,GPU,10,1048723456,Adam,1,0.9,999,0.00000001,3.89946,1,0
2026-02-04-21-34-44,NVIDIA GeForce GTX 970,CUDA,GEMM_Adam_CUDA,compute,GPU,10,1048723456,Adam,1,0.9,999,0.00000001,2.42288,1,0
2026-02-04-21-34-49,NVIDIA GeForce GTX 970,CUDA,GEMM_Adam_CUDA,data_transfer,GPU,10,1048723456,Adam,1,0.9,999,0.00000001,4.38726,2,0.0224746
2026-02-04-21-34-49,NVIDIA GeForce GTX 970,CUDA,GEMM_Adam_CUDA,compute,GPU,10,1048723456,Adam,1,0.9,999,0.00000001,2.36976,2,0.0224746
2026-02-04-21-34-53,NVIDIA GeForce GTX 970,CUDA,GEMM_Adam_CUDA,data_transfer,GPU,10,1048723456,Adam,1,0.9,999,0.00000001,4.38429,3,0.0212222
2026-02-04-21-34-53,NVIDIA GeForce GTX 970,CUDA,GEMM_Adam_CUDA,compute,GPU,10,1048723456,Adam,1,0.9,999,0.00000001,2.384,3,0.0212222
2026-02-04-21-34-58,NVIDIA GeForce GTX 970,CUDA,GEMM_Adam_CUDA,data_transfer,GPU,10,1048723456,Adam,1,0.9,999,0.00000001,4.0936,4,0.0200131
2026-02-04-21-34-58,NVIDIA GeForce GTX 970,CUDA,GEMM_Adam_CUDA,compute,GPU,10,1048723456,Adam,1,0.9,999,0.00000001,2.37286,4,0.0200131
2026-02-04-21-35-02,NVIDIA GeForce GTX 970,CUDA,GEMM_Adam_CUDA,data_transfer,GPU,10,1048723456,Adam,1,0.9,999,0.00000001,3.96211,5,0.0188475
2026-02-04-21-35-02,NVIDIA GeForce GTX 970,CUDA,GEMM_Adam_CUDA,compute,GPU,10,1048723456,Adam,1,0.9,999,0.00000001,2.36886,5,0.0188475
2026-02-04-21-35-07,NVIDIA GeForce GTX 970,CUDA,GEMM_Adam_CUDA,data_transfer,GPU,10,1048723456,Adam,1,0.9,999,0.00000001,3.992,6,0.0177258
2026-02-04-21-35-07,NVIDIA GeForce GTX 970,CUDA,GEMM_Adam_CUDA,compute,GPU,10,1048723456,Adam,1,0.9,999,0.00000001,2.36301,6,0.0177258
2026-02-04-21-35-11,NVIDIA GeForce GTX 970,CUDA,GEMM_Adam_CUDA,data_transfer,GPU,10,1048723456,Adam,1,0.9,999,0.00000001,3.97987,7,0.0166481
2026-02-04-21-35-11,NVIDIA GeForce GTX 970,CUDA,GEMM_Adam_CUDA,compute,GPU,10,1048723456,Adam,1,0.9,999,0.00000001,2.36867,7,0.0166481
2026-02-04-21-35-16,NVIDIA GeForce GTX 970,CUDA,GEMM_Adam_CUDA,data_transfer,GPU,10,1048723456,Adam,1,0.9,999,0.00000001,3.87306,8,0.0156143
2026-02-04-21-35-16,NVIDIA GeForce GTX 970,CUDA,GEMM_Adam_CUDA,compute,GPU,10,1048723456,Adam,1,0.9,999,0.00000001,2.3727,8,0.0156143
2026-02-04-21-35-20,NVIDIA GeForce GTX 970,CUDA,GEMM_Adam_CUDA,data_transfer,GPU,10,1048723456,Adam,1,0.9,999,0.00000001,3.92003,9,0.0146243
2026-02-04-21-35-20,NVIDIA GeForce GTX 970,CUDA,GEMM_Adam_CUDA,compute,GPU,10,1048723456,Adam,1,0.9,999,0.00000001,2.3729,9,0.0146243
2026-02-04-21-35-25,NVIDIA GeForce GTX 970,CUDA,GEMM_Adam_CUDA,data_transfer,GPU,10,1048723456,Adam,1,0.9,999,0.00000001,3.89754,10,0.0136779
2026-02-04-21-35-25,NVIDIA GeForce GTX 970,CUDA,GEMM_Adam_CUDA,compute,GPU,10,1048723456,Adam,1,0.9,999,0.00000001,2.36688,10,0.0136779
2026-02-04-21-35-46,NVIDIA GeForce GTX 970,CUDA,GEMM_Adam_CUDA,data_transfer,GPU,10,1048723456,Adam,1,0.9,999,0.00000001,3.83741,1,0
2026-02-04-21-35-46,NVIDIA GeForce GTX 970,CUDA,GEMM_Adam_CUDA,compute,GPU,10,1048723456,Adam,1,0.9,999,0.00000001,2.4241,1,0
2026-02-04-21-35-51,NVIDIA GeForce GTX 970,CUDA,GEMM_Adam_CUDA,data_transfer,GPU,10,1048723456,Adam,1,0.9,999,0.00000001,3.90429,2,0.0224746
2026-02-04-21-35-51,NVIDIA GeForce GTX 970,CUDA,GEMM_Adam_CUDA,compute,GPU,10,1048723456,Adam,1,0.9,999,0.00000001,2.37456,2,0.0224746
2026-02-04-21-35-55,NVIDIA GeForce GTX 970,CUDA,GEMM_Adam_CUDA,data_transfer,GPU,10,1048723456,Adam,1,0.9,999,0.00000001,3.95645,3,0.0212222
2026-02-04-21-35-55,NVIDIA GeForce GTX 970,CUDA,GEMM_Adam_CUDA,compute,GPU,10,1048723456,Adam,1,0.9,999,0.00000001,2.37354,3,0.0212222
2026-02-04-21-36-00,NVIDIA GeForce GTX 970,CUDA,GEMM_Adam_CUDA,data_transfer,GPU,10,1048723456,Adam,1,0.9,999,0.00000001,4.76758,4,0.0200131
2026-02-04-21-36-00,NVIDIA GeForce GTX 970,CUDA,GEMM_Adam_CUDA,compute,GPU,10,1048723456,Adam,1,0.9,999,0.00000001,4.34253,4,0.0200131
2026-02-04-21-36-04,NVIDIA GeForce GTX 970,CUDA,GEMM_Adam_CUDA,data_transfer,GPU,10,1048723456,Adam,1,0.9,999,0.00000001,4,5,0.0188475
2026-02-04-21-36-04,NVIDIA GeForce GTX 970,CUDA,GEMM_Adam_CUDA,compute,GPU,10,1048723456,Adam,1,0.9,999,0.00000001,2.37142,5,0.0188475
2026-02-04-21-36-09,NVIDIA GeForce GTX 970,CUDA,GEMM_Adam_CUDA,data_transfer,GPU,10,1048723456,Adam,1,0.9,999,0.00000001,3.96515,6,0.0177258
2026-02-04-21-36-09,NVIDIA GeForce GTX 970,CUDA,GEMM_Adam_CUDA,compute,GPU,10,1048723456,Adam,1,0.9,999,0.00000001,2.37046,6,0.0177258
2026-02-04-21-36-13,NVIDIA GeForce GTX 970,CUDA,GEMM_Adam_CUDA,data_transfer,GPU,10,1048723456,Adam,1,0.9,999,0.00000001,3.93616,7,0.0166481
2026-02-04-21-36-13,NVIDIA GeForce GTX 970,CUDA,GEMM_Adam_CUDA,compute,GPU,10,1048723456,Adam,1,0.9,999,0.00000001,2.36723,7,0.0166481
2026-02-04-21-36-18,NVIDIA GeForce GTX 970,CUDA,GEMM_Adam_CUDA,data_transfer,GPU,10,1048723456,Adam,1,0.9,999,0.00000001,3.97398,8,0.0156143
2026-02-04-21-36-18,NVIDIA GeForce GTX 970,CUDA,GEMM_Adam_CUDA,compute,GPU,10,1048723456,Adam,1,0.9,999,0.00000001,2.37008,8,0.0156143
2026-02-04-21-36-23,NVIDIA GeForce GTX 970,CUDA,GEMM_Adam_CUDA,data_transfer,GPU,10,1048723456,Adam,1,0.9,999,0.00000001,4.04486,9,0.0146243
2026-02-04-21-36-23,NVIDIA GeForce GTX 970,CUDA,GEMM_Adam_CUDA,compute,GPU,10,1048723456,Adam,1,0.9,999,0.00000001,2.37178,9,0.0146243
2026-02-04-21-36-27,NVIDIA GeForce GTX 970,CUDA,GEMM_Adam_CUDA,data_transfer,GPU,10,1048723456,Adam,1,0.9,999,0.00000001,3.87504,10,0.0136779
2026-02-04-21-36-27,NVIDIA GeForce GTX 970,CUDA,GEMM_Adam_CUDA,compute,GPU,10,1048723456,Adam,1,0.9,999,0.00000001,2.37309,10,0.0136779
2026-02-04-21-45-19,,,GEMM_Adam_CPU,compute,CPU,10,1048723456,Adam,1,0.9,999,0.00000001,110,1,0
2026-02-04-21-45-23,,,GEMM_Adam_CPU,compute,CPU,10,1048723456,Adam,1,0.9,999,0.00000001,87,2,0.0224746
2026-02-04-21-45-28,,,GEMM_Adam_CPU,compute,CPU,10,1048723456,Adam,1,0.9,999,0.00000001,86,3,0.0212222
2026-02-04-21-45-33,,,GEMM_Adam_CPU,compute,CPU,10,1048723456,Adam,1,0.9,999,0.00000001,83,4,0.0200131
2026-02-04-21-45-38,,,GEMM_Adam_CPU,compute,CPU,10,1048723456,Adam,1,0.9,999,0.00000001,82,5,0.0188475
2026-02-04-21-45-42,,,GEMM_Adam_CPU,compute,CPU,10,1048723456,Adam,1,0.9,999,0.00000001,85,6,0.0177258
2026-02-04-21-45-47,,,GEMM_Adam_CPU,compute,CPU,10,1048723456,Adam,1,0.9,999,0.00000001,84,7,0.0166481
2026-02-04-21-45-52,,,GEMM_Adam_CPU,compute,CPU,10,1048723456,Adam,1,0.9,999,0.00000001,82,8,0.0156143
2026-02-04-21-45-57,,,GEMM_Adam_CPU,compute,CPU,10,1048723456,Adam,1,0.9,999,0.00000001,83,9,0.0146243
2026-02-04-21-46-01,,,GEMM_Adam_CPU,compute,CPU,10,1048723456,Adam,1,0.9,999,0.00000001,82,10,0.0136779
2026-02-04-21-56-33,NVIDIA GeForce GTX 970,OpenCL,GEMM_Adam_cl,data_transfer,GPU,10,1048723456,Adam,1,0.9,999,0.00000001,4.25066,1,0
2026-02-04-21-56-33,NVIDIA GeForce GTX 970,OpenCL,GEMM_Adam_cl,compute,GPU,10,1048723456,Adam,1,0.9,999,0.00000001,0.781408,1,0
2026-02-04-21-56-38,NVIDIA GeForce GTX 970,OpenCL,GEMM_Adam_cl,data_transfer,GPU,10,1048723456,Adam,1,0.9,999,0.00000001,7.0433,2,0.0224746
2026-02-04-21-56-38,NVIDIA GeForce GTX 970,OpenCL,GEMM_Adam_cl,compute,GPU,10,1048723456,Adam,1,0.9,999,0.00000001,0.777504,2,0.0224746
2026-02-04-21-56-42,NVIDIA GeForce GTX 970,OpenCL,GEMM_Adam_cl,data_transfer,GPU,10,1048723456,Adam,1,0.9,999,0.00000001,4.11533,3,0.0212222
2026-02-04-21-56-42,NVIDIA GeForce GTX 970,OpenCL,GEMM_Adam_cl,compute,GPU,10,1048723456,Adam,1,0.9,999,0.00000001,0.78032,3,0.0212222
2026-02-04-21-56-47,NVIDIA GeForce GTX 970,OpenCL,GEMM_Adam_cl,data_transfer,GPU,10,1048723456,Adam,1,0.9,999,0.00000001,4.19872,4,0.0200131
2026-02-04-21-56-47,NVIDIA GeForce GTX 970,OpenCL,GEMM_Adam_cl,compute,GPU,10,1048723456,Adam,1,0.9,999,0.00000001,0.767968,4,0.0200131
2026-02-04-21-56-52,NVIDIA GeForce GTX 970,OpenCL,GEMM_Adam_cl,data_transfer,GPU,10,1048723456,Adam,1,0.9,999,0.00000001,4.21715,5,0.0188475
2026-02-04-21-56-52,NVIDIA GeForce GTX 970,OpenCL,GEMM_Adam_cl,compute,GPU,10,1048723456,Adam,1,0.9,999,0.00000001,0.770976,5,0.0188475
2026-02-04-21-56-56,NVIDIA GeForce GTX 970,OpenCL,GEMM_Adam_cl,data_transfer,GPU,10,1048723456,Adam,1,0.9,999,0.00000001,4.18621,6,0.0177258
2026-02-04-21-56-56,NVIDIA GeForce GTX 970,OpenCL,GEMM_Adam_cl,compute,GPU,10,1048723456,Adam,1,0.9,999,0.00000001,0.786528,6,0.0177258
2026-02-04-21-57-01,NVIDIA GeForce GTX 970,OpenCL,GEMM_Adam_cl,data_transfer,GPU,10,1048723456,Adam,1,0.9,999,0.00000001,4.19347,7,0.0166481
2026-02-04-21-57-01,NVIDIA GeForce GTX 970,OpenCL,GEMM_Adam_cl,compute,GPU,10,1048723456,Adam,1,0.9,999,0.00000001,0.77424,7,0.0166481
2026-02-04-21-57-05,NVIDIA GeForce GTX 970,OpenCL,GEMM_Adam_cl,data_transfer,GPU,10,1048723456,Adam,1,0.9,999,0.00000001,4.36016,8,0.0156143
2026-02-04-21-57-05,NVIDIA GeForce GTX 970,OpenCL,GEMM_Adam_cl,compute,GPU,10,1048723456,Adam,1,0.9,999,0.00000001,0.781664,8,0.0156143
2026-02-04-21-57-10,NVIDIA GeForce GTX 970,OpenCL,GEMM_Adam_cl,data_transfer,GPU,10,1048723456,Adam,1,0.9,999,0.00000001,4.20381,9,0.0146243
2026-02-04-21-57-10,NVIDIA GeForce GTX 970,OpenCL,GEMM_Adam_cl,compute,GPU,10,1048723456,Adam,1,0.9,999,0.00000001,0.791712,9,0.0146243
2026-02-04-21-57-15,NVIDIA GeForce GTX 970,OpenCL,GEMM_Adam_cl,data_transfer,GPU,10,1048723456,Adam,1,0.9,999,0.00000001,4.20861,10,0.0136779
2026-02-04-21-57-15,NVIDIA GeForce GTX 970,OpenCL,GEMM_Adam_cl,compute,GPU,10,1048723456,Adam,1,0.9,999,0.00000001,0.778464,10,0.0136779
2026-02-04-21-57-56,NVIDIA GeForce GTX 970,OpenCL,GEMM_Adam_cl,data_transfer,GPU,10,1048723456,Adam,1,0.9,999,0.00000001,4.26902,1,0
2026-02-04-21-57-56,NVIDIA GeForce GTX 970,OpenCL,GEMM_Adam_cl,compute,GPU,10,1048723456,Adam,1,0.9,999,0.00000001,0.787104,1,0
2026-02-04-21-58-00,NVIDIA GeForce GTX 970,OpenCL,GEMM_Adam_cl,data_transfer,GPU,10,1048723456,Adam,1,0.9,999,0.00000001,4.43472,2,0.0224746
2026-02-04-21-58-00,NVIDIA GeForce GTX 970,OpenCL,GEMM_Adam_cl,compute,GPU,10,1048723456,Adam,1,0.9,999,0.00000001,0.777248,2,0.0224746
2026-02-04-21-58-05,NVIDIA GeForce GTX 970,OpenCL,GEMM_Adam_cl,data_transfer,GPU,10,1048723456,Adam,1,0.9,999,0.00000001,4.62467,3,0.0212222
2026-02-04-21-58-05,NVIDIA GeForce GTX 970,OpenCL,GEMM_Adam_cl,compute,GPU,10,1048723456,Adam,1,0.9,999,0.00000001,0.769056,3,0.0212222
2026-02-04-21-58-10,NVIDIA GeForce GTX 970,OpenCL,GEMM_Adam_cl,data_transfer,GPU,10,1048723456,Adam,1,0.9,999,0.00000001,4.7448,4,0.0200131
2026-02-04-21-58-10,NVIDIA GeForce GTX 970,OpenCL,GEMM_Adam_cl,compute,GPU,10,1048723456,Adam,1,0.9,999,0.00000001,0.77008,4,0.0200131
2026-02-04-21-58-15,NVIDIA GeForce GTX 970,OpenCL,GEMM_Adam_cl,data_transfer,GPU,10,1048723456,Adam,1,0.9,999,0.00000001,4.28003,5,0.0188475
2026-02-04-21-58-15,NVIDIA GeForce GTX 970,OpenCL,GEMM_Adam_cl,compute,GPU,10,1048723456,Adam,1,0.9,999,0.00000001,0.7776,5,0.0188475
2026-02-04-21-58-20,NVIDIA GeForce GTX 970,OpenCL,GEMM_Adam_cl,data_transfer,GPU,10,1048723456,Adam,1,0.9,999,0.00000001,4.55091,6,0.0177258
2026-02-04-21-58-20,NVIDIA GeForce GTX 970,OpenCL,GEMM_Adam_cl,compute,GPU,10,1048723456,Adam,1,0.9,999,0.00000001,0.76816,6,0.0177258
2026-02-04-21-58-24,NVIDIA GeForce GTX 970,OpenCL,GEMM_Adam_cl,data_transfer,GPU,10,1048723456,Adam,1,0.9,999,0.00000001,4.26054,7,0.0166481
2026-02-04-21-58-24,NVIDIA GeForce GTX 970,OpenCL,GEMM_Adam_cl,compute,GPU,10,1048723456,Adam,1,0.9,999,0.00000001,0.795136,7,0.0166481
2026-02-04-21-58-29,NVIDIA GeForce GTX 970,OpenCL,GEMM_Adam_cl,data_transfer,GPU,10,1048723456,Adam,1,0.9,999,0.00000001,4.23392,8,0.0156143
2026-02-04-21-58-29,NVIDIA GeForce GTX 970,OpenCL,GEMM_Adam_cl,compute,GPU,10,1048723456,Adam,1,0.9,999,0.00000001,0.783264,8,0.0156143
2026-02-04-21-58-34,NVIDIA GeForce GTX 970,OpenCL,GEMM_Adam_cl,data_transfer,GPU,10,1048723456,Adam,1,0.9,999,0.00000001,4.2433,9,0.0146243
2026-02-04-21-58-34,NVIDIA GeForce GTX 970,OpenCL,GEMM_Adam_cl,compute,GPU,10,1048723456,Adam,1,0.9,999,0.00000001,0.77728,9,0.0146243
2026-02-04-21-58-39,NVIDIA GeForce GTX 970,OpenCL,GEMM_Adam_cl,data_transfer,GPU,10,1048723456,Adam,1,0.9,999,0.00000001,4.34106,10,0.0136779
2026-02-04-21-58-39,NVIDIA GeForce GTX 970,OpenCL,GEMM_Adam_cl,compute,GPU,10,1048723456,Adam,1,0.9,999,0.00000001,0.786848,10,0.0136779
2026-02-04-21-59-21,NVIDIA GeForce GTX 970,OpenCL,GEMM_Adam_cl,data_transfer,GPU,10,1048723456,Adam,1,0.9,999,0.00000001,4.2096,1,0
2026-02-04-21-59-21,NVIDIA GeForce GTX 970,OpenCL,GEMM_Adam_cl,compute,GPU,10,1048723456,Adam,1,0.9,999,0.00000001,0.78048,1,0
2026-02-04-21-59-25,NVIDIA GeForce GTX 970,OpenCL,GEMM_Adam_cl,data_transfer,GPU,10,1048723456,Adam,1,0.9,999,0.00000001,4.47786,2,0.0224746
2026-02-04-21-59-25,NVIDIA GeForce GTX 970,OpenCL,GEMM_Adam_cl,compute,GPU,10,1048723456,Adam,1,0.9,999,0.00000001,0.773472,2,0.0224746
2026-02-04-21-59-30,NVIDIA GeForce GTX 970,OpenCL,GEMM_Adam_cl,data_transfer,GPU,10,1048723456,Adam,1,0.9,999,0.00000001,4.1543,3,0.0212222
2026-02-04-21-59-30,NVIDIA GeForce GTX 970,OpenCL,GEMM_Adam_cl,compute,GPU,10,1048723456,Adam,1,0.9,999,0.00000001,0.778272,3,0.0212222
2026-02-04-21-59-35,NVIDIA GeForce GTX 970,OpenCL,GEMM_Adam_cl,data_transfer,GPU,10,1048723456,Adam,1,0.9,999,0.00000001,4.33398,4,0.0200131
2026-02-04-21-59-35,NVIDIA GeForce GTX 970,OpenCL,GEMM_Adam_cl,compute,GPU,10,1048723456,Adam,1,0.9,999,0.00000001,0.790272,4,0.0200131
2026-02-04-21-59-40,NVIDIA GeForce GTX 970,OpenCL,GEMM_Adam_cl,data_transfer,GPU,10,1048723456,Adam,1,0.9,999,0.00000001,4.23734,5,0.0188475
2026-02-04-21-59-40,NVIDIA GeForce GTX 970,OpenCL,GEMM_Adam_cl,compute,GPU,10,1048723456,Adam,1,0.9,999,0.00000001,0.781568,5,0.0188475
2026-02-04-21-59-44,NVIDIA GeForce GTX 970,OpenCL,GEMM_Adam_cl,data_transfer,GPU,10,1048723456,Adam,1,0.9,999,0.00000001,4.41472,6,0.0177258
2026-02-04-21-59-44,NVIDIA GeForce GTX 970,OpenCL,GEMM_Adam_cl,compute,GPU,10,1048723456,Adam,1,0.9,999,0.00000001,0.772736,6,0.0177258
2026-02-04-21-59-49,NVIDIA GeForce GTX 970,OpenCL,GEMM_Adam_cl,data_transfer,GPU,10,1048723456,Adam,1,0.9,999,0.00000001,4.35677,7,0.0166481
2026-02-04-21-59-49,NVIDIA GeForce GTX 970,OpenCL,GEMM_Adam_cl,compute,GPU,10,1048723456,Adam,1,0.9,999,0.00000001,0.78064,7,0.0166481
2026-02-04-21-59-54,NVIDIA GeForce GTX 970,OpenCL,GEMM_Adam_cl,data_transfer,GPU,10,1048723456,Adam,1,0.9,999,0.00000001,4.3897,8,0.0156143
2026-02-04-21-59-54,NVIDIA GeForce GTX 970,OpenCL,GEMM_Adam_cl,compute,GPU,10,1048723456,Adam,1,0.9,999,0.00000001,0.775136,8,0.0156143
2026-02-04-21-59-59,NVIDIA GeForce GTX 970,OpenCL,GEMM_Adam_cl,data_transfer,GPU,10,1048723456,Adam,1,0.9,999,0.00000001,4.60128,9,0.0146243
2026-02-04-21-59-59,NVIDIA GeForce GTX 970,OpenCL,GEMM_Adam_cl,compute,GPU,10,1048723456,Adam,1,0.9,999,0.00000001,0.776256,9,0.0146243
2026-02-04-22-00-03,NVIDIA GeForce GTX 970,OpenCL,GEMM_Adam_cl,data_transfer,GPU,10,1048723456,Adam,1,0.9,999,0.00000001,4.15322,10,0.0136779
2026-02-04-22-00-03,NVIDIA GeForce GTX 970,OpenCL,GEMM_Adam_cl,compute,GPU,10,1048723456,Adam,1,0.9,999,0.00000001,0.776608,10,0.0136779
2026-02-19-16-36-29,,,GEMM_Adam_CPU,compute,CPU,10,1048723456,Adam,1,0.9,999,0.00000001,21,1,0
2026-02-19-16-36-29,,,GEMM_Adam_CPU,compute,CPU,10,1048723456,Adam,1,0.9,999,0.00000001,17,2,0.0224746
2026-02-19-16-36-29,,,GEMM_Adam_CPU,compute,CPU,10,1048723456,Adam,1,0.9,999,0.00000001,17,3,0.0212222
2026-02-19-16-36-29,,,GEMM_Adam_CPU,compute,CPU,10,1048723456,Adam,1,0.9,999,0.00000001,17,4,0.0200131
2026-02-19-16-36-29,,,GEMM_Adam_CPU,compute,CPU,10,1048723456,Adam,1,0.9,999,0.00000001,17,5,0.0188475
2026-02-19-16-36-30,,,GEMM_Adam_CPU,compute,CPU,10,1048723456,Adam,1,0.9,999,0.00000001,17,6,0.0177258
2026-02-19-16-36-30,,,GEMM_Adam_CPU,compute,CPU,10,1048723456,Adam,1,0.9,999,0.00000001,17,7,0.0166481
2026-02-19-16-36-30,,,GEMM_Adam_CPU,compute,CPU,10,1048723456,Adam,1,0.9,999,0.00000001,17,8,0.0156143
2026-02-19-16-36-30,,,GEMM_Adam_CPU,compute,CPU,10,1048723456,Adam,1,0.9,999,0.00000001,17,9,0.0146243
2026-02-19-16-36-31,,,GEMM_Adam_CPU,compute,CPU,10,1048723456,Adam,1,0.9,999,0.00000001,17,10,0.0136779
2026-02-19-16-36-32,NVIDIA A100-SXM4-80GB,OpenCL,GEMM_Adam_CPU,data_transfer,GPU,10,1048723456,Adam,1,0.9,999,0.00000001,2.42461,1,0
2026-02-19-16-36-32,NVIDIA A100-SXM4-80GB,OpenCL,GEMM_Adam_CPU,compute,GPU,10,1048723456,Adam,1,0.9,999,0.00000001,0.08192,1,0
2026-02-19-16-36-32,NVIDIA A100-SXM4-80GB,OpenCL,GEMM_Adam_CPU,data_transfer,GPU,10,1048723456,Adam,1,0.9,999,0.00000001,1.92077,2,0.0224746
2026-02-19-16-36-32,NVIDIA A100-SXM4-80GB,OpenCL,GEMM_Adam_CPU,compute,GPU,10,1048723456,Adam,1,0.9,999,0.00000001,0.086016,2,0.0224746
2026-02-19-16-36-32,NVIDIA A100-SXM4-80GB,OpenCL,GEMM_Adam_CPU,data_transfer,GPU,10,1048723456,Adam,1,0.9,999,0.00000001,2.02502,3,0.0212222
2026-02-19-16-36-32,NVIDIA A100-SXM4-80GB,OpenCL,GEMM_Adam_CPU,compute,GPU,10,1048723456,Adam,1,0.9,999,0.00000001,0.084992,3,0.0212222
2026-02-19-16-36-32,NVIDIA A100-SXM4-80GB,OpenCL,GEMM_Adam_CPU,data_transfer,GPU,10,1048723456,Adam,1,0.9,999,0.00000001,2.37987,4,0.0200131
2026-02-19-16-36-32,NVIDIA A100-SXM4-80GB,OpenCL,GEMM_Adam_CPU,compute,GPU,10,1048723456,Adam,1,0.9,999,0.00000001,0.09216,4,0.0200131
2026-02-19-16-36-33,NVIDIA A100-SXM4-80GB,OpenCL,GEMM_Adam_CPU,data_transfer,GPU,10,1048723456,Adam,1,0.9,999,0.00000001,1.95958,5,0.0188475
2026-02-19-16-36-33,NVIDIA A100-SXM4-80GB,OpenCL,GEMM_Adam_CPU,compute,GPU,10,1048723456,Adam,1,0.9,999,0.00000001,0.086016,5,0.0188475
2026-02-19-16-36-33,NVIDIA A100-SXM4-80GB,OpenCL,GEMM_Adam_CPU,data_transfer,GPU,10,1048723456,Adam,1,0.9,999,0.00000001,1.93206,6,0.0177258
2026-02-19-16-36-33,NVIDIA A100-SXM4-80GB,OpenCL,GEMM_Adam_CPU,compute,GPU,10,1048723456,Adam,1,0.9,999,0.00000001,0.08704,6,0.0177258
2026-02-19-16-36-33,NVIDIA A100-SXM4-80GB,OpenCL,GEMM_Adam_CPU,data_transfer,GPU,10,1048723456,Adam,1,0.9,999,0.00000001,1.97766,7,0.0166481
2026-02-19-16-36-33,NVIDIA A100-SXM4-80GB,OpenCL,GEMM_Adam_CPU,compute,GPU,10,1048723456,Adam,1,0.9,999,0.00000001,0.086016,7,0.0166481
2026-02-19-16-36-33,NVIDIA A100-SXM4-80GB,OpenCL,GEMM_Adam_CPU,data_transfer,GPU,10,1048723456,Adam,1,0.9,999,0.00000001,1.94893,8,0.0156143
2026-02-19-16-36-33,NVIDIA A100-SXM4-80GB,OpenCL,GEMM_Adam_CPU,compute,GPU,10,1048723456,Adam,1,0.9,999,0.00000001,0.08704,8,0.0156143
2026-02-19-16-36-33,NVIDIA A100-SXM4-80GB,OpenCL,GEMM_Adam_CPU,data_transfer,GPU,10,1048723456,Adam,1,0.9,999,0.00000001,2.07731,9,0.0146243
2026-02-19-16-36-33,NVIDIA A100-SXM4-80GB,OpenCL,GEMM_Adam_CPU,compute,GPU,10,1048723456,Adam,1,0.9,999,0.00000001,0.086016,9,0.0146243
2026-02-19-16-36-34,NVIDIA A100-SXM4-80GB,OpenCL,GEMM_Adam_CPU,data_transfer,GPU,10,1048723456,Adam,1,0.9,999,0.00000001,2.43373,10,0.0136779
2026-02-19-16-36-34,NVIDIA A100-SXM4-80GB,OpenCL,GEMM_Adam_CPU,compute,GPU,10,1048723456,Adam,1,0.9,999,0.00000001,0.08704,10,0.0136779
2026-02-19-16-37-26,,,GEMM_Adam_CPU,compute,CPU,10,1048723456,Adam,1,0.9,999,0.00000001,22,1,0
2026-02-19-16-37-27,,,GEMM_Adam_CPU,compute,CPU,10,1048723456,Adam,1,0.9,999,0.00000001,17,2,0.0224746
2026-02-19-16-37-27,,,GEMM_Adam_CPU,compute,CPU,10,1048723456,Adam,1,0.9,999,0.00000001,17,3,0.0212222
2026-02-19-16-37-27,,,GEMM_Adam_CPU,compute,CPU,10,1048723456,Adam,1,0.9,999,0.00000001,17,4,0.0200131
2026-02-19-16-37-27,,,GEMM_Adam_CPU,compute,CPU,10,1048723456,Adam,1,0.9,999,0.00000001,17,5,0.0188475
2026-02-19-16-37-28,,,GEMM_Adam_CPU,compute,CPU,10,1048723456,Adam,1,0.9,999,0.00000001,17,6,0.0177258
2026-02-19-16-37-28,,,GEMM_Adam_CPU,compute,CPU,10,1048723456,Adam,1,0.9,999,0.00000001,17,7,0.0166481
2026-02-19-16-37-28,,,GEMM_Adam_CPU,compute,CPU,10,1048723456,Adam,1,0.9,999,0.00000001,17,8,0.0156143
2026-02-19-16-37-28,,,GEMM_Adam_CPU,compute,CPU,10,1048723456,Adam,1,0.9,999,0.00000001,17,9,0.0146243
2026-02-19-16-37-29,,,GEMM_Adam_CPU,compute,CPU,10,1048723456,Adam,1,0.9,999,0.00000001,17,10,0.0136779
2026-02-19-16-37-29,NVIDIA A100-SXM4-80GB,OpenCL,GEMM_Adam_CPU,data_transfer,GPU,10,1048723456,Adam,1,0.9,999,0.00000001,1.87914,1,0
2026-02-19-16-37-29,NVIDIA A100-SXM4-80GB,OpenCL,GEMM_Adam_CPU,compute,GPU,10,1048723456,Adam,1,0.9,999,0.00000001,0.069632,1,0
2026-02-19-16-37-30,NVIDIA A100-SXM4-80GB,OpenCL,GEMM_Adam_CPU,data_transfer,GPU,10,1048723456,Adam,1,0.9,999,0.00000001,2.06019,2,0.0224746
2026-02-19-16-37-30,NVIDIA A100-SXM4-80GB,OpenCL,GEMM_Adam_CPU,compute,GPU,10,1048723456,Adam,1,0.9,999,0.00000001,0.08704,2,0.0224746
2026-02-19-16-37-30,NVIDIA A100-SXM4-80GB,OpenCL,GEMM_Adam_CPU,data_transfer,GPU,10,1048723456,Adam,1,0.9,999,0.00000001,2.37574,3,0.0212222
2026-02-19-16-37-30,NVIDIA A100-SXM4-80GB,OpenCL,GEMM_Adam_CPU,compute,GPU,10,1048723456,Adam,1,0.9,999,0.00000001,0.08704,3,0.0212222
2026-02-19-16-37-30,NVIDIA A100-SXM4-80GB,OpenCL,GEMM_Adam_CPU,data_transfer,GPU,10,1048723456,Adam,1,0.9,999,0.00000001,2.38682,4,0.0200131
2026-02-19-16-37-30,NVIDIA A100-SXM4-80GB,OpenCL,GEMM_Adam_CPU,compute,GPU,10,1048723456,Adam,1,0.9,999,0.00000001,0.08704,4,0.0200131
2026-02-19-16-37-30,NVIDIA A100-SXM4-80GB,OpenCL,GEMM_Adam_CPU,data_transfer,GPU,10,1048723456,Adam,1,0.9,999,0.00000001,2.26282,5,0.0188475
2026-02-19-16-37-30,NVIDIA A100-SXM4-80GB,OpenCL,GEMM_Adam_CPU,compute,GPU,10,1048723456,Adam,1,0.9,999,0.00000001,0.09216,5,0.0188475
2026-02-19-16-37-31,NVIDIA A100-SXM4-80GB,OpenCL,GEMM_Adam_CPU,data_transfer,GPU,10,1048723456,Adam,1,0.9,999,0.00000001,2.41542,6,0.0177258
2026-02-19-16-37-31,NVIDIA A100-SXM4-80GB,OpenCL,GEMM_Adam_CPU,compute,GPU,10,1048723456,Adam,1,0.9,999,0.00000001,0.08704,6,0.0177258
2026-02-19-16-37-31,NVIDIA A100-SXM4-80GB,OpenCL,GEMM_Adam_CPU,data_transfer,GPU,10,1048723456,Adam,1,0.9,999,0.00000001,2.30989,7,0.0166481
2026-02-19-16-37-31,NVIDIA A100-SXM4-80GB,OpenCL,GEMM_Adam_CPU,compute,GPU,10,1048723456,Adam,1,0.9,999,0.00000001,0.091136,7,0.0166481
2026-02-19-16-37-31,NVIDIA A100-SXM4-80GB,OpenCL,GEMM_Adam_CPU,data_transfer,GPU,10,1048723456,Adam,1,0.9,999,0.00000001,2.34784,8,0.0156143
2026-02-19-16-37-31,NVIDIA A100-SXM4-80GB,OpenCL,GEMM_Adam_CPU,compute,GPU,10,1048723456,Adam,1,0.9,999,0.00000001,0.08704,8,0.0156143
2026-02-19-16-37-31,NVIDIA A100-SXM4-80GB,OpenCL,GEMM_Adam_CPU,data_transfer,GPU,10,1048723456,Adam,1,0.9,999,0.00000001,2.396,9,0.0146243
2026-02-19-16-37-31,NVIDIA A100-SXM4-80GB,OpenCL,GEMM_Adam_CPU,compute,GPU,10,1048723456,Adam,1,0.9,999,0.00000001,0.088064,9,0.0146243
2026-02-19-16-37-31,NVIDIA A100-SXM4-80GB,OpenCL,GEMM_Adam_CPU,data_transfer,GPU,10,1048723456,Adam,1,0.9,999,0.00000001,2.37955,10,0.0136779
2026-02-19-16-37-31,NVIDIA A100-SXM4-80GB,OpenCL,GEMM_Adam_CPU,compute,GPU,10,1048723456,Adam,1,0.9,999,0.00000001,0.08704,10,0.0136779
2026-02-19-16-37-34,,,GEMM_Adam_CPU,compute,CPU,10,1048723456,Adam,1,0.9,999,0.00000001,22,1,0
2026-02-19-16-37-34,,,GEMM_Adam_CPU,compute,CPU,10,1048723456,Adam,1,0.9,999,0.00000001,17,2,0.0224746
2026-02-19-16-37-34,,,GEMM_Adam_CPU,compute,CPU,10,1048723456,Adam,1,0.9,999,0.00000001,17,3,0.0212222
2026-02-19-16-37-34,,,GEMM_Adam_CPU,compute,CPU,10,1048723456,Adam,1,0.9,999,0.00000001,17,4,0.0200131
2026-02-19-16-37-35,,,GEMM_Adam_CPU,compute,CPU,10,1048723456,Adam,1,0.9,999,0.00000001,17,5,0.0188475
2026-02-19-16-37-35,,,GEMM_Adam_CPU,compute,CPU,10,1048723456,Adam,1,0.9,999,0.00000001,17,6,0.0177258
2026-02-19-16-37-35,,,GEMM_Adam_CPU,compute,CPU,10,1048723456,Adam,1,0.9,999,0.00000001,17,7,0.0166481
2026-02-19-16-37-35,,,GEMM_Adam_CPU,compute,CPU,10,1048723456,Adam,1,0.9,999,0.00000001,17,8,0.0156143
2026-02-19-16-37-36,,,GEMM_Adam_CPU,compute,CPU,10,1048723456,Adam,1,0.9,999,0.00000001,17,9,0.0146243
2026-02-19-16-37-36,,,GEMM_Adam_CPU,compute,CPU,10,1048723456,Adam,1,0.9,999,0.00000001,17,10,0.0136779
2026-02-19-16-37-37,NVIDIA A100-SXM4-80GB,OpenCL,GEMM_Adam_CPU,data_transfer,GPU,10,1048723456,Adam,1,0.9,999,0.00000001,1.94992,1,0
2026-02-19-16-37-37,NVIDIA A100-SXM4-80GB,OpenCL,GEMM_Adam_CPU,compute,GPU,10,1048723456,Adam,1,0.9,999,0.00000001,0.080896,1,0
2026-02-19-16-37-37,NVIDIA A100-SXM4-80GB,OpenCL,GEMM_Adam_CPU,data_transfer,GPU,10,1048723456,Adam,1,0.9,999,0.00000001,1.9336,2,0.0224746
2026-02-19-16-37-37,NVIDIA A100-SXM4-80GB,OpenCL,GEMM_Adam_CPU,compute,GPU,10,1048723456,Adam,1,0.9,999,0.00000001,0.08704,2,0.0224746
2026-02-19-16-37-37,NVIDIA A100-SXM4-80GB,OpenCL,GEMM_Adam_CPU,data_transfer,GPU,10,1048723456,Adam,1,0.9,999,0.00000001,1.88739,3,0.0212222
2026-02-19-16-37-37,NVIDIA A100-SXM4-80GB,OpenCL,GEMM_Adam_CPU,compute,GPU,10,1048723456,Adam,1,0.9,999,0.00000001,0.086016,3,0.0212222
2026-02-19-16-37-37,NVIDIA A100-SXM4-80GB,OpenCL,GEMM_Adam_CPU,data_transfer,GPU,10,1048723456,Adam,1,0.9,999,0.00000001,2.2017,4,0.0200131
2026-02-19-16-37-37,NVIDIA A100-SXM4-80GB,OpenCL,GEMM_Adam_CPU,compute,GPU,10,1048723456,Adam,1,0.9,999,0.00000001,0.089088,4,0.0200131
2026-02-19-16-37-38,NVIDIA A100-SXM4-80GB,OpenCL,GEMM_Adam_CPU,data_transfer,GPU,10,1048723456,Adam,1,0.9,999,0.00000001,1.92406,5,0.0188475
2026-02-19-16-37-38,NVIDIA A100-SXM4-80GB,OpenCL,GEMM_Adam_CPU,compute,GPU,10,1048723456,Adam,1,0.9,999,0.00000001,0.086016,5,0.0188475
2026-02-19-16-37-38,NVIDIA A100-SXM4-80GB,OpenCL,GEMM_Adam_CPU,data_transfer,GPU,10,1048723456,Adam,1,0.9,999,0.00000001,1.90422,6,0.0177258
2026-02-19-16-37-38,NVIDIA A100-SXM4-80GB,OpenCL,GEMM_Adam_CPU,compute,GPU,10,1048723456,Adam,1,0.9,999,0.00000001,0.086016,6,0.0177258
2026-02-19-16-37-38,NVIDIA A100-SXM4-80GB,OpenCL,GEMM_Adam_CPU,data_transfer,GPU,10,1048723456,Adam,1,0.9,999,0.00000001,2.13888,7,0.0166481
2026-02-19-16-37-38,NVIDIA A100-SXM4-80GB,OpenCL,GEMM_Adam_CPU,compute,GPU,10,1048723456,Adam,1,0.9,999,0.00000001,0.086016,7,0.0166481
2026-02-19-16-37-38,NVIDIA A100-SXM4-80GB,OpenCL,GEMM_Adam_CPU,data_transfer,GPU,10,1048723456,Adam,1,0.9,999,0.00000001,1.98838,8,0.0156143
2026-02-19-16-37-38,NVIDIA A100-SXM4-80GB,OpenCL,GEMM_Adam_CPU,compute,GPU,10,1048723456,Adam,1,0.9,999,0.00000001,0.086016,8,0.0156143
2026-02-19-16-37-38,NVIDIA A100-SXM4-80GB,OpenCL,GEMM_Adam_CPU,data_transfer,GPU,10,1048723456,Adam,1,0.9,999,0.00000001,1.98835,9,0.0146243
2026-02-19-16-37-38,NVIDIA A100-SXM4-80GB,OpenCL,GEMM_Adam_CPU,compute,GPU,10,1048723456,Adam,1,0.9,999,0.00000001,0.098304,9,0.0146243
2026-02-19-16-37-39,NVIDIA A100-SXM4-80GB,OpenCL,GEMM_Adam_CPU,data_transfer,GPU,10,1048723456,Adam,1,0.9,999,0.00000001,2.02739,10,0.0136779
2026-02-19-16-37-39,NVIDIA A100-SXM4-80GB,OpenCL,GEMM_Adam_CPU,compute,GPU,10,1048723456,Adam,1,0.9,999,0.00000001,0.08704,10,0.0136779
2026-02-19-16-38-11,,,GEMM_Adam_CPU,compute,CPU,10,1048723456,Adam,1,0.9,999,0.00000001,21,1,0
2026-02-19-16-38-11,,,GEMM_Adam_CPU,compute,CPU,10,1048723456,Adam,1,0.9,999,0.00000001,17,2,0.0224746
2026-02-19-16-38-11,,,GEMM_Adam_CPU,compute,CPU,10,1048723456,Adam,1,0.9,999,0.00000001,17,3,0.0212222
2026-02-19-16-38-11,,,GEMM_Adam_CPU,compute,CPU,10,1048723456,Adam,1,0.9,999,0.00000001,17,4,0.0200131
2026-02-19-16-38-12,,,GEMM_Adam_CPU,compute,CPU,10,1048723456,Adam,1,0.9,999,0.00000001,17,5,0.0188475
2026-02-19-16-38-12,,,GEMM_Adam_CPU,compute,CPU,10,1048723456,Adam,1,0.9,999,0.00000001,17,6,0.0177258
2026-02-19-16-38-12,,,GEMM_Adam_CPU,compute,CPU,10,1048723456,Adam,1,0.9,999,0.00000001,17,7,0.0166481
2026-02-19-16-38-12,,,GEMM_Adam_CPU,compute,CPU,10,1048723456,Adam,1,0.9,999,0.00000001,17,8,0.0156143
2026-02-19-16-38-13,,,GEMM_Adam_CPU,compute,CPU,10,1048723456,Adam,1,0.9,999,0.00000001,17,9,0.0146243
2026-02-19-16-38-13,,,GEMM_Adam_CPU,compute,CPU,10,1048723456,Adam,1,0.9,999,0.00000001,17,10,0.0136779
2026-02-19-16-38-14,NVIDIA A100-SXM4-80GB,OpenCL,GEMM_Adam_CPU,data_transfer,GPU,10,1048723456,Adam,1,0.9,999,0.00000001,2.21056,1,0
2026-02-19-16-38-14,NVIDIA A100-SXM4-80GB,OpenCL,GEMM_Adam_CPU,compute,GPU,10,1048723456,Adam,1,0.9,999,0.00000001,0.080896,1,0
2026-02-19-16-38-14,NVIDIA A100-SXM4-80GB,OpenCL,GEMM_Adam_CPU,data_transfer,GPU,10,1048723456,Adam,1,0.9,999,0.00000001,2.5623,2,0.0224746
2026-02-19-16-38-14,NVIDIA A100-SXM4-80GB,OpenCL,GEMM_Adam_CPU,compute,GPU,10,1048723456,Adam,1,0.9,999,0.00000001,0.086016,2,0.0224746
2026-02-19-16-38-14,NVIDIA A100-SXM4-80GB,OpenCL,GEMM_Adam_CPU,data_transfer,GPU,10,1048723456,Adam,1,0.9,999,0.00000001,2.31235,3,0.0212222
2026-02-19-16-38-14,NVIDIA A100-SXM4-80GB,OpenCL,GEMM_Adam_CPU,compute,GPU,10,1048723456,Adam,1,0.9,999,0.00000001,0.088064,3,0.0212222
2026-02-19-16-38-14,NVIDIA A100-SXM4-80GB,OpenCL,GEMM_Adam_CPU,data_transfer,GPU,10,1048723456,Adam,1,0.9,999,0.00000001,2.36054,4,0.0200131
2026-02-19-16-38-14,NVIDIA A100-SXM4-80GB,OpenCL,GEMM_Adam_CPU,compute,GPU,10,1048723456,Adam,1,0.9,999,0.00000001,0.089088,4,0.0200131
2026-02-19-16-38-15,NVIDIA A100-SXM4-80GB,OpenCL,GEMM_Adam_CPU,data_transfer,GPU,10,1048723456,Adam,1,0.9,999,0.00000001,2.39514,5,0.0188475
2026-02-19-16-38-15,NVIDIA A100-SXM4-80GB,OpenCL,GEMM_Adam_CPU,compute,GPU,10,1048723456,Adam,1,0.9,999,0.00000001,0.091136,5,0.0188475
2026-02-19-16-38-15,NVIDIA A100-SXM4-80GB,OpenCL,GEMM_Adam_CPU,data_transfer,GPU,10,1048723456,Adam,1,0.9,999,0.00000001,2.22822,6,0.0177258
2026-02-19-16-38-15,NVIDIA A100-SXM4-80GB,OpenCL,GEMM_Adam_CPU,compute,GPU,10,1048723456,Adam,1,0.9,999,0.00000001,0.08704,6,0.0177258
2026-02-19-16-38-15,NVIDIA A100-SXM4-80GB,OpenCL,GEMM_Adam_CPU,data_transfer,GPU,10,1048723456,Adam,1,0.9,999,0.00000001,2.40042,7,0.0166481
2026-02-19-16-38-15,NVIDIA A100-SXM4-80GB,OpenCL,GEMM_Adam_CPU,compute,GPU,10,1048723456,Adam,1,0.9,999,0.00000001,0.086016,7,0.0166481
2026-02-19-16-38-15,NVIDIA A100-SXM4-80GB,OpenCL,GEMM_Adam_CPU,data_transfer,GPU,10,1048723456,Adam,1,0.9,999,0.00000001,2.7151,8,0.0156143
2026-02-19-16-38-15,NVIDIA A100-SXM4-80GB,OpenCL,GEMM_Adam_CPU,compute,GPU,10,1048723456,Adam,1,0.9,999,0.00000001,0.08704,8,0.0156143
2026-02-19-16-38-15,NVIDIA A100-SXM4-80GB,OpenCL,GEMM_Adam_CPU,data_transfer,GPU,10,1048723456,Adam,1,0.9,999,0.00000001,2.41344,9,0.0146243
2026-02-19-16-38-15,NVIDIA A100-SXM4-80GB,OpenCL,GEMM_Adam_CPU,compute,GPU,10,1048723456,Adam,1,0.9,999,0.00000001,0.08704,9,0.0146243
2026-02-19-16-38-16,NVIDIA A100-SXM4-80GB,OpenCL,GEMM_Adam_CPU,data_transfer,GPU,10,1048723456,Adam,1,0.9,999,0.00000001,2.32346,10,0.0136779
2026-02-19-16-38-16,NVIDIA A100-SXM4-80GB,OpenCL,GEMM_Adam_CPU,compute,GPU,10,1048723456,Adam,1,0.9,999,0.00000001,0.088064,10,0.0136779
2026-02-19-16-38-17,,,GEMM_Adam_CPU,compute,CPU,10,1048723456,Adam,1,0.9,999,0.00000001,21,1,0
2026-02-19-16-38-18,,,GEMM_Adam_CPU,compute,CPU,10,1048723456,Adam,1,0.9,999,0.00000001,17,2,0.0224746
2026-02-19-16-38-18,,,GEMM_Adam_CPU,compute,CPU,10,1048723456,Adam,1,0.9,999,0.00000001,17,3,0.0212222
2026-02-19-16-38-18,,,GEMM_Adam_CPU,compute,CPU,10,1048723456,Adam,1,0.9,999,0.00000001,17,4,0.0200131
2026-02-19-16-38-18,,,GEMM_Adam_CPU,compute,CPU,10,1048723456,Adam,1,0.9,999,0.00000001,17,5,0.0188475
2026-02-19-16-38-18,,,GEMM_Adam_CPU,compute,CPU,10,1048723456,Adam,1,0.9,999,0.00000001,17,6,0.0177258
2026-02-19-16-38-19,,,GEMM_Adam_CPU,compute,CPU,10,1048723456,Adam,1,0.9,999,0.00000001,17,7,0.0166481
2026-02-19-16-38-19,,,GEMM_Adam_CPU,compute,CPU,10,1048723456,Adam,1,0.9,999,0.00000001,17,8,0.0156143
2026-02-19-16-38-19,,,GEMM_Adam_CPU,compute,CPU,10,1048723456,Adam,1,0.9,999,0.00000001,17,9,0.0146243
2026-02-19-16-38-19,,,GEMM_Adam_CPU,compute,CPU,10,1048723456,Adam,1,0.9,999,0.00000001,17,10,0.0136779
2026-02-19-16-38-20,NVIDIA A100-SXM4-80GB,OpenCL,GEMM_Adam_CPU,data_transfer,GPU,10,1048723456,Adam,1,0.9,999,0.00000001,2.05587,1,0
2026-02-19-16-38-20,NVIDIA A100-SXM4-80GB,OpenCL,GEMM_Adam_CPU,compute,GPU,10,1048723456,Adam,1,0.9,999,0.00000001,0.0768,1,0
2026-02-19-16-38-21,NVIDIA A100-SXM4-80GB,OpenCL,GEMM_Adam_CPU,data_transfer,GPU,10,1048723456,Adam,1,0.9,999,0.00000001,2.21008,2,0.0224746
2026-02-19-16-38-21,NVIDIA A100-SXM4-80GB,OpenCL,GEMM_Adam_CPU,compute,GPU,10,1048723456,Adam,1,0.9,999,0.00000001,0.08704,2,0.0224746
2026-02-19-16-38-21,NVIDIA A100-SXM4-80GB,OpenCL,GEMM_Adam_CPU,data_transfer,GPU,10,1048723456,Adam,1,0.9,999,0.00000001,2.5271,3,0.0212222
2026-02-19-16-38-21,NVIDIA A100-SXM4-80GB,OpenCL,GEMM_Adam_CPU,compute,GPU,10,1048723456,Adam,1,0.9,999,0.00000001,0.088064,3,0.0212222
2026-02-19-16-38-21,NVIDIA A100-SXM4-80GB,OpenCL,GEMM_Adam_CPU,data_transfer,GPU,10,1048723456,Adam,1,0.9,999,0.00000001,1.99674,4,0.0200131
2026-02-19-16-38-21,NVIDIA A100-SXM4-80GB,OpenCL,GEMM_Adam_CPU,compute,GPU,10,1048723456,Adam,1,0.9,999,0.00000001,0.09728,4,0.0200131
2026-02-19-16-38-21,NVIDIA A100-SXM4-80GB,OpenCL,GEMM_Adam_CPU,data_transfer,GPU,10,1048723456,Adam,1,0.9,999,0.00000001,2.04067,5,0.0188475
2026-02-19-16-38-21,NVIDIA A100-SXM4-80GB,OpenCL,GEMM_Adam_CPU,compute,GPU,10,1048723456,Adam,1,0.9,999,0.00000001,0.09216,5,0.0188475
2026-02-19-16-38-21,NVIDIA A100-SXM4-80GB,OpenCL,GEMM_Adam_CPU,data_transfer,GPU,10,1048723456,Adam,1,0.9,999,0.00000001,2.53542,6,0.0177258
2026-02-19-16-38-21,NVIDIA A100-SXM4-80GB,OpenCL,GEMM_Adam_CPU,compute,GPU,10,1048723456,Adam,1,0.9,999,0.00000001,0.088064,6,0.0177258
2026-02-19-16-38-22,NVIDIA A100-SXM4-80GB,OpenCL,GEMM_Adam_CPU,data_transfer,GPU,10,1048723456,Adam,1,0.9,999,0.00000001,2.20947,7,0.0166481
2026-02-19-16-38-22,NVIDIA A100-SXM4-80GB,OpenCL,GEMM_Adam_CPU,compute,GPU,10,1048723456,Adam,1,0.9,999,0.00000001,0.089088,7,0.0166481
2026-02-19-16-38-22,NVIDIA A100-SXM4-80GB,OpenCL,GEMM_Adam_CPU,data_transfer,GPU,10,1048723456,Adam,1,0.9,999,0.00000001,2.41968,8,0.0156143
2026-02-19-16-38-22,NVIDIA A100-SXM4-80GB,OpenCL,GEMM_Adam_CPU,compute,GPU,10,1048723456,Adam,1,0.9,999,0.00000001,0.086016,8,0.0156143
2026-02-19-16-38-22,NVIDIA A100-SXM4-80GB,OpenCL,GEMM_Adam_CPU,data_transfer,GPU,10,1048723456,Adam,1,0.9,999,0.00000001,2.47898,9,0.0146243
2026-02-19-16-38-22,NVIDIA A100-SXM4-80GB,OpenCL,GEMM_Adam_CPU,compute,GPU,10,1048723456,Adam,1,0.9,999,0.00000001,0.08704,9,0.0146243
2026-02-19-16-38-22,NVIDIA A100-SXM4-80GB,OpenCL,GEMM_Adam_CPU,data_transfer,GPU,10,1048723456,Adam,1,0.9,999,0.00000001,2.18512,10,0.0136779
2026-02-19-16-38-22,NVIDIA A100-SXM4-80GB,OpenCL,GEMM_Adam_CPU,compute,GPU,10,1048723456,Adam,1,0.9,999,0.00000001,0.084992,10,0.0136779
2026-02-19-16-38-25,,,GEMM_Adam_CPU,compute,CPU,10,1048723456,Adam,1,0.9,999,0.00000001,22,1,0
2026-02-19-16-38-26,,,GEMM_Adam_CPU,compute,CPU,10,1048723456,Adam,1,0.9,999,0.00000001,17,2,0.0224746
2026-02-19-16-38-26,,,GEMM_Adam_CPU,compute,CPU,10,1048723456,Adam,1,0.9,999,0.00000001,17,3,0.0212222
2026-02-19-16-38-26,,,GEMM_Adam_CPU,compute,CPU,10,1048723456,Adam,1,0.9,999,0.00000001,17,4,0.0200131
2026-02-19-16-38-26,,,GEMM_Adam_CPU,compute,CPU,10,1048723456,Adam,1,0.9,999,0.00000001,17,5,0.0188475
2026-02-19-16-38-26,,,GEMM_Adam_CPU,compute,CPU,10,1048723456,Adam,1,0.9,999,0.00000001,17,6,0.0177258
2026-02-19-16-38-27,,,GEMM_Adam_CPU,compute,CPU,10,1048723456,Adam,1,0.9,999,0.00000001,17,7,0.0166481
2026-02-19-16-38-27,,,GEMM_Adam_CPU,compute,CPU,10,1048723456,Adam,1,0.9,999,0.00000001,17,8,0.0156143
2026-02-19-16-38-27,,,GEMM_Adam_CPU,compute,CPU,10,1048723456,Adam,1,0.9,999,0.00000001,17,9,0.0146243
2026-02-19-16-38-27,,,GEMM_Adam_CPU,compute,CPU,10,1048723456,Adam,1,0.9,999,0.00000001,17,10,0.0136779
2026-02-19-16-38-28,NVIDIA A100-SXM4-80GB,OpenCL,GEMM_Adam_CPU,data_transfer,GPU,10,1048723456,Adam,1,0.9,999,0.00000001,2.09754,1,0
2026-02-19-16-38-28,NVIDIA A100-SXM4-80GB,OpenCL,GEMM_Adam_CPU,compute,GPU,10,1048723456,Adam,1,0.9,999,0.00000001,0.077824,1,0
2026-02-19-16-38-29,NVIDIA A100-SXM4-80GB,OpenCL,GEMM_Adam_CPU,data_transfer,GPU,10,1048723456,Adam,1,0.9,999,0.00000001,1.95213,2,0.0224746
2026-02-19-16-38-29,NVIDIA A100-SXM4-80GB,OpenCL,GEMM_Adam_CPU,compute,GPU,10,1048723456,Adam,1,0.9,999,0.00000001,0.086016,2,0.0224746
2026-02-19-16-38-29,NVIDIA A100-SXM4-80GB,OpenCL,GEMM_Adam_CPU,data_transfer,GPU,10,1048723456,Adam,1,0.9,999,0.00000001,2.1552,3,0.0212222
2026-02-19-16-38-29,NVIDIA A100-SXM4-80GB,OpenCL,GEMM_Adam_CPU,compute,GPU,10,1048723456,Adam,1,0.9,999,0.00000001,0.08704,3,0.0212222
2026-02-19-16-38-29,NVIDIA A100-SXM4-80GB,OpenCL,GEMM_Adam_CPU,data_transfer,GPU,10,1048723456,Adam,1,0.9,999,0.00000001,2.13408,4,0.0200131
2026-02-19-16-38-29,NVIDIA A100-SXM4-80GB,OpenCL,GEMM_Adam_CPU,compute,GPU,10,1048723456,Adam,1,0.9,999,0.00000001,0.091136,4,0.0200131
2026-02-19-16-38-29,NVIDIA A100-SXM4-80GB,OpenCL,GEMM_Adam_CPU,data_transfer,GPU,10,1048723456,Adam,1,0.9,999,0.00000001,2.07027,5,0.0188475
2026-02-19-16-38-29,NVIDIA A100-SXM4-80GB,OpenCL,GEMM_Adam_CPU,compute,GPU,10,1048723456,Adam,1,0.9,999,0.00000001,0.08704,5,0.0188475
2026-02-19-16-38-29,NVIDIA A100-SXM4-80GB,OpenCL,GEMM_Adam_CPU,data_transfer,GPU,10,1048723456,Adam,1,0.9,999,0.00000001,1.86762,6,0.0177258
2026-02-19-16-38-29,NVIDIA A100-SXM4-80GB,OpenCL,GEMM_Adam_CPU,compute,GPU,10,1048723456,Adam,1,0.9,999,0.00000001,0.08704,6,0.0177258
2026-02-19-16-38-30,NVIDIA A100-SXM4-80GB,OpenCL,GEMM_Adam_CPU,data_transfer,GPU,10,1048723456,Adam,1,0.9,999,0.00000001,2.15744,7,0.0166481
2026-02-19-16-38-30,NVIDIA A100-SXM4-80GB,OpenCL,GEMM_Adam_CPU,compute,GPU,10,1048723456,Adam,1,0.9,999,0.00000001,0.08704,7,0.0166481
2026-02-19-16-38-30,NVIDIA A100-SXM4-80GB,OpenCL,GEMM_Adam_CPU,data_transfer,GPU,10,1048723456,Adam,1,0.9,999,0.00000001,2.14406,8,0.0156143
2026-02-19-16-38-30,NVIDIA A100-SXM4-80GB,OpenCL,GEMM_Adam_CPU,compute,GPU,10,1048723456,Adam,1,0.9,999,0.00000001,0.086016,8,0.0156143
2026-02-19-16-38-30,NVIDIA A100-SXM4-80GB,OpenCL,GEMM_Adam_CPU,data_transfer,GPU,10,1048723456,Adam,1,0.9,999,0.00000001,2.12182,9,0.0146243
2026-02-19-16-38-30,NVIDIA A100-SXM4-80GB,OpenCL,GEMM_Adam_CPU,compute,GPU,10,1048723456,Adam,1,0.9,999,0.00000001,0.088064,9,0.0146243
2026-02-19-16-38-30,NVIDIA A100-SXM4-80GB,OpenCL,GEMM_Adam_CPU,data_transfer,GPU,10,1048723456,Adam,1,0.9,999,0.00000001,2.01818,10,0.0136779
2026-02-19-16-38-30,NVIDIA A100-SXM4-80GB,OpenCL,GEMM_Adam_CPU,compute,GPU,10,1048723456,Adam,1,0.9,999,0.00000001,0.088064,10,0.0136779
2026-02-19-16-38-33,,,GEMM_Adam_CPU,compute,CPU,10,1048723456,Adam,1,0.9,999,0.00000001,22,1,0
2026-02-19-16-38-33,,,GEMM_Adam_CPU,compute,CPU,10,1048723456,Adam,1,0.9,999,0.00000001,17,2,0.0224746
2026-02-19-16-38-33,,,GEMM_Adam_CPU,compute,CPU,10,1048723456,Adam,1,0.9,999,0.00000001,17,3,0.0212222
2026-02-19-16-38-33,,,GEMM_Adam_CPU,compute,CPU,10,1048723456,Adam,1,0.9,999,0.00000001,18,4,0.0200131
2026-02-19-16-38-34,,,GEMM_Adam_CPU,compute,CPU,10,1048723456,Adam,1,0.9,999,0.00000001,17,5,0.0188475
2026-02-19-16-38-34,,,GEMM_Adam_CPU,compute,CPU,10,1048723456,Adam,1,0.9,999,0.00000001,17,6,0.0177258
2026-02-19-16-38-34,,,GEMM_Adam_CPU,compute,CPU,10,1048723456,Adam,1,0.9,999,0.00000001,17,7,0.0166481
2026-02-19-16-38-34,,,GEMM_Adam_CPU,compute,CPU,10,1048723456,Adam,1,0.9,999,0.00000001,17,8,0.0156143
2026-02-19-16-38-35,,,GEMM_Adam_CPU,compute,CPU,10,1048723456,Adam,1,0.9,999,0.00000001,17,9,0.0146243
2026-02-19-16-38-35,,,GEMM_Adam_CPU,compute,CPU,10,1048723456,Adam,1,0.9,999,0.00000001,17,10,0.0136779
2026-02-19-16-38-36,NVIDIA A100-SXM4-80GB,OpenCL,GEMM_Adam_CPU,data_transfer,GPU,10,1048723456,Adam,1,0.9,999,0.00000001,2.0616,1,0
2026-02-19-16-38-36,NVIDIA A100-SXM4-80GB,OpenCL,GEMM_Adam_CPU,compute,GPU,10,1048723456,Adam,1,0.9,999,0.00000001,0.079872,1,0
2026-02-19-16-38-36,NVIDIA A100-SXM4-80GB,OpenCL,GEMM_Adam_CPU,data_transfer,GPU,10,1048723456,Adam,1,0.9,999,0.00000001,1.95213,2,0.0224746
2026-02-19-16-38-36,NVIDIA A100-SXM4-80GB,OpenCL,GEMM_Adam_CPU,compute,GPU,10,1048723456,Adam,1,0.9,999,0.00000001,0.088064,2,0.0224746
2026-02-19-16-38-36,NVIDIA A100-SXM4-80GB,OpenCL,GEMM_Adam_CPU,data_transfer,GPU,10,1048723456,Adam,1,0.9,999,0.00000001,2.67968,3,0.0212222
2026-02-19-16-38-36,NVIDIA A100-SXM4-80GB,OpenCL,GEMM_Adam_CPU,compute,GPU,10,1048723456,Adam,1,0.9,999,0.00000001,0.08704,3,0.0212222
2026-02-19-16-38-36,NVIDIA A100-SXM4-80GB,OpenCL,GEMM_Adam_CPU,data_transfer,GPU,10,1048723456,Adam,1,0.9,999,0.00000001,2.73046,4,0.0200131
2026-02-19-16-38-36,NVIDIA A100-SXM4-80GB,OpenCL,GEMM_Adam_CPU,compute,GPU,10,1048723456,Adam,1,0.9,999,0.00000001,0.090112,4,0.0200131
2026-02-19-16-38-37,NVIDIA A100-SXM4-80GB,OpenCL,GEMM_Adam_CPU,data_transfer,GPU,10,1048723456,Adam,1,0.9,999,0.00000001,2.25798,5,0.0188475
2026-02-19-16-38-37,NVIDIA A100-SXM4-80GB,OpenCL,GEMM_Adam_CPU,compute,GPU,10,1048723456,Adam,1,0.9,999,0.00000001,0.08704,5,0.0188475
2026-02-19-16-38-37,NVIDIA A100-SXM4-80GB,OpenCL,GEMM_Adam_CPU,data_transfer,GPU,10,1048723456,Adam,1,0.9,999,0.00000001,2.65088,6,0.0177258
2026-02-19-16-38-37,NVIDIA A100-SXM4-80GB,OpenCL,GEMM_Adam_CPU,compute,GPU,10,1048723456,Adam,1,0.9,999,0.00000001,0.08704,6,0.0177258
2026-02-19-16-38-37,NVIDIA A100-SXM4-80GB,OpenCL,GEMM_Adam_CPU,data_transfer,GPU,10,1048723456,Adam,1,0.9,999,0.00000001,2.34691,7,0.0166481
2026-02-19-16-38-37,NVIDIA A100-SXM4-80GB,OpenCL,GEMM_Adam_CPU,compute,GPU,10,1048723456,Adam,1,0.9,999,0.00000001,0.088064,7,0.0166481
2026-02-19-16-38-37,NVIDIA A100-SXM4-80GB,OpenCL,GEMM_Adam_CPU,data_transfer,GPU,10,1048723456,Adam,1,0.9,999,0.00000001,2.33459,8,0.0156143
2026-02-19-16-38-37,NVIDIA A100-SXM4-80GB,OpenCL,GEMM_Adam_CPU,compute,GPU,10,1048723456,Adam,1,0.9,999,0.00000001,0.086016,8,0.0156143
2026-02-19-16-38-37,NVIDIA A100-SXM4-80GB,OpenCL,GEMM_Adam_CPU,data_transfer,GPU,10,1048723456,Adam,1,0.9,999,0.00000001,2.28442,9,0.0146243
2026-02-19-16-38-37,NVIDIA A100-SXM4-80GB,OpenCL,GEMM_Adam_CPU,compute,GPU,10,1048723456,Adam,1,0.9,999,0.00000001,0.08704,9,0.0146243
2026-02-19-16-38-38,NVIDIA A100-SXM4-80GB,OpenCL,GEMM_Adam_CPU,data_transfer,GPU,10,1048723456,Adam,1,0.9,999,0.00000001,2.5704,10,0.0136779
2026-02-19-16-38-38,NVIDIA A100-SXM4-80GB,OpenCL,GEMM_Adam_CPU,compute,GPU,10,1048723456,Adam,1,0.9,999,0.00000001,0.086016,10,0.0136779
2026-02-19-16-39-42,,,GEMM_Adam_CPU,compute,CPU,10,1048723456,Adam,1,0.9,999,0.00000001,21,1,0
2026-02-19-16-39-43,,,GEMM_Adam_CPU,compute,CPU,10,1048723456,Adam,1,0.9,999,0.00000001,17,2,0.0224746
2026-02-19-16-39-43,,,GEMM_Adam_CPU,compute,CPU,10,1048723456,Adam,1,0.9,999,0.00000001,17,3,0.0212222
2026-02-19-16-39-43,,,GEMM_Adam_CPU,compute,CPU,10,1048723456,Adam,1,0.9,999,0.00000001,17,4,0.0200131
2026-02-19-16-39-44,,,GEMM_Adam_CPU,compute,CPU,10,1048723456,Adam,1,0.9,999,0.00000001,17,5,0.0188475
2026-02-19-16-39-44,,,GEMM_Adam_CPU,compute,CPU,10,1048723456,Adam,1,0.9,999,0.00000001,17,6,0.0177258
2026-02-19-16-39-44,,,GEMM_Adam_CPU,compute,CPU,10,1048723456,Adam,1,0.9,999,0.00000001,17,7,0.0166481
2026-02-19-16-39-45,,,GEMM_Adam_CPU,compute,CPU,10,1048723456,Adam,1,0.9,999,0.00000001,17,8,0.0156143
2026-02-19-16-39-45,,,GEMM_Adam_CPU,compute,CPU,10,1048723456,Adam,1,0.9,999,0.00000001,17,9,0.0146243
2026-02-19-16-39-45,,,GEMM_Adam_CPU,compute,CPU,10,1048723456,Adam,1,0.9,999,0.00000001,17,10,0.0136779
2026-02-19-16-39-46,NVIDIA A100-SXM4-80GB,CUDA,GEMM_Adam_CUDA,data_transfer,GPU,10,1048723456,Adam,1,0.9,999,0.00000001,2.96746,1,0
2026-02-19-16-39-46,NVIDIA A100-SXM4-80GB,CUDA,GEMM_Adam_CUDA,compute,GPU,10,1048723456,Adam,1,0.9,999,0.00000001,0.265216,1,0
2026-02-19-16-39-47,NVIDIA A100-SXM4-80GB,CUDA,GEMM_Adam_CUDA,data_transfer,GPU,10,1048723456,Adam,1,0.9,999,0.00000001,2.13805,2,0.0224746
2026-02-19-16-39-47,NVIDIA A100-SXM4-80GB,CUDA,GEMM_Adam_CUDA,compute,GPU,10,1048723456,Adam,1,0.9,999,0.00000001,0.094144,2,0.0224746
2026-02-19-16-39-47,NVIDIA A100-SXM4-80GB,CUDA,GEMM_Adam_CUDA,data_transfer,GPU,10,1048723456,Adam,1,0.9,999,0.00000001,2.50781,3,0.0212222
2026-02-19-16-39-47,NVIDIA A100-SXM4-80GB,CUDA,GEMM_Adam_CUDA,compute,GPU,10,1048723456,Adam,1,0.9,999,0.00000001,0.092864,3,0.0212222
2026-02-19-16-39-47,NVIDIA A100-SXM4-80GB,CUDA,GEMM_Adam_CUDA,data_transfer,GPU,10,1048723456,Adam,1,0.9,999,0.00000001,2.30266,4,0.0200131
2026-02-19-16-39-47,NVIDIA A100-SXM4-80GB,CUDA,GEMM_Adam_CUDA,compute,GPU,10,1048723456,Adam,1,0.9,999,0.00000001,0.099392,4,0.0200131
2026-02-19-16-39-48,NVIDIA A100-SXM4-80GB,CUDA,GEMM_Adam_CUDA,data_transfer,GPU,10,1048723456,Adam,1,0.9,999,0.00000001,2.22358,5,0.0188475
2026-02-19-16-39-48,NVIDIA A100-SXM4-80GB,CUDA,GEMM_Adam_CUDA,compute,GPU,10,1048723456,Adam,1,0.9,999,0.00000001,0.093536,5,0.0188475
2026-02-19-16-39-48,NVIDIA A100-SXM4-80GB,CUDA,GEMM_Adam_CUDA,data_transfer,GPU,10,1048723456,Adam,1,0.9,999,0.00000001,2.0791,6,0.0177258
2026-02-19-16-39-48,NVIDIA A100-SXM4-80GB,CUDA,GEMM_Adam_CUDA,compute,GPU,10,1048723456,Adam,1,0.9,999,0.00000001,0.09488,6,0.0177258
2026-02-19-16-39-48,NVIDIA A100-SXM4-80GB,CUDA,GEMM_Adam_CUDA,data_transfer,GPU,10,1048723456,Adam,1,0.9,999,0.00000001,2.10291,7,0.0166481
2026-02-19-16-39-48,NVIDIA A100-SXM4-80GB,CUDA,GEMM_Adam_CUDA,compute,GPU,10,1048723456,Adam,1,0.9,999,0.00000001,0.093856,7,0.0166481
2026-02-19-16-39-49,NVIDIA A100-SXM4-80GB,CUDA,GEMM_Adam_CUDA,data_transfer,GPU,10,1048723456,Adam,1,0.9,999,0.00000001,2.28784,8,0.0156143
2026-02-19-16-39-49,NVIDIA A100-SXM4-80GB,CUDA,GEMM_Adam_CUDA,compute,GPU,10,1048723456,Adam,1,0.9,999,0.00000001,0.093184,8,0.0156143
2026-02-19-16-39-49,NVIDIA A100-SXM4-80GB,CUDA,GEMM_Adam_CUDA,data_transfer,GPU,10,1048723456,Adam,1,0.9,999,0.00000001,2.43466,9,0.0146243
2026-02-19-16-39-49,NVIDIA A100-SXM4-80GB,CUDA,GEMM_Adam_CUDA,compute,GPU,10,1048723456,Adam,1,0.9,999,0.00000001,0.094112,9,0.0146243
2026-02-19-16-39-49,NVIDIA A100-SXM4-80GB,CUDA,GEMM_Adam_CUDA,data_transfer,GPU,10,1048723456,Adam,1,0.9,999,0.00000001,2.53392,10,0.0136779
2026-02-19-16-39-49,NVIDIA A100-SXM4-80GB,CUDA,GEMM_Adam_CUDA,compute,GPU,10,1048723456,Adam,1,0.9,999,0.00000001,104,10,0.0136779
2026-02-19-16-39-51,,,GEMM_Adam_CPU,compute,CPU,10,1048723456,Adam,1,0.9,999,0.00000001,22,1,0
2026-02-19-16-39-52,,,GEMM_Adam_CPU,compute,CPU,10,1048723456,Adam,1,0.9,999,0.00000001,17,2,0.0224746
2026-02-19-16-39-52,,,GEMM_Adam_CPU,compute,CPU,10,1048723456,Adam,1,0.9,999,0.00000001,17,3,0.0212222
2026-02-19-16-39-52,,,GEMM_Adam_CPU,compute,CPU,10,1048723456,Adam,1,0.9,999,0.00000001,17,4,0.0200131
2026-02-19-16-39-53,,,GEMM_Adam_CPU,compute,CPU,10,1048723456,Adam,1,0.9,999,0.00000001,17,5,0.0188475
2026-02-19-16-39-53,,,GEMM_Adam_CPU,compute,CPU,10,1048723456,Adam,1,0.9,999,0.00000001,17,6,0.0177258
2026-02-19-16-39-53,,,GEMM_Adam_CPU,compute,CPU,10,1048723456,Adam,1,0.9,999,0.00000001,17,7,0.0166481
2026-02-19-16-39-54,,,GEMM_Adam_CPU,compute,CPU,10,1048723456,Adam,1,0.9,999,0.00000001,17,8,0.0156143
2026-02-19-16-39-54,,,GEMM_Adam_CPU,compute,CPU,10,1048723456,Adam,1,0.9,999,0.00000001,17,9,0.0146243
2026-02-19-16-39-54,,,GEMM_Adam_CPU,compute,CPU,10,1048723456,Adam,1,0.9,999,0.00000001,17,10,0.0136779
2026-02-19-16-39-55,NVIDIA A100-SXM4-80GB,CUDA,GEMM_Adam_CUDA,data_transfer,GPU,10,1048723456,Adam,1,0.9,999,0.00000001,2.19248,1,0
2026-02-19-16-39-55,NVIDIA A100-SXM4-80GB,CUDA,GEMM_Adam_CUDA,compute,GPU,10,1048723456,Adam,1,0.9,999,0.00000001,0.2144,1,0
2026-02-19-16-39-56,NVIDIA A100-SXM4-80GB,CUDA,GEMM_Adam_CUDA,data_transfer,GPU,10,1048723456,Adam,1,0.9,999,0.00000001,2.54029,2,0.0224746
2026-02-19-16-39-56,NVIDIA A100-SXM4-80GB,CUDA,GEMM_Adam_CUDA,compute,GPU,10,1048723456,Adam,1,0.9,999,0.00000001,0.095456,2,0.0224746
2026-02-19-16-39-56,NVIDIA A100-SXM4-80GB,CUDA,GEMM_Adam_CUDA,data_transfer,GPU,10,1048723456,Adam,1,0.9,999,0.00000001,2.4175,3,0.0212222
2026-02-19-16-39-56,NVIDIA A100-SXM4-80GB,CUDA,GEMM_Adam_CUDA,compute,GPU,10,1048723456,Adam,1,0.9,999,0.00000001,0.095392,3,0.0212222
2026-02-19-16-39-56,NVIDIA A100-SXM4-80GB,CUDA,GEMM_Adam_CUDA,data_transfer,GPU,10,1048723456,Adam,1,0.9,999,0.00000001,2.4881,4,0.0200131
2026-02-19-16-39-56,NVIDIA A100-SXM4-80GB,CUDA,GEMM_Adam_CUDA,compute,GPU,10,1048723456,Adam,1,0.9,999,0.00000001,0.094528,4,0.0200131
2026-02-19-16-39-57,NVIDIA A100-SXM4-80GB,CUDA,GEMM_Adam_CUDA,data_transfer,GPU,10,1048723456,Adam,1,0.9,999,0.00000001,2.51446,5,0.0188475
2026-02-19-16-39-57,NVIDIA A100-SXM4-80GB,CUDA,GEMM_Adam_CUDA,compute,GPU,10,1048723456,Adam,1,0.9,999,0.00000001,0.095072,5,0.0188475
2026-02-19-16-39-57,NVIDIA A100-SXM4-80GB,CUDA,GEMM_Adam_CUDA,data_transfer,GPU,10,1048723456,Adam,1,0.9,999,0.00000001,2.56586,6,0.0177258
2026-02-19-16-39-57,NVIDIA A100-SXM4-80GB,CUDA,GEMM_Adam_CUDA,compute,GPU,10,1048723456,Adam,1,0.9,999,0.00000001,0.09376,6,0.0177258
2026-02-19-16-39-57,NVIDIA A100-SXM4-80GB,CUDA,GEMM_Adam_CUDA,data_transfer,GPU,10,1048723456,Adam,1,0.9,999,0.00000001,2.46026,7,0.0166481
2026-02-19-16-39-57,NVIDIA A100-SXM4-80GB,CUDA,GEMM_Adam_CUDA,compute,GPU,10,1048723456,Adam,1,0.9,999,0.00000001,0.095392,7,0.0166481
2026-02-19-16-39-58,NVIDIA A100-SXM4-80GB,CUDA,GEMM_Adam_CUDA,data_transfer,GPU,10,1048723456,Adam,1,0.9,999,0.00000001,2.56582,8,0.0156143
2026-02-19-16-39-58,NVIDIA A100-SXM4-80GB,CUDA,GEMM_Adam_CUDA,compute,GPU,10,1048723456,Adam,1,0.9,999,0.00000001,0.095424,8,0.0156143
2026-02-19-16-39-58,NVIDIA A100-SXM4-80GB,CUDA,GEMM_Adam_CUDA,data_transfer,GPU,10,1048723456,Adam,1,0.9,999,0.00000001,2.48259,9,0.0146243
2026-02-19-16-39-58,NVIDIA A100-SXM4-80GB,CUDA,GEMM_Adam_CUDA,compute,GPU,10,1048723456,Adam,1,0.9,999,0.00000001,0.09376,9,0.0146243
2026-02-19-16-39-58,NVIDIA A100-SXM4-80GB,CUDA,GEMM_Adam_CUDA,data_transfer,GPU,10,1048723456,Adam,1,0.9,999,0.00000001,3.12234,10,0.0136779
2026-02-19-16-39-58,NVIDIA A100-SXM4-80GB,CUDA,GEMM_Adam_CUDA,compute,GPU,10,1048723456,Adam,1,0.9,999,0.00000001,0.109248,10,0.0136779
2026-02-19-16-40-00,,,GEMM_Adam_CPU,compute,CPU,10,1048723456,Adam,1,0.9,999,0.00000001,23,1,0
2026-02-19-16-40-01,,,GEMM_Adam_CPU,compute,CPU,10,1048723456,Adam,1,0.9,999,0.00000001,17,2,0.0224746
2026-02-19-16-40-01,,,GEMM_Adam_CPU,compute,CPU,10,1048723456,Adam,1,0.9,999,0.00000001,17,3,0.0212222
2026-02-19-16-40-01,,,GEMM_Adam_CPU,compute,CPU,10,1048723456,Adam,1,0.9,999,0.00000001,17,4,0.0200131
2026-02-19-16-40-02,,,GEMM_Adam_CPU,compute,CPU,10,1048723456,Adam,1,0.9,999,0.00000001,17,5,0.0188475
2026-02-19-16-40-02,,,GEMM_Adam_CPU,compute,CPU,10,1048723456,Adam,1,0.9,999,0.00000001,17,6,0.0177258
2026-02-19-16-40-02,,,GEMM_Adam_CPU,compute,CPU,10,1048723456,Adam,1,0.9,999,0.00000001,17,7,0.0166481
2026-02-19-16-40-03,,,GEMM_Adam_CPU,compute,CPU,10,1048723456,Adam,1,0.9,999,0.00000001,17,8,0.0156143
2026-02-19-16-40-03,,,GEMM_Adam_CPU,compute,CPU,10,1048723456,Adam,1,0.9,999,0.00000001,17,9,0.0146243
2026-02-19-16-40-03,,,GEMM_Adam_CPU,compute,CPU,10,1048723456,Adam,1,0.9,999,0.00000001,17,10,0.0136779
2026-02-19-16-40-04,NVIDIA A100-SXM4-80GB,CUDA,GEMM_Adam_CUDA,data_transfer,GPU,10,1048723456,Adam,1,0.9,999,0.00000001,1.9945,1,0
2026-02-19-16-40-04,NVIDIA A100-SXM4-80GB,CUDA,GEMM_Adam_CUDA,compute,GPU,10,1048723456,Adam,1,0.9,999,0.00000001,0.20512,1,0
2026-02-19-16-40-05,NVIDIA A100-SXM4-80GB,CUDA,GEMM_Adam_CUDA,data_transfer,GPU,10,1048723456,Adam,1,0.9,999,0.00000001,1.97507,2,0.0224746
2026-02-19-16-40-05,NVIDIA A100-SXM4-80GB,CUDA,GEMM_Adam_CUDA,compute,GPU,10,1048723456,Adam,1,0.9,999,0.00000001,0.094752,2,0.0224746
2026-02-19-16-40-05,NVIDIA A100-SXM4-80GB,CUDA,GEMM_Adam_CUDA,data_transfer,GPU,10,1048723456,Adam,1,0.9,999,0.00000001,1.97603,3,0.0212222
2026-02-19-16-40-05,NVIDIA A100-SXM4-80GB,CUDA,GEMM_Adam_CUDA,compute,GPU,10,1048723456,Adam,1,0.9,999,0.00000001,0.093376,3,0.0212222
2026-02-19-16-40-05,NVIDIA A100-SXM4-80GB,CUDA,GEMM_Adam_CUDA,data_transfer,GPU,10,1048723456,Adam,1,0.9,999,0.00000001,2.00138,4,0.0200131
2026-02-19-16-40-05,NVIDIA A100-SXM4-80GB,CUDA,GEMM_Adam_CUDA,compute,GPU,10,1048723456,Adam,1,0.9,999,0.00000001,0.09392,4,0.0200131
2026-02-19-16-40-06,NVIDIA A100-SXM4-80GB,CUDA,GEMM_Adam_CUDA,data_transfer,GPU,10,1048723456,Adam,1,0.9,999,0.00000001,2.07331,5,0.0188475
2026-02-19-16-40-06,NVIDIA A100-SXM4-80GB,CUDA,GEMM_Adam_CUDA,compute,GPU,10,1048723456,Adam,1,0.9,999,0.00000001,0.096576,5,0.0188475
2026-02-19-16-40-06,NVIDIA A100-SXM4-80GB,CUDA,GEMM_Adam_CUDA,data_transfer,GPU,10,1048723456,Adam,1,0.9,999,0.00000001,2.1063,6,0.0177258
2026-02-19-16-40-06,NVIDIA A100-SXM4-80GB,CUDA,GEMM_Adam_CUDA,compute,GPU,10,1048723456,Adam,1,0.9,999,0.00000001,0.093632,6,0.0177258
2026-02-19-16-40-07,NVIDIA A100-SXM4-80GB,CUDA,GEMM_Adam_CUDA,data_transfer,GPU,10,1048723456,Adam,1,0.9,999,0.00000001,2.79894,7,0.0166481
2026-02-19-16-40-07,NVIDIA A100-SXM4-80GB,CUDA,GEMM_Adam_CUDA,compute,GPU,10,1048723456,Adam,1,0.9,999,0.00000001,0.098624,7,0.0166481
2026-02-19-16-40-07,NVIDIA A100-SXM4-80GB,CUDA,GEMM_Adam_CUDA,data_transfer,GPU,10,1048723456,Adam,1,0.9,999,0.00000001,1.96502,8,0.0156143
2026-02-19-16-40-07,NVIDIA A100-SXM4-80GB,CUDA,GEMM_Adam_CUDA,compute,GPU,10,1048723456,Adam,1,0.9,999,0.00000001,0.09584,8,0.0156143
2026-02-19-16-40-07,NVIDIA A100-SXM4-80GB,CUDA,GEMM_Adam_CUDA,data_transfer,GPU,10,1048723456,Adam,1,0.9,999,0.00000001,2.3072,9,0.0146243
2026-02-19-16-40-07,NVIDIA A100-SXM4-80GB,CUDA,GEMM_Adam_CUDA,compute,GPU,10,1048723456,Adam,1,0.9,999,0.00000001,0.10784,9,0.0146243
2026-02-19-16-40-08,NVIDIA A100-SXM4-80GB,CUDA,GEMM_Adam_CUDA,data_transfer,GPU,10,1048723456,Adam,1,0.9,999,0.00000001,1.93952,10,0.0136779
2026-02-19-16-40-08,NVIDIA A100-SXM4-80GB,CUDA,GEMM_Adam_CUDA,compute,GPU,10,1048723456,Adam,1,0.9,999,0.00000001,0.093728,10,0.0136779
2026-02-19-16-40-09,,,GEMM_Adam_CPU,compute,CPU,10,1048723456,Adam,1,0.9,999,0.00000001,22,1,0
2026-02-19-16-40-10,,,GEMM_Adam_CPU,compute,CPU,10,1048723456,Adam,1,0.9,999,0.00000001,17,2,0.0224746
2026-02-19-16-40-10,,,GEMM_Adam_CPU,compute,CPU,10,1048723456,Adam,1,0.9,999,0.00000001,17,3,0.0212222
2026-02-19-16-40-10,,,GEMM_Adam_CPU,compute,CPU,10,1048723456,Adam,1,0.9,999,0.00000001,17,4,0.0200131
2026-02-19-16-40-11,,,GEMM_Adam_CPU,compute,CPU,10,1048723456,Adam,1,0.9,999,0.00000001,17,5,0.0188475
2026-02-19-16-40-11,,,GEMM_Adam_CPU,compute,CPU,10,1048723456,Adam,1,0.9,999,0.00000001,17,6,0.0177258
2026-02-19-16-40-11,,,GEMM_Adam_CPU,compute,CPU,10,1048723456,Adam,1,0.9,999,0.00000001,17,7,0.0166481
2026-02-19-16-40-12,,,GEMM_Adam_CPU,compute,CPU,10,1048723456,Adam,1,0.9,999,0.00000001,17,8,0.0156143
2026-02-19-16-40-12,,,GEMM_Adam_CPU,compute,CPU,10,1048723456,Adam,1,0.9,999,0.00000001,17,9,0.0146243
2026-02-19-16-40-12,,,GEMM_Adam_CPU,compute,CPU,10,1048723456,Adam,1,0.9,999,0.00000001,17,10,0.0136779
2026-02-19-16-40-13,NVIDIA A100-SXM4-80GB,CUDA,GEMM_Adam_CUDA,data_transfer,GPU,10,1048723456,Adam,1,0.9,999,0.00000001,1.93325,1,0
2026-02-19-16-40-13,NVIDIA A100-SXM4-80GB,CUDA,GEMM_Adam_CUDA,compute,GPU,10,1048723456,Adam,1,0.9,999,0.00000001,0.21616,1,0
2026-02-19-16-40-14,NVIDIA A100-SXM4-80GB,CUDA,GEMM_Adam_CUDA,data_transfer,GPU,10,1048723456,Adam,1,0.9,999,0.00000001,2.49322,2,0.0224746
2026-02-19-16-40-14,NVIDIA A100-SXM4-80GB,CUDA,GEMM_Adam_CUDA,compute,GPU,10,1048723456,Adam,1,0.9,999,0.00000001,0.0952,2,0.0224746
2026-02-19-16-40-14,NVIDIA A100-SXM4-80GB,CUDA,GEMM_Adam_CUDA,data_transfer,GPU,10,1048723456,Adam,1,0.9,999,0.00000001,2.52006,3,0.0212222
2026-02-19-16-40-14,NVIDIA A100-SXM4-80GB,CUDA,GEMM_Adam_CUDA,compute,GPU,10,1048723456,Adam,1,0.9,999,0.00000001,0.094048,3,0.0212222
2026-02-19-16-40-14,NVIDIA A100-SXM4-80GB,CUDA,GEMM_Adam_CUDA,data_transfer,GPU,10,1048723456,Adam,1,0.9,999,0.00000001,2.55946,4,0.0200131
2026-02-19-16-40-14,NVIDIA A100-SXM4-80GB,CUDA,GEMM_Adam_CUDA,compute,GPU,10,1048723456,Adam,1,0.9,999,0.00000001,0.093248,4,0.0200131
2026-02-19-16-40-15,NVIDIA A100-SXM4-80GB,CUDA,GEMM_Adam_CUDA,data_transfer,GPU,10,1048723456,Adam,1,0.9,999,0.00000001,2.4023,5,0.0188475
2026-02-19-16-40-15,NVIDIA A100-SXM4-80GB,CUDA,GEMM_Adam_CUDA,compute,GPU,10,1048723456,Adam,1,0.9,999,0.00000001,0.093504,5,0.0188475
2026-02-19-16-40-15,NVIDIA A100-SXM4-80GB,CUDA,GEMM_Adam_CUDA,data_transfer,GPU,10,1048723456,Adam,1,0.9,999,0.00000001,2.51376,6,0.0177258
2026-02-19-16-40-15,NVIDIA A100-SXM4-80GB,CUDA,GEMM_Adam_CUDA,compute,GPU,10,1048723456,Adam,1,0.9,999,0.00000001,0.093504,6,0.0177258
2026-02-19-16-40-15,NVIDIA A100-SXM4-80GB,CUDA,GEMM_Adam_CUDA,data_transfer,GPU,10,1048723456,Adam,1,0.9,999,0.00000001,2.22554,7,0.0166481
2026-02-19-16-40-15,NVIDIA A100-SXM4-80GB,CUDA,GEMM_Adam_CUDA,compute,GPU,10,1048723456,Adam,1,0.9,999,0.00000001,0.094976,7,0.0166481
2026-02-19-16-40-16,NVIDIA A100-SXM4-80GB,CUDA,GEMM_Adam_CUDA,data_transfer,GPU,10,1048723456,Adam,1,0.9,999,0.00000001,2.16586,8,0.0156143
2026-02-19-16-40-16,NVIDIA A100-SXM4-80GB,CUDA,GEMM_Adam_CUDA,compute,GPU,10,1048723456,Adam,1,0.9,999,0.00000001,0.094912,8,0.0156143
2026-02-19-16-40-16,NVIDIA A100-SXM4-80GB,CUDA,GEMM_Adam_CUDA,data_transfer,GPU,10,1048723456,Adam,1,0.9,999,0.00000001,2.00192,9,0.0146243
2026-02-19-16-40-16,NVIDIA A100-SXM4-80GB,CUDA,GEMM_Adam_CUDA,compute,GPU,10,1048723456,Adam,1,0.9,999,0.00000001,0.093472,9,0.0146243
2026-02-19-16-40-16,NVIDIA A100-SXM4-80GB,CUDA,GEMM_Adam_CUDA,data_transfer,GPU,10,1048723456,Adam,1,0.9,999,0.00000001,2.46237,10,0.0136779
2026-02-19-16-40-16,NVIDIA A100-SXM4-80GB,CUDA,GEMM_Adam_CUDA,compute,GPU,10,1048723456,Adam,1,0.9,999,0.00000001,0.106464,10,0.0136779
2026-02-19-16-40-19,,,GEMM_Adam_CPU,compute,CPU,10,1048723456,Adam,1,0.9,999,0.00000001,22,1,0
2026-02-19-16-40-19,,,GEMM_Adam_CPU,compute,CPU,10,1048723456,Adam,1,0.9,999,0.00000001,17,2,0.0224746
2026-02-19-16-40-19,,,GEMM_Adam_CPU,compute,CPU,10,1048723456,Adam,1,0.9,999,0.00000001,17,3,0.0212222
2026-02-19-16-40-20,,,GEMM_Adam_CPU,compute,CPU,10,1048723456,Adam,1,0.9,999,0.00000001,17,4,0.0200131
2026-02-19-16-40-20,,,GEMM_Adam_CPU,compute,CPU,10,1048723456,Adam,1,0.9,999,0.00000001,17,5,0.0188475
2026-02-19-16-40-20,,,GEMM_Adam_CPU,compute,CPU,10,1048723456,Adam,1,0.9,999,0.00000001,17,6,0.0177258
2026-02-19-16-40-21,,,GEMM_Adam_CPU,compute,CPU,10,1048723456,Adam,1,0.9,999,0.00000001,17,7,0.0166481
2026-02-19-16-40-21,,,GEMM_Adam_CPU,compute,CPU,10,1048723456,Adam,1,0.9,999,0.00000001,17,8,0.0156143
2026-02-19-16-40-21,,,GEMM_Adam_CPU,compute,CPU,10,1048723456,Adam,1,0.9,999,0.00000001,17,9,0.0146243
2026-02-19-16-40-22,,,GEMM_Adam_CPU,compute,CPU,10,1048723456,Adam,1,0.9,999,0.00000001,17,10,0.0136779
2026-02-19-16-40-23,NVIDIA A100-SXM4-80GB,CUDA,GEMM_Adam_CUDA,data_transfer,GPU,10,1048723456,Adam,1,0.9,999,0.00000001,2.02621,1,0
2026-02-19-16-40-23,NVIDIA A100-SXM4-80GB,CUDA,GEMM_Adam_CUDA,compute,GPU,10,1048723456,Adam,1,0.9,999,0.00000001,0.216672,1,0
2026-02-19-16-40-23,NVIDIA A100-SXM4-80GB,CUDA,GEMM_Adam_CUDA,data_transfer,GPU,10,1048723456,Adam,1,0.9,999,0.00000001,2.1657,2,0.0224746
2026-02-19-16-40-23,NVIDIA A100-SXM4-80GB,CUDA,GEMM_Adam_CUDA,compute,GPU,10,1048723456,Adam,1,0.9,999,0.00000001,0.093184,2,0.0224746
2026-02-19-16-40-23,NVIDIA A100-SXM4-80GB,CUDA,GEMM_Adam_CUDA,data_transfer,GPU,10,1048723456,Adam,1,0.9,999,0.00000001,1.99898,3,0.0212222
2026-02-19-16-40-23,NVIDIA A100-SXM4-80GB,CUDA,GEMM_Adam_CUDA,compute,GPU,10,1048723456,Adam,1,0.9,999,0.00000001,0.09536,3,0.0212222
2026-02-19-16-40-24,NVIDIA A100-SXM4-80GB,CUDA,GEMM_Adam_CUDA,data_transfer,GPU,10,1048723456,Adam,1,0.9,999,0.00000001,2.04077,4,0.0200131
2026-02-19-16-40-24,NVIDIA A100-SXM4-80GB,CUDA,GEMM_Adam_CUDA,compute,GPU,10,1048723456,Adam,1,0.9,999,0.00000001,0.094848,4,0.0200131
2026-02-19-16-40-24,NVIDIA A100-SXM4-80GB,CUDA,GEMM_Adam_CUDA,data_transfer,GPU,10,1048723456,Adam,1,0.9,999,0.00000001,1.98458,5,0.0188475
2026-02-19-16-40-24,NVIDIA A100-SXM4-80GB,CUDA,GEMM_Adam_CUDA,compute,GPU,10,1048723456,Adam,1,0.9,999,0.00000001,0.094528,5,0.0188475
2026-02-19-16-40-24,NVIDIA A100-SXM4-80GB,CUDA,GEMM_Adam_CUDA,data_transfer,GPU,10,1048723456,Adam,1,0.9,999,0.00000001,2.03075,6,0.0177258
2026-02-19-16-40-24,NVIDIA A100-SXM4-80GB,CUDA,GEMM_Adam_CUDA,compute,GPU,10,1048723456,Adam,1,0.9,999,0.00000001,0.096032,6,0.0177258
2026-02-19-16-40-25,NVIDIA A100-SXM4-80GB,CUDA,GEMM_Adam_CUDA,data_transfer,GPU,10,1048723456,Adam,1,0.9,999,0.00000001,2.13718,7,0.0166481
2026-02-19-16-40-25,NVIDIA A100-SXM4-80GB,CUDA,GEMM_Adam_CUDA,compute,GPU,10,1048723456,Adam,1,0.9,999,0.00000001,0.094752,7,0.0166481
2026-02-19-16-40-25,NVIDIA A100-SXM4-80GB,CUDA,GEMM_Adam_CUDA,data_transfer,GPU,10,1048723456,Adam,1,0.9,999,0.00000001,2.3176,8,0.0156143
2026-02-19-16-40-25,NVIDIA A100-SXM4-80GB,CUDA,GEMM_Adam_CUDA,compute,GPU,10,1048723456,Adam,1,0.9,999,0.00000001,0.095616,8,0.0156143
2026-02-19-16-40-25,NVIDIA A100-SXM4-80GB,CUDA,GEMM_Adam_CUDA,data_transfer,GPU,10,1048723456,Adam,1,0.9,999,0.00000001,1.95328,9,0.0146243
2026-02-19-16-40-25,NVIDIA A100-SXM4-80GB,CUDA,GEMM_Adam_CUDA,compute,GPU,10,1048723456,Adam,1,0.9,999,0.00000001,0.09376,9,0.0146243
2026-02-19-16-40-26,NVIDIA A100-SXM4-80GB,CUDA,GEMM_Adam_CUDA,data_transfer,GPU,10,1048723456,Adam,1,0.9,999,0.00000001,2.5504,10,0.0136779
2026-02-19-16-40-26,NVIDIA A100-SXM4-80GB,CUDA,GEMM_Adam_CUDA,compute,GPU,10,1048723456,Adam,1,0.9,999,0.00000001,0.108704,10,0.0136779
2026-02-19-16-53-24,,,GEMM_Adam_CPU,compute,CPU,10,1048723456,Adam,1,0.9,999,0.00000001,26,1,0
2026-02-19-16-53-25,,,GEMM_Adam_CPU,compute,CPU,10,1048723456,Adam,1,0.9,999,0.00000001,18,2,0.0224746
2026-02-19-16-53-25,,,GEMM_Adam_CPU,compute,CPU,10,1048723456,Adam,1,0.9,999,0.00000001,20,3,0.0212222
2026-02-19-16-53-25,,,GEMM_Adam_CPU,compute,CPU,10,1048723456,Adam,1,0.9,999,0.00000001,18,4,0.0200131
2026-02-19-16-53-26,,,GEMM_Adam_CPU,compute,CPU,10,1048723456,Adam,1,0.9,999,0.00000001,20,5,0.0188475
2026-02-19-16-53-26,,,GEMM_Adam_CPU,compute,CPU,10,1048723456,Adam,1,0.9,999,0.00000001,18,6,0.0177258
2026-02-19-16-53-27,,,GEMM_Adam_CPU,compute,CPU,10,1048723456,Adam,1,0.9,999,0.00000001,20,7,0.0166481
2026-02-19-16-53-27,,,GEMM_Adam_CPU,compute,CPU,10,1048723456,Adam,1,0.9,999,0.00000001,19,8,0.0156143
2026-02-19-16-53-27,,,GEMM_Adam_CPU,compute,CPU,10,1048723456,Adam,1,0.9,999,0.00000001,21,9,0.0146243
2026-02-19-16-53-28,,,GEMM_Adam_CPU,compute,CPU,10,1048723456,Adam,1,0.9,999,0.00000001,20,10,0.0136779
2026-02-19-16-53-29,NVIDIA A100-SXM4-80GB,CUDA,GEMM_Adam_CUDA,data_transfer,GPU,10,1048723456,Adam,1,0.9,999,0.00000001,1.92275,1,0
2026-02-19-16-53-29,NVIDIA A100-SXM4-80GB,CUDA,GEMM_Adam_CUDA,compute,GPU,10,1048723456,Adam,1,0.9,999,0.00000001,0.221952,1,0
2026-02-19-16-53-29,NVIDIA A100-SXM4-80GB,CUDA,GEMM_Adam_CUDA,data_transfer,GPU,10,1048723456,Adam,1,0.9,999,0.00000001,1.74557,2,0.0224746
2026-02-19-16-53-29,NVIDIA A100-SXM4-80GB,CUDA,GEMM_Adam_CUDA,compute,GPU,10,1048723456,Adam,1,0.9,999,0.00000001,0.10144,2,0.0224746
2026-02-19-16-53-29,NVIDIA A100-SXM4-80GB,CUDA,GEMM_Adam_CUDA,data_transfer,GPU,10,1048723456,Adam,1,0.9,999,0.00000001,1.856,3,0.0212222
2026-02-19-16-53-29,NVIDIA A100-SXM4-80GB,CUDA,GEMM_Adam_CUDA,compute,GPU,10,1048723456,Adam,1,0.9,999,0.00000001,0.10448,3,0.0212222
2026-02-19-16-53-30,NVIDIA A100-SXM4-80GB,CUDA,GEMM_Adam_CUDA,data_transfer,GPU,10,1048723456,Adam,1,0.9,999,0.00000001,1.73373,4,0.0200131
2026-02-19-16-53-30,NVIDIA A100-SXM4-80GB,CUDA,GEMM_Adam_CUDA,compute,GPU,10,1048723456,Adam,1,0.9,999,0.00000001,0.1016,4,0.0200131
2026-02-19-16-53-30,NVIDIA A100-SXM4-80GB,CUDA,GEMM_Adam_CUDA,data_transfer,GPU,10,1048723456,Adam,1,0.9,999,0.00000001,1.92253,5,0.0188475
2026-02-19-16-53-30,NVIDIA A100-SXM4-80GB,CUDA,GEMM_Adam_CUDA,compute,GPU,10,1048723456,Adam,1,0.9,999,0.00000001,0.103648,5,0.0188475
2026-02-19-16-53-31,NVIDIA A100-SXM4-80GB,CUDA,GEMM_Adam_CUDA,data_transfer,GPU,10,1048723456,Adam,1,0.9,999,0.00000001,2.19002,6,0.0177258
2026-02-19-16-53-31,NVIDIA A100-SXM4-80GB,CUDA,GEMM_Adam_CUDA,compute,GPU,10,1048723456,Adam,1,0.9,999,0.00000001,0.115136,6,0.0177258
2026-02-19-16-53-31,NVIDIA A100-SXM4-80GB,CUDA,GEMM_Adam_CUDA,data_transfer,GPU,10,1048723456,Adam,1,0.9,999,0.00000001,1.7472,7,0.0166481
2026-02-19-16-53-31,NVIDIA A100-SXM4-80GB,CUDA,GEMM_Adam_CUDA,compute,GPU,10,1048723456,Adam,1,0.9,999,0.00000001,0.105664,7,0.0166481
2026-02-19-16-53-31,NVIDIA A100-SXM4-80GB,CUDA,GEMM_Adam_CUDA,data_transfer,GPU,10,1048723456,Adam,1,0.9,999,0.00000001,2.31722,8,0.0156143
2026-02-19-16-53-31,NVIDIA A100-SXM4-80GB,CUDA,GEMM_Adam_CUDA,compute,GPU,10,1048723456,Adam,1,0.9,999,0.00000001,0.105632,8,0.0156143
2026-02-19-16-53-32,NVIDIA A100-SXM4-80GB,CUDA,GEMM_Adam_CUDA,data_transfer,GPU,10,1048723456,Adam,1,0.9,999,0.00000001,1.99872,9,0.0146243
2026-02-19-16-53-32,NVIDIA A100-SXM4-80GB,CUDA,GEMM_Adam_CUDA,compute,GPU,10,1048723456,Adam,1,0.9,999,0.00000001,0.103968,9,0.0146243
2026-02-19-16-53-32,NVIDIA A100-SXM4-80GB,CUDA,GEMM_Adam_CUDA,data_transfer,GPU,10,1048723456,Adam,1,0.9,999,0.00000001,2.11875,10,0.0136779
2026-02-19-16-53-32,NVIDIA A100-SXM4-80GB,CUDA,GEMM_Adam_CUDA,compute,GPU,10,1048723456,Adam,1,0.9,999,0.00000001,0.102816,10,0.0136779
2026-03-06-08-54-37,,,GEMM_Adam_CPU,compute,CPU,10,1048723456,Adam,1,0.9,999,0.00000001,23,1,nan
2026-03-06-08-54-38,,,GEMM_Adam_CPU,compute,CPU,10,1048723456,Adam,1,0.9,999,0.00000001,17,2,nan
2026-03-06-08-54-38,,,GEMM_Adam_CPU,compute,CPU,10,1048723456,Adam,1,0.9,999,0.00000001,17,3,nan
2026-03-06-08-54-39,,,GEMM_Adam_CPU,compute,CPU,10,1048723456,Adam,1,0.9,999,0.00000001,17,4,nan
2026-03-06-08-54-39,,,GEMM_Adam_CPU,compute,CPU,10,1048723456,Adam,1,0.9,999,0.00000001,17,5,nan
2026-03-06-08-54-40,,,GEMM_Adam_CPU,compute,CPU,10,1048723456,Adam,1,0.9,999,0.00000001,17,6,0.0177258
2026-03-06-08-54-40,,,GEMM_Adam_CPU,compute,CPU,10,1048723456,Adam,1,0.9,999,0.00000001,15,7,0.0166481
2026-03-06-08-54-40,,,GEMM_Adam_CPU,compute,CPU,10,1048723456,Adam,1,0.9,999,0.00000001,17,8,0.0156143
2026-03-06-08-54-41,,,GEMM_Adam_CPU,compute,CPU,10,1048723456,Adam,1,0.9,999,0.00000001,17,9,0.0146243
2026-03-06-08-54-41,,,GEMM_Adam_CPU,compute,CPU,10,1048723456,Adam,1,0.9,999,0.00000001,17,10,0.0136779
2026-03-06-08-57-22,,,GEMM_Adam_CPU,compute,CPU,10,1048723456,Adam,1,0.9,999,0.00000001,23,1,0
2026-03-06-08-57-22,,,GEMM_Adam_CPU,compute,CPU,10,1048723456,Adam,1,0.9,999,0.00000001,17,2,0.0224746
2026-03-06-08-57-23,,,GEMM_Adam_CPU,compute,CPU,10,1048723456,Adam,1,0.9,999,0.00000001,15,3,0.0212222
2026-03-06-08-57-23,,,GEMM_Adam_CPU,compute,CPU,10,1048723456,Adam,1,0.9,999,0.00000001,17,4,0.0200131
2026-03-06-08-57-24,,,GEMM_Adam_CPU,compute,CPU,10,1048723456,Adam,1,0.9,999,0.00000001,17,5,0.0188475
2026-03-06-08-57-24,,,GEMM_Adam_CPU,compute,CPU,10,1048723456,Adam,1,0.9,999,0.00000001,17,6,0.0177258
2026-03-06-08-57-24,,,GEMM_Adam_CPU,compute,CPU,10,1048723456,Adam,1,0.9,999,0.00000001,17,7,0.0166481
2026-03-06-08-57-25,,,GEMM_Adam_CPU,compute,CPU,10,1048723456,Adam,1,0.9,999,0.00000001,17,8,0.0156143
2026-03-06-08-57-25,,,GEMM_Adam_CPU,compute,CPU,10,1048723456,Adam,1,0.9,999,0.00000001,17,9,0.0146243
2026-03-06-08-57-26,,,GEMM_Adam_CPU,compute,CPU,10,1048723456,Adam,1,0.9,999,0.00000001,17,10,0.0136779
2026-03-06-08-59-22,,,GEMM_Adam_CPU,compute,CPU,10,1048723456,Adam,1,0.9,999,0.00000001,21,1,0
2026-03-06-08-59-23,,,GEMM_Adam_CPU,compute,CPU,10,1048723456,Adam,1,0.9,999,0.00000001,17,2,0.0224746
2026-03-06-08-59-23,,,GEMM_Adam_CPU,compute,CPU,10,1048723456,Adam,1,0.9,999,0.00000001,17,3,0.0212222
2026-03-06-08-59-23,,,GEMM_Adam_CPU,compute,CPU,10,1048723456,Adam,1,0.9,999,0.00000001,17,4,0.0200131
2026-03-06-08-59-24,,,GEMM_Adam_CPU,compute,CPU,10,1048723456,Adam,1,0.9,999,0.00000001,17,5,0.0188475
2026-03-06-08-59-24,,,GEMM_Adam_CPU,compute,CPU,10,1048723456,Adam,1,0.9,999,0.00000001,17,6,0.0177258
2026-03-06-08-59-24,,,GEMM_Adam_CPU,compute,CPU,10,1048723456,Adam,1,0.9,999,0.00000001,17,7,0.0166481
2026-03-06-08-59-25,,,GEMM_Adam_CPU,compute,CPU,10,1048723456,Adam,1,0.9,999,0.00000001,17,8,0.0156143
2026-03-06-08-59-25,,,GEMM_Adam_CPU,compute,CPU,10,1048723456,Adam,1,0.9,999,0.00000001,17,9,0.0146243
2026-03-06-08-59-25,,,GEMM_Adam_CPU,compute,CPU,10,1048723456,Adam,1,0.9,999,0.00000001,17,10,0.0136779
2026-03-06-08-59-26,NVIDIA A100-SXM4-80GB,CUDA,GEMM_Adam_CUDA,data_transfer,GPU,10,1048723456,Adam,1,0.9,999,0.00000001,1.68016,1,0
2026-03-06-08-59-26,NVIDIA A100-SXM4-80GB,CUDA,GEMM_Adam_CUDA,compute,GPU,10,1048723456,Adam,1,0.9,999,0.00000001,0.742144,1,0
2026-03-06-08-59-26,NVIDIA A100-SXM4-80GB,CUDA,GEMM_Adam_CUDA,data_transfer,GPU,10,1048723456,Adam,1,0.9,999,0.00000001,2.22102,2,0.0224746
2026-03-06-08-59-26,NVIDIA A100-SXM4-80GB,CUDA,GEMM_Adam_CUDA,compute,GPU,10,1048723456,Adam,1,0.9,999,0.00000001,0.095328,2,0.0224746
2026-03-06-08-59-27,NVIDIA A100-SXM4-80GB,CUDA,GEMM_Adam_CUDA,data_transfer,GPU,10,1048723456,Adam,1,0.9,999,0.00000001,2.3248,3,0.0212222
2026-03-06-08-59-27,NVIDIA A100-SXM4-80GB,CUDA,GEMM_Adam_CUDA,compute,GPU,10,1048723456,Adam,1,0.9,999,0.00000001,0.092224,3,0.0212222
2026-03-06-08-59-27,NVIDIA A100-SXM4-80GB,CUDA,GEMM_Adam_CUDA,data_transfer,GPU,10,1048723456,Adam,1,0.9,999,0.00000001,2.06464,4,0.0200131
2026-03-06-08-59-27,NVIDIA A100-SXM4-80GB,CUDA,GEMM_Adam_CUDA,compute,GPU,10,1048723456,Adam,1,0.9,999,0.00000001,0.28512,4,0.0200131
2026-03-06-08-59-27,NVIDIA A100-SXM4-80GB,CUDA,GEMM_Adam_CUDA,data_transfer,GPU,10,1048723456,Adam,1,0.9,999,0.00000001,2.07075,5,0.0188475
2026-03-06-08-59-27,NVIDIA A100-SXM4-80GB,CUDA,GEMM_Adam_CUDA,compute,GPU,10,1048723456,Adam,1,0.9,999,0.00000001,0.235488,5,0.0188475
2026-03-06-08-59-28,NVIDIA A100-SXM4-80GB,CUDA,GEMM_Adam_CUDA,data_transfer,GPU,10,1048723456,Adam,1,0.9,999,0.00000001,2.06778,6,0.0177258
2026-03-06-08-59-28,NVIDIA A100-SXM4-80GB,CUDA,GEMM_Adam_CUDA,compute,GPU,10,1048723456,Adam,1,0.9,999,0.00000001,0.09248,6,0.0177258
2026-03-06-08-59-28,NVIDIA A100-SXM4-80GB,CUDA,GEMM_Adam_CUDA,data_transfer,GPU,10,1048723456,Adam,1,0.9,999,0.00000001,2.41162,7,0.0166481
2026-03-06-08-59-28,NVIDIA A100-SXM4-80GB,CUDA,GEMM_Adam_CUDA,compute,GPU,10,1048723456,Adam,1,0.9,999,0.00000001,0.10176,7,0.0166481
2026-03-06-08-59-28,NVIDIA A100-SXM4-80GB,CUDA,GEMM_Adam_CUDA,data_transfer,GPU,10,1048723456,Adam,1,0.9,999,0.00000001,1.99046,8,0.0156143
2026-03-06-08-59-28,NVIDIA A100-SXM4-80GB,CUDA,GEMM_Adam_CUDA,compute,GPU,10,1048723456,Adam,1,0.9,999,0.00000001,0.089568,8,0.0156143
2026-03-06-08-59-29,NVIDIA A100-SXM4-80GB,CUDA,GEMM_Adam_CUDA,data_transfer,GPU,10,1048723456,Adam,1,0.9,999,0.00000001,2.06323,9,0.0146243
2026-03-06-08-59-29,NVIDIA A100-SXM4-80GB,CUDA,GEMM_Adam_CUDA,compute,GPU,10,1048723456,Adam,1,0.9,999,0.00000001,0.090976,9,0.0146243
2026-03-06-08-59-29,NVIDIA A100-SXM4-80GB,CUDA,GEMM_Adam_CUDA,data_transfer,GPU,10,1048723456,Adam,1,0.9,999,0.00000001,2.17066,10,0.0136779
2026-03-06-08-59-29,NVIDIA A100-SXM4-80GB,CUDA,GEMM_Adam_CUDA,compute,GPU,10,1048723456,Adam,1,0.9,999,0.00000001,0.095232,10,0.0136779
2026-03-06-08-59-35,,,GEMM_Adam_CPU,compute,CPU,10,1048723456,Adam,1,0.9,999,0.00000001,21,1,0
2026-03-06-08-59-35,,,GEMM_Adam_CPU,compute,CPU,10,1048723456,Adam,1,0.9,999,0.00000001,17,2,0.0224746
2026-03-06-08-59-35,,,GEMM_Adam_CPU,compute,CPU,10,1048723456,Adam,1,0.9,999,0.00000001,17,3,0.0212222
2026-03-06-08-59-36,,,GEMM_Adam_CPU,compute,CPU,10,1048723456,Adam,1,0.9,999,0.00000001,17,4,0.0200131
2026-03-06-08-59-36,,,GEMM_Adam_CPU,compute,CPU,10,1048723456,Adam,1,0.9,999,0.00000001,17,5,0.0188475
2026-03-06-08-59-36,,,GEMM_Adam_CPU,compute,CPU,10,1048723456,Adam,1,0.9,999,0.00000001,17,6,0.0177258
2026-03-06-08-59-37,,,GEMM_Adam_CPU,compute,CPU,10,1048723456,Adam,1,0.9,999,0.00000001,17,7,0.0166481
2026-03-06-08-59-37,,,GEMM_Adam_CPU,compute,CPU,10,1048723456,Adam,1,0.9,999,0.00000001,17,8,0.0156143
2026-03-06-08-59-37,,,GEMM_Adam_CPU,compute,CPU,10,1048723456,Adam,1,0.9,999,0.00000001,17,9,0.0146243
2026-03-06-08-59-38,,,GEMM_Adam_CPU,compute,CPU,10,1048723456,Adam,1,0.9,999,0.00000001,17,10,0.0136779
2026-03-06-08-59-38,NVIDIA A100-SXM4-80GB,CUDA,GEMM_Adam_CUDA,data_transfer,GPU,10,1048723456,Adam,1,0.9,999,0.00000001,1.81779,1,0
2026-03-06-08-59-38,NVIDIA A100-SXM4-80GB,CUDA,GEMM_Adam_CUDA,compute,GPU,10,1048723456,Adam,1,0.9,999,0.00000001,0.189344,1,0
2026-03-06-08-59-39,NVIDIA A100-SXM4-80GB,CUDA,GEMM_Adam_CUDA,data_transfer,GPU,10,1048723456,Adam,1,0.9,999,0.00000001,2.20627,2,0.0224746
2026-03-06-08-59-39,NVIDIA A100-SXM4-80GB,CUDA,GEMM_Adam_CUDA,compute,GPU,10,1048723456,Adam,1,0.9,999,0.00000001,0.27424,2,0.0224746
2026-03-06-08-59-39,NVIDIA A100-SXM4-80GB,CUDA,GEMM_Adam_CUDA,data_transfer,GPU,10,1048723456,Adam,1,0.9,999,0.00000001,2.05133,3,0.0212222
2026-03-06-08-59-39,NVIDIA A100-SXM4-80GB,CUDA,GEMM_Adam_CUDA,compute,GPU,10,1048723456,Adam,1,0.9,999,0.00000001,0.228992,3,0.0212222
2026-03-06-08-59-39,NVIDIA A100-SXM4-80GB,CUDA,GEMM_Adam_CUDA,data_transfer,GPU,10,1048723456,Adam,1,0.9,999,0.00000001,2.05869,4,0.0200131
2026-03-06-08-59-39,NVIDIA A100-SXM4-80GB,CUDA,GEMM_Adam_CUDA,compute,GPU,10,1048723456,Adam,1,0.9,999,0.00000001,0.0888,4,0.0200131
2026-03-06-08-59-40,NVIDIA A100-SXM4-80GB,CUDA,GEMM_Adam_CUDA,data_transfer,GPU,10,1048723456,Adam,1,0.9,999,0.00000001,2.05536,5,0.0188475
2026-03-06-08-59-40,NVIDIA A100-SXM4-80GB,CUDA,GEMM_Adam_CUDA,compute,GPU,10,1048723456,Adam,1,0.9,999,0.00000001,0.276352,5,0.0188475
2026-03-06-08-59-40,NVIDIA A100-SXM4-80GB,CUDA,GEMM_Adam_CUDA,data_transfer,GPU,10,1048723456,Adam,1,0.9,999,0.00000001,2.1007,6,0.0177258
2026-03-06-08-59-40,NVIDIA A100-SXM4-80GB,CUDA,GEMM_Adam_CUDA,compute,GPU,10,1048723456,Adam,1,0.9,999,0.00000001,0.09552,6,0.0177258
2026-03-06-08-59-40,NVIDIA A100-SXM4-80GB,CUDA,GEMM_Adam_CUDA,data_transfer,GPU,10,1048723456,Adam,1,0.9,999,0.00000001,2.25754,7,0.0166481
2026-03-06-08-59-40,NVIDIA A100-SXM4-80GB,CUDA,GEMM_Adam_CUDA,compute,GPU,10,1048723456,Adam,1,0.9,999,0.00000001,0.08784,7,0.0166481
2026-03-06-08-59-41,NVIDIA A100-SXM4-80GB,CUDA,GEMM_Adam_CUDA,data_transfer,GPU,10,1048723456,Adam,1,0.9,999,0.00000001,2.11341,8,0.0156143
2026-03-06-08-59-41,NVIDIA A100-SXM4-80GB,CUDA,GEMM_Adam_CUDA,compute,GPU,10,1048723456,Adam,1,0.9,999,0.00000001,0.090368,8,0.0156143
2026-03-06-08-59-41,NVIDIA A100-SXM4-80GB,CUDA,GEMM_Adam_CUDA,data_transfer,GPU,10,1048723456,Adam,1,0.9,999,0.00000001,2.06189,9,0.0146243
2026-03-06-08-59-41,NVIDIA A100-SXM4-80GB,CUDA,GEMM_Adam_CUDA,compute,GPU,10,1048723456,Adam,1,0.9,999,0.00000001,0.101248,9,0.0146243
2026-03-06-08-59-41,NVIDIA A100-SXM4-80GB,CUDA,GEMM_Adam_CUDA,data_transfer,GPU,10,1048723456,Adam,1,0.9,999,0.00000001,2.06138,10,0.0136779
2026-03-06-08-59-41,NVIDIA A100-SXM4-80GB,CUDA,GEMM_Adam_CUDA,compute,GPU,10,1048723456,Adam,1,0.9,999,0.00000001,0.091392,10,0.0136779
2026-03-06-08-59-43,,,GEMM_Adam_CPU,compute,CPU,10,1048723456,Adam,1,0.9,999,0.00000001,21,1,0
2026-03-06-08-59-44,,,GEMM_Adam_CPU,compute,CPU,10,1048723456,Adam,1,0.9,999,0.00000001,17,2,0.0224746
2026-03-06-08-59-44,,,GEMM_Adam_CPU,compute,CPU,10,1048723456,Adam,1,0.9,999,0.00000001,17,3,0.0212222
2026-03-06-08-59-44,,,GEMM_Adam_CPU,compute,CPU,10,1048723456,Adam,1,0.9,999,0.00000001,17,4,0.0200131
2026-03-06-08-59-45,,,GEMM_Adam_CPU,compute,CPU,10,1048723456,Adam,1,0.9,999,0.00000001,17,5,0.0188475
2026-03-06-08-59-45,,,GEMM_Adam_CPU,compute,CPU,10,1048723456,Adam,1,0.9,999,0.00000001,17,6,0.0177258
2026-03-06-08-59-45,,,GEMM_Adam_CPU,compute,CPU,10,1048723456,Adam,1,0.9,999,0.00000001,17,7,0.0166481
2026-03-06-08-59-46,,,GEMM_Adam_CPU,compute,CPU,10,1048723456,Adam,1,0.9,999,0.00000001,17,8,0.0156143
2026-03-06-08-59-46,,,GEMM_Adam_CPU,compute,CPU,10,1048723456,Adam,1,0.9,999,0.00000001,17,9,0.0146243
2026-03-06-08-59-46,,,GEMM_Adam_CPU,compute,CPU,10,1048723456,Adam,1,0.9,999,0.00000001,17,10,0.0136779
2026-03-06-08-59-47,NVIDIA A100-SXM4-80GB,CUDA,GEMM_Adam_CUDA,data_transfer,GPU,10,1048723456,Adam,1,0.9,999,0.00000001,2.0529,1,0
2026-03-06-08-59-47,NVIDIA A100-SXM4-80GB,CUDA,GEMM_Adam_CUDA,compute,GPU,10,1048723456,Adam,1,0.9,999,0.00000001,0.18592,1,0
2026-03-06-08-59-47,NVIDIA A100-SXM4-80GB,CUDA,GEMM_Adam_CUDA,data_transfer,GPU,10,1048723456,Adam,1,0.9,999,0.00000001,2.58122,2,0.0224746
2026-03-06-08-59-47,NVIDIA A100-SXM4-80GB,CUDA,GEMM_Adam_CUDA,compute,GPU,10,1048723456,Adam,1,0.9,999,0.00000001,0.092256,2,0.0224746
2026-03-06-08-59-48,NVIDIA A100-SXM4-80GB,CUDA,GEMM_Adam_CUDA,data_transfer,GPU,10,1048723456,Adam,1,0.9,999,0.00000001,2.29011,3,0.0212222
2026-03-06-08-59-48,NVIDIA A100-SXM4-80GB,CUDA,GEMM_Adam_CUDA,compute,GPU,10,1048723456,Adam,1,0.9,999,0.00000001,0.088448,3,0.0212222
2026-03-06-08-59-48,NVIDIA A100-SXM4-80GB,CUDA,GEMM_Adam_CUDA,data_transfer,GPU,10,1048723456,Adam,1,0.9,999,0.00000001,2.35181,4,0.0200131
2026-03-06-08-59-48,NVIDIA A100-SXM4-80GB,CUDA,GEMM_Adam_CUDA,compute,GPU,10,1048723456,Adam,1,0.9,999,0.00000001,0.090592,4,0.0200131
2026-03-06-08-59-48,NVIDIA A100-SXM4-80GB,CUDA,GEMM_Adam_CUDA,data_transfer,GPU,10,1048723456,Adam,1,0.9,999,0.00000001,2.53002,5,0.0188475
2026-03-06-08-59-48,NVIDIA A100-SXM4-80GB,CUDA,GEMM_Adam_CUDA,compute,GPU,10,1048723456,Adam,1,0.9,999,0.00000001,0.087264,5,0.0188475
2026-03-06-08-59-49,NVIDIA A100-SXM4-80GB,CUDA,GEMM_Adam_CUDA,data_transfer,GPU,10,1048723456,Adam,1,0.9,999,0.00000001,2.38861,6,0.0177258
2026-03-06-08-59-49,NVIDIA A100-SXM4-80GB,CUDA,GEMM_Adam_CUDA,compute,GPU,10,1048723456,Adam,1,0.9,999,0.00000001,0.089504,6,0.0177258
2026-03-06-08-59-49,NVIDIA A100-SXM4-80GB,CUDA,GEMM_Adam_CUDA,data_transfer,GPU,10,1048723456,Adam,1,0.9,999,0.00000001,2.88557,7,0.0166481
2026-03-06-08-59-49,NVIDIA A100-SXM4-80GB,CUDA,GEMM_Adam_CUDA,compute,GPU,10,1048723456,Adam,1,0.9,999,0.00000001,0.096096,7,0.0166481
2026-03-06-08-59-49,NVIDIA A100-SXM4-80GB,CUDA,GEMM_Adam_CUDA,data_transfer,GPU,10,1048723456,Adam,1,0.9,999,0.00000001,2.34611,8,0.0156143
2026-03-06-08-59-49,NVIDIA A100-SXM4-80GB,CUDA,GEMM_Adam_CUDA,compute,GPU,10,1048723456,Adam,1,0.9,999,0.00000001,0.087104,8,0.0156143
2026-03-06-08-59-50,NVIDIA A100-SXM4-80GB,CUDA,GEMM_Adam_CUDA,data_transfer,GPU,10,1048723456,Adam,1,0.9,999,0.00000001,2.52531,9,0.0146243
2026-03-06-08-59-50,NVIDIA A100-SXM4-80GB,CUDA,GEMM_Adam_CUDA,compute,GPU,10,1048723456,Adam,1,0.9,999,0.00000001,0.08752,9,0.0146243
2026-03-06-08-59-50,NVIDIA A100-SXM4-80GB,CUDA,GEMM_Adam_CUDA,data_transfer,GPU,10,1048723456,Adam,1,0.9,999,0.00000001,2.34998,10,0.0136779
2026-03-06-08-59-50,NVIDIA A100-SXM4-80GB,CUDA,GEMM_Adam_CUDA,compute,GPU,10,1048723456,Adam,1,0.9,999,0.00000001,0.087392,10,0.0136779
2026-03-06-08-59-52,,,GEMM_Adam_CPU,compute,CPU,10,1048723456,Adam,1,0.9,999,0.00000001,21,1,0
2026-03-06-08-59-53,,,GEMM_Adam_CPU,compute,CPU,10,1048723456,Adam,1,0.9,999,0.00000001,17,2,0.0224746
2026-03-06-08-59-53,,,GEMM_Adam_CPU,compute,CPU,10,1048723456,Adam,1,0.9,999,0.00000001,17,3,0.0212222
2026-03-06-08-59-53,,,GEMM_Adam_CPU,compute,CPU,10,1048723456,Adam,1,0.9,999,0.00000001,17,4,0.0200131
2026-03-06-08-59-54,,,GEMM_Adam_CPU,compute,CPU,10,1048723456,Adam,1,0.9,999,0.00000001,17,5,0.0188475
2026-03-06-08-59-54,,,GEMM_Adam_CPU,compute,CPU,10,1048723456,Adam,1,0.9,999,0.00000001,17,6,0.0177258
2026-03-06-08-59-54,,,GEMM_Adam_CPU,compute,CPU,10,1048723456,Adam,1,0.9,999,0.00000001,17,7,0.0166481
2026-03-06-08-59-55,,,GEMM_Adam_CPU,compute,CPU,10,1048723456,Adam,1,0.9,999,0.00000001,17,8,0.0156143
2026-03-06-08-59-55,,,GEMM_Adam_CPU,compute,CPU,10,1048723456,Adam,1,0.9,999,0.00000001,17,9,0.0146243
2026-03-06-08-59-55,,,GEMM_Adam_CPU,compute,CPU,10,1048723456,Adam,1,0.9,999,0.00000001,17,10,0.0136779
2026-03-06-08-59-56,NVIDIA A100-SXM4-80GB,CUDA,GEMM_Adam_CUDA,data_transfer,GPU,10,1048723456,Adam,1,0.9,999,0.00000001,2.31299,1,0
2026-03-06-08-59-56,NVIDIA A100-SXM4-80GB,CUDA,GEMM_Adam_CUDA,compute,GPU,10,1048723456,Adam,1,0.9,999,0.00000001,0.189056,1,0
2026-03-06-08-59-56,NVIDIA A100-SXM4-80GB,CUDA,GEMM_Adam_CUDA,data_transfer,GPU,10,1048723456,Adam,1,0.9,999,0.00000001,2.1928,2,0.0224746
2026-03-06-08-59-56,NVIDIA A100-SXM4-80GB,CUDA,GEMM_Adam_CUDA,compute,GPU,10,1048723456,Adam,1,0.9,999,0.00000001,0.279072,2,0.0224746
2026-03-06-08-59-57,NVIDIA A100-SXM4-80GB,CUDA,GEMM_Adam_CUDA,data_transfer,GPU,10,1048723456,Adam,1,0.9,999,0.00000001,2.0703,3,0.0212222
2026-03-06-08-59-57,NVIDIA A100-SXM4-80GB,CUDA,GEMM_Adam_CUDA,compute,GPU,10,1048723456,Adam,1,0.9,999,0.00000001,0.08672,3,0.0212222
2026-03-06-08-59-57,NVIDIA A100-SXM4-80GB,CUDA,GEMM_Adam_CUDA,data_transfer,GPU,10,1048723456,Adam,1,0.9,999,0.00000001,2.06246,4,0.0200131
2026-03-06-08-59-57,NVIDIA A100-SXM4-80GB,CUDA,GEMM_Adam_CUDA,compute,GPU,10,1048723456,Adam,1,0.9,999,0.00000001,0.090688,4,0.0200131
2026-03-06-08-59-57,NVIDIA A100-SXM4-80GB,CUDA,GEMM_Adam_CUDA,data_transfer,GPU,10,1048723456,Adam,1,0.9,999,0.00000001,2.05677,5,0.0188475
2026-03-06-08-59-57,NVIDIA A100-SXM4-80GB,CUDA,GEMM_Adam_CUDA,compute,GPU,10,1048723456,Adam,1,0.9,999,0.00000001,0.087424,5,0.0188475
2026-03-06-08-59-58,NVIDIA A100-SXM4-80GB,CUDA,GEMM_Adam_CUDA,data_transfer,GPU,10,1048723456,Adam,1,0.9,999,0.00000001,2.07437,6,0.0177258
2026-03-06-08-59-58,NVIDIA A100-SXM4-80GB,CUDA,GEMM_Adam_CUDA,compute,GPU,10,1048723456,Adam,1,0.9,999,0.00000001,0.08944,6,0.0177258
2026-03-06-08-59-58,NVIDIA A100-SXM4-80GB,CUDA,GEMM_Adam_CUDA,data_transfer,GPU,10,1048723456,Adam,1,0.9,999,0.00000001,2.39962,7,0.0166481
2026-03-06-08-59-58,NVIDIA A100-SXM4-80GB,CUDA,GEMM_Adam_CUDA,compute,GPU,10,1048723456,Adam,1,0.9,999,0.00000001,0.09824,7,0.0166481
2026-03-06-08-59-58,NVIDIA A100-SXM4-80GB,CUDA,GEMM_Adam_CUDA,data_transfer,GPU,10,1048723456,Adam,1,0.9,999,0.00000001,2.07914,8,0.0156143
2026-03-06-08-59-58,NVIDIA A100-SXM4-80GB,CUDA,GEMM_Adam_CUDA,compute,GPU,10,1048723456,Adam,1,0.9,999,0.00000001,0.088032,8,0.0156143
2026-03-06-08-59-59,NVIDIA A100-SXM4-80GB,CUDA,GEMM_Adam_CUDA,data_transfer,GPU,10,1048723456,Adam,1,0.9,999,0.00000001,2.0999,9,0.0146243
2026-03-06-08-59-59,NVIDIA A100-SXM4-80GB,CUDA,GEMM_Adam_CUDA,compute,GPU,10,1048723456,Adam,1,0.9,999,0.00000001,0.089856,9,0.0146243
2026-03-06-08-59-59,NVIDIA A100-SXM4-80GB,CUDA,GEMM_Adam_CUDA,data_transfer,GPU,10,1048723456,Adam,1,0.9,999,0.00000001,2.06298,10,0.0136779
2026-03-06-08-59-59,NVIDIA A100-SXM4-80GB,CUDA,GEMM_Adam_CUDA,compute,GPU,10,1048723456,Adam,1,0.9,999,0.00000001,0.089632,10,0.0136779
2026-03-06-09-00-01,,,GEMM_Adam_CPU,compute,CPU,10,1048723456,Adam,1,0.9,999,0.00000001,21,1,0
2026-03-06-09-00-01,,,GEMM_Adam_CPU,compute,CPU,10,1048723456,Adam,1,0.9,999,0.00000001,17,2,0.0224746
2026-03-06-09-00-01,,,GEMM_Adam_CPU,compute,CPU,10,1048723456,Adam,1,0.9,999,0.00000001,17,3,0.0212222
2026-03-06-09-00-02,,,GEMM_Adam_CPU,compute,CPU,10,1048723456,Adam,1,0.9,999,0.00000001,17,4,0.0200131
2026-03-06-09-00-02,,,GEMM_Adam_CPU,compute,CPU,10,1048723456,Adam,1,0.9,999,0.00000001,17,5,0.0188475
2026-03-06-09-00-02,,,GEMM_Adam_CPU,compute,CPU,10,1048723456,Adam,1,0.9,999,0.00000001,17,6,0.0177258
2026-03-06-09-00-03,,,GEMM_Adam_CPU,compute,CPU,10,1048723456,Adam,1,0.9,999,0.00000001,17,7,0.0166481
2026-03-06-09-00-03,,,GEMM_Adam_CPU,compute,CPU,10,1048723456,Adam,1,0.9,999,0.00000001,17,8,0.0156143
2026-03-06-09-00-03,,,GEMM_Adam_CPU,compute,CPU,10,1048723456,Adam,1,0.9,999,0.00000001,17,9,0.0146243
2026-03-06-09-00-04,,,GEMM_Adam_CPU,compute,CPU,10,1048723456,Adam,1,0.9,999,0.00000001,17,10,0.0136779
2026-03-06-09-00-05,NVIDIA A100-SXM4-80GB,CUDA,GEMM_Adam_CUDA,data_transfer,GPU,10,1048723456,Adam,1,0.9,999,0.00000001,2.23194,1,0
2026-03-06-09-00-05,NVIDIA A100-SXM4-80GB,CUDA,GEMM_Adam_CUDA,compute,GPU,10,1048723456,Adam,1,0.9,999,0.00000001,0.18672,1,0
2026-03-06-09-00-05,NVIDIA A100-SXM4-80GB,CUDA,GEMM_Adam_CUDA,data_transfer,GPU,10,1048723456,Adam,1,0.9,999,0.00000001,2.23331,2,0.0224746
2026-03-06-09-00-05,NVIDIA A100-SXM4-80GB,CUDA,GEMM_Adam_CUDA,compute,GPU,10,1048723456,Adam,1,0.9,999,0.00000001,0.095808,2,0.0224746
2026-03-06-09-00-05,NVIDIA A100-SXM4-80GB,CUDA,GEMM_Adam_CUDA,data_transfer,GPU,10,1048723456,Adam,1,0.9,999,0.00000001,2.13229,3,0.0212222
2026-03-06-09-00-05,NVIDIA A100-SXM4-80GB,CUDA,GEMM_Adam_CUDA,compute,GPU,10,1048723456,Adam,1,0.9,999,0.00000001,0.094784,3,0.0212222
2026-03-06-09-00-06,NVIDIA A100-SXM4-80GB,CUDA,GEMM_Adam_CUDA,data_transfer,GPU,10,1048723456,Adam,1,0.9,999,0.00000001,2.06656,4,0.0200131
2026-03-06-09-00-06,NVIDIA A100-SXM4-80GB,CUDA,GEMM_Adam_CUDA,compute,GPU,10,1048723456,Adam,1,0.9,999,0.00000001,0.09008,4,0.0200131
2026-03-06-09-00-06,NVIDIA A100-SXM4-80GB,CUDA,GEMM_Adam_CUDA,data_transfer,GPU,10,1048723456,Adam,1,0.9,999,0.00000001,2.04867,5,0.0188475
2026-03-06-09-00-06,NVIDIA A100-SXM4-80GB,CUDA,GEMM_Adam_CUDA,compute,GPU,10,1048723456,Adam,1,0.9,999,0.00000001,0.092128,5,0.0188475
2026-03-06-09-00-06,NVIDIA A100-SXM4-80GB,CUDA,GEMM_Adam_CUDA,data_transfer,GPU,10,1048723456,Adam,1,0.9,999,0.00000001,2.06902,6,0.0177258
2026-03-06-09-00-06,NVIDIA A100-SXM4-80GB,CUDA,GEMM_Adam_CUDA,compute,GPU,10,1048723456,Adam,1,0.9,999,0.00000001,0.090688,6,0.0177258
2026-03-06-09-00-07,NVIDIA A100-SXM4-80GB,CUDA,GEMM_Adam_CUDA,data_transfer,GPU,10,1048723456,Adam,1,0.9,999,0.00000001,2.26874,7,0.0166481
2026-03-06-09-00-07,NVIDIA A100-SXM4-80GB,CUDA,GEMM_Adam_CUDA,compute,GPU,10,1048723456,Adam,1,0.9,999,0.00000001,0.101408,7,0.0166481
2026-03-06-09-00-07,NVIDIA A100-SXM4-80GB,CUDA,GEMM_Adam_CUDA,data_transfer,GPU,10,1048723456,Adam,1,0.9,999,0.00000001,2.07024,8,0.0156143
2026-03-06-09-00-07,NVIDIA A100-SXM4-80GB,CUDA,GEMM_Adam_CUDA,compute,GPU,10,1048723456,Adam,1,0.9,999,0.00000001,0.09072,8,0.0156143
2026-03-06-09-00-07,NVIDIA A100-SXM4-80GB,CUDA,GEMM_Adam_CUDA,data_transfer,GPU,10,1048723456,Adam,1,0.9,999,0.00000001,2.07622,9,0.0146243
2026-03-06-09-00-07,NVIDIA A100-SXM4-80GB,CUDA,GEMM_Adam_CUDA,compute,GPU,10,1048723456,Adam,1,0.9,999,0.00000001,0.0904,9,0.0146243
2026-03-06-09-00-08,NVIDIA A100-SXM4-80GB,CUDA,GEMM_Adam_CUDA,data_transfer,GPU,10,1048723456,Adam,1,0.9,999,0.00000001,2.08061,10,0.0136779
2026-03-06-09-00-08,NVIDIA A100-SXM4-80GB,CUDA,GEMM_Adam_CUDA,compute,GPU,10,1048723456,Adam,1,0.9,999,0.00000001,0.090368,10,0.0136779
2026-03-06-09-00-12,,,GEMM_Adam_CPU,compute,CPU,10,1048723456,Adam,1,0.9,999,0.00000001,21,1,0
2026-03-06-09-00-12,,,GEMM_Adam_CPU,compute,CPU,10,1048723456,Adam,1,0.9,999,0.00000001,17,2,0.0224746
2026-03-06-09-00-13,,,GEMM_Adam_CPU,compute,CPU,10,1048723456,Adam,1,0.9,999,0.00000001,17,3,0.0212222
2026-03-06-09-00-13,,,GEMM_Adam_CPU,compute,CPU,10,1048723456,Adam,1,0.9,999,0.00000001,17,4,0.0200131
2026-03-06-09-00-13,,,GEMM_Adam_CPU,compute,CPU,10,1048723456,Adam,1,0.9,999,0.00000001,17,5,0.0188475
2026-03-06-09-00-14,,,GEMM_Adam_CPU,compute,CPU,10,1048723456,Adam,1,0.9,999,0.00000001,17,6,0.0177258
2026-03-06-09-00-14,,,GEMM_Adam_CPU,compute,CPU,10,1048723456,Adam,1,0.9,999,0.00000001,17,7,0.0166481
2026-03-06-09-00-14,,,GEMM_Adam_CPU,compute,CPU,10,1048723456,Adam,1,0.9,999,0.00000001,17,8,0.0156143
2026-03-06-09-00-15,,,GEMM_Adam_CPU,compute,CPU,10,1048723456,Adam,1,0.9,999,0.00000001,17,9,0.0146243
2026-03-06-09-00-15,,,GEMM_Adam_CPU,compute,CPU,10,1048723456,Adam,1,0.9,999,0.00000001,17,10,0.0136779
2026-03-06-09-00-16,NVIDIA A100-SXM4-80GB,CUDA,GEMM_Adam_CUDA,data_transfer,GPU,10,1048723456,Adam,1,0.9,999,0.00000001,1.76278,1,0
2026-03-06-09-00-16,NVIDIA A100-SXM4-80GB,CUDA,GEMM_Adam_CUDA,compute,GPU,10,1048723456,Adam,1,0.9,999,0.00000001,0.189408,1,0
2026-03-06-09-00-16,NVIDIA A100-SXM4-80GB,CUDA,GEMM_Adam_CUDA,data_transfer,GPU,10,1048723456,Adam,1,0.9,999,0.00000001,2.33197,2,0.0224746
2026-03-06-09-00-16,NVIDIA A100-SXM4-80GB,CUDA,GEMM_Adam_CUDA,compute,GPU,10,1048723456,Adam,1,0.9,999,0.00000001,0.092768,2,0.0224746
2026-03-06-09-00-17,NVIDIA A100-SXM4-80GB,CUDA,GEMM_Adam_CUDA,data_transfer,GPU,10,1048723456,Adam,1,0.9,999,0.00000001,2.1184,3,0.0212222
2026-03-06-09-00-17,NVIDIA A100-SXM4-80GB,CUDA,GEMM_Adam_CUDA,compute,GPU,10,1048723456,Adam,1,0.9,999,0.00000001,0.090976,3,0.0212222
2026-03-06-09-00-17,NVIDIA A100-SXM4-80GB,CUDA,GEMM_Adam_CUDA,data_transfer,GPU,10,1048723456,Adam,1,0.9,999,0.00000001,2.09213,4,0.0200131
2026-03-06-09-00-17,NVIDIA A100-SXM4-80GB,CUDA,GEMM_Adam_CUDA,compute,GPU,10,1048723456,Adam,1,0.9,999,0.00000001,0.089376,4,0.0200131
2026-03-06-09-00-17,NVIDIA A100-SXM4-80GB,CUDA,GEMM_Adam_CUDA,data_transfer,GPU,10,1048723456,Adam,1,0.9,999,0.00000001,2.07571,5,0.0188475
2026-03-06-09-00-17,NVIDIA A100-SXM4-80GB,CUDA,GEMM_Adam_CUDA,compute,GPU,10,1048723456,Adam,1,0.9,999,0.00000001,0.093152,5,0.0188475
2026-03-06-09-00-18,NVIDIA A100-SXM4-80GB,CUDA,GEMM_Adam_CUDA,data_transfer,GPU,10,1048723456,Adam,1,0.9,999,0.00000001,2.13571,6,0.0177258
2026-03-06-09-00-18,NVIDIA A100-SXM4-80GB,CUDA,GEMM_Adam_CUDA,compute,GPU,10,1048723456,Adam,1,0.9,999,0.00000001,0.088832,6,0.0177258
2026-03-06-09-00-18,NVIDIA A100-SXM4-80GB,CUDA,GEMM_Adam_CUDA,data_transfer,GPU,10,1048723456,Adam,1,0.9,999,0.00000001,2.08598,7,0.0166481
2026-03-06-09-00-18,NVIDIA A100-SXM4-80GB,CUDA,GEMM_Adam_CUDA,compute,GPU,10,1048723456,Adam,1,0.9,999,0.00000001,0.090432,7,0.0166481
2026-03-06-09-00-18,NVIDIA A100-SXM4-80GB,CUDA,GEMM_Adam_CUDA,data_transfer,GPU,10,1048723456,Adam,1,0.9,999,0.00000001,2.08013,8,0.0156143
2026-03-06-09-00-18,NVIDIA A100-SXM4-80GB,CUDA,GEMM_Adam_CUDA,compute,GPU,10,1048723456,Adam,1,0.9,999,0.00000001,0.089504,8,0.0156143
2026-03-06-09-00-19,NVIDIA A100-SXM4-80GB,CUDA,GEMM_Adam_CUDA,data_transfer,GPU,10,1048723456,Adam,1,0.9,999,0.00000001,2.07645,9,0.0146243
2026-03-06-09-00-19,NVIDIA A100-SXM4-80GB,CUDA,GEMM_Adam_CUDA,compute,GPU,10,1048723456,Adam,1,0.9,999,0.00000001,0.089792,9,0.0146243
2026-03-06-09-00-19,NVIDIA A100-SXM4-80GB,CUDA,GEMM_Adam_CUDA,data_transfer,GPU,10,1048723456,Adam,1,0.9,999,0.00000001,2.07059,10,0.0136779
2026-03-06-09-00-19,NVIDIA A100-SXM4-80GB,CUDA,GEMM_Adam_CUDA,compute,GPU,10,1048723456,Adam,1,0.9,999,0.00000001,0.09216,10,0.0136779
2026-03-06-09-00-21,,,GEMM_Adam_CPU,compute,CPU,10,1048723456,Adam,1,0.9,999,0.00000001,21,1,0
2026-03-06-09-00-21,,,GEMM_Adam_CPU,compute,CPU,10,1048723456,Adam,1,0.9,999,0.00000001,17,2,0.0224746
2026-03-06-09-00-21,,,GEMM_Adam_CPU,compute,CPU,10,1048723456,Adam,1,0.9,999,0.00000001,17,3,0.0212222
2026-03-06-09-00-22,,,GEMM_Adam_CPU,compute,CPU,10,1048723456,Adam,1,0.9,999,0.00000001,17,4,0.0200131
2026-03-06-09-00-22,,,GEMM_Adam_CPU,compute,CPU,10,1048723456,Adam,1,0.9,999,0.00000001,17,5,0.0188475
2026-03-06-09-00-22,,,GEMM_Adam_CPU,compute,CPU,10,1048723456,Adam,1,0.9,999,0.00000001,17,6,0.0177258
2026-03-06-09-00-23,,,GEMM_Adam_CPU,compute,CPU,10,1048723456,Adam,1,0.9,999,0.00000001,17,7,0.0166481
2026-03-06-09-00-23,,,GEMM_Adam_CPU,compute,CPU,10,1048723456,Adam,1,0.9,999,0.00000001,17,8,0.0156143
2026-03-06-09-00-23,,,GEMM_Adam_CPU,compute,CPU,10,1048723456,Adam,1,0.9,999,0.00000001,17,9,0.0146243
2026-03-06-09-00-24,,,GEMM_Adam_CPU,compute,CPU,10,1048723456,Adam,1,0.9,999,0.00000001,17,10,0.0136779
2026-03-06-09-00-24,NVIDIA A100-SXM4-80GB,CUDA,GEMM_Adam_CUDA,data_transfer,GPU,10,1048723456,Adam,1,0.9,999,0.00000001,1.66051,1,0
2026-03-06-09-00-24,NVIDIA A100-SXM4-80GB,CUDA,GEMM_Adam_CUDA,compute,GPU,10,1048723456,Adam,1,0.9,999,0.00000001,0.191008,1,0
2026-03-06-09-00-25,NVIDIA A100-SXM4-80GB,CUDA,GEMM_Adam_CUDA,data_transfer,GPU,10,1048723456,Adam,1,0.9,999,0.00000001,2.15162,2,0.0224746
2026-03-06-09-00-25,NVIDIA A100-SXM4-80GB,CUDA,GEMM_Adam_CUDA,compute,GPU,10,1048723456,Adam,1,0.9,999,0.00000001,0.08192,2,0.0224746
2026-03-06-09-00-25,NVIDIA A100-SXM4-80GB,CUDA,GEMM_Adam_CUDA,data_transfer,GPU,10,1048723456,Adam,1,0.9,999,0.00000001,2.10266,3,0.0212222
2026-03-06-09-00-25,NVIDIA A100-SXM4-80GB,CUDA,GEMM_Adam_CUDA,compute,GPU,10,1048723456,Adam,1,0.9,999,0.00000001,0.080992,3,0.0212222
2026-03-06-09-00-25,NVIDIA A100-SXM4-80GB,CUDA,GEMM_Adam_CUDA,data_transfer,GPU,10,1048723456,Adam,1,0.9,999,0.00000001,2.05398,4,0.0200131
2026-03-06-09-00-25,NVIDIA A100-SXM4-80GB,CUDA,GEMM_Adam_CUDA,compute,GPU,10,1048723456,Adam,1,0.9,999,0.00000001,0.088992,4,0.0200131
2026-03-06-09-00-26,NVIDIA A100-SXM4-80GB,CUDA,GEMM_Adam_CUDA,data_transfer,GPU,10,1048723456,Adam,1,0.9,999,0.00000001,2.08448,5,0.0188475
2026-03-06-09-00-26,NVIDIA A100-SXM4-80GB,CUDA,GEMM_Adam_CUDA,compute,GPU,10,1048723456,Adam,1,0.9,999,0.00000001,0.083552,5,0.0188475
2026-03-06-09-00-26,NVIDIA A100-SXM4-80GB,CUDA,GEMM_Adam_CUDA,data_transfer,GPU,10,1048723456,Adam,1,0.9,999,0.00000001,2.05632,6,0.0177258
2026-03-06-09-00-26,NVIDIA A100-SXM4-80GB,CUDA,GEMM_Adam_CUDA,compute,GPU,10,1048723456,Adam,1,0.9,999,0.00000001,0.083488,6,0.0177258
2026-03-06-09-00-26,NVIDIA A100-SXM4-80GB,CUDA,GEMM_Adam_CUDA,data_transfer,GPU,10,1048723456,Adam,1,0.9,999,0.00000001,2.40797,7,0.0166481
2026-03-06-09-00-26,NVIDIA A100-SXM4-80GB,CUDA,GEMM_Adam_CUDA,compute,GPU,10,1048723456,Adam,1,0.9,999,0.00000001,0.095072,7,0.0166481
2026-03-06-09-00-27,NVIDIA A100-SXM4-80GB,CUDA,GEMM_Adam_CUDA,data_transfer,GPU,10,1048723456,Adam,1,0.9,999,0.00000001,2.06515,8,0.0156143
2026-03-06-09-00-27,NVIDIA A100-SXM4-80GB,CUDA,GEMM_Adam_CUDA,compute,GPU,10,1048723456,Adam,1,0.9,999,0.00000001,0.08384,8,0.0156143
2026-03-06-09-00-27,NVIDIA A100-SXM4-80GB,CUDA,GEMM_Adam_CUDA,data_transfer,GPU,10,1048723456,Adam,1,0.9,999,0.00000001,2.0537,9,0.0146243
2026-03-06-09-00-27,NVIDIA A100-SXM4-80GB,CUDA,GEMM_Adam_CUDA,compute,GPU,10,1048723456,Adam,1,0.9,999,0.00000001,0.088512,9,0.0146243
2026-03-06-09-00-27,NVIDIA A100-SXM4-80GB,CUDA,GEMM_Adam_CUDA,data_transfer,GPU,10,1048723456,Adam,1,0.9,999,0.00000001,2.05037,10,0.0136779
2026-03-06-09-00-27,NVIDIA A100-SXM4-80GB,CUDA,GEMM_Adam_CUDA,compute,GPU,10,1048723456,Adam,1,0.9,999,0.00000001,0.0848,10,0.0136779
2026-03-06-09-02-15,,,GEMM_Adam_CPU,compute,CPU,10,1048723456,Adam,1,0.9,999,0.00000001,21,1,0
2026-03-06-09-02-16,,,GEMM_Adam_CPU,compute,CPU,10,1048723456,Adam,1,0.9,999,0.00000001,17,2,0.0224746
2026-03-06-09-02-16,,,GEMM_Adam_CPU,compute,CPU,10,1048723456,Adam,1,0.9,999,0.00000001,17,3,0.0212222
2026-03-06-09-02-17,,,GEMM_Adam_CPU,compute,CPU,10,1048723456,Adam,1,0.9,999,0.00000001,17,4,0.0200131
2026-03-06-09-02-17,,,GEMM_Adam_CPU,compute,CPU,10,1048723456,Adam,1,0.9,999,0.00000001,17,5,0.0188475
2026-03-06-09-02-17,,,GEMM_Adam_CPU,compute,CPU,10,1048723456,Adam,1,0.9,999,0.00000001,17,6,0.0177258
2026-03-06-09-02-18,,,GEMM_Adam_CPU,compute,CPU,10,1048723456,Adam,1,0.9,999,0.00000001,17,7,0.0166481
2026-03-06-09-02-18,,,GEMM_Adam_CPU,compute,CPU,10,1048723456,Adam,1,0.9,999,0.00000001,17,8,0.0156143
2026-03-06-09-02-18,,,GEMM_Adam_CPU,compute,CPU,10,1048723456,Adam,1,0.9,999,0.00000001,17,9,0.0146243
2026-03-06-09-02-19,,,GEMM_Adam_CPU,compute,CPU,10,1048723456,Adam,1,0.9,999,0.00000001,17,10,0.0136779
2026-03-06-09-02-19,NVIDIA A100-SXM4-80GB,CUDA,GEMM_Adam_CUDA,data_transfer,GPU,10,1048723456,Adam,1,0.9,999,0.00000001,1.89261,1,0
2026-03-06-09-02-19,NVIDIA A100-SXM4-80GB,CUDA,GEMM_Adam_CUDA,compute,GPU,10,1048723456,Adam,1,0.9,999,0.00000001,0.175168,1,0
2026-03-06-09-02-20,NVIDIA A100-SXM4-80GB,CUDA,GEMM_Adam_CUDA,data_transfer,GPU,10,1048723456,Adam,1,0.9,999,0.00000001,2.40157,2,0.0224746
2026-03-06-09-02-20,NVIDIA A100-SXM4-80GB,CUDA,GEMM_Adam_CUDA,compute,GPU,10,1048723456,Adam,1,0.9,999,0.00000001,0.094368,2,0.0224746
2026-03-06-09-02-20,NVIDIA A100-SXM4-80GB,CUDA,GEMM_Adam_CUDA,data_transfer,GPU,10,1048723456,Adam,1,0.9,999,0.00000001,2.34621,3,0.0212222
2026-03-06-09-02-20,NVIDIA A100-SXM4-80GB,CUDA,GEMM_Adam_CUDA,compute,GPU,10,1048723456,Adam,1,0.9,999,0.00000001,0.089952,3,0.0212222
2026-03-06-09-02-20,NVIDIA A100-SXM4-80GB,CUDA,GEMM_Adam_CUDA,data_transfer,GPU,10,1048723456,Adam,1,0.9,999,0.00000001,2.31296,4,0.0200131
2026-03-06-09-02-20,NVIDIA A100-SXM4-80GB,CUDA,GEMM_Adam_CUDA,compute,GPU,10,1048723456,Adam,1,0.9,999,0.00000001,0.095872,4,0.0200131
2026-03-06-09-02-21,NVIDIA A100-SXM4-80GB,CUDA,GEMM_Adam_CUDA,data_transfer,GPU,10,1048723456,Adam,1,0.9,999,0.00000001,2.31546,5,0.0188475
2026-03-06-09-02-21,NVIDIA A100-SXM4-80GB,CUDA,GEMM_Adam_CUDA,compute,GPU,10,1048723456,Adam,1,0.9,999,0.00000001,0.087296,5,0.0188475
2026-03-06-09-02-21,NVIDIA A100-SXM4-80GB,CUDA,GEMM_Adam_CUDA,data_transfer,GPU,10,1048723456,Adam,1,0.9,999,0.00000001,2.2855,6,0.0177258
2026-03-06-09-02-21,NVIDIA A100-SXM4-80GB,CUDA,GEMM_Adam_CUDA,compute,GPU,10,1048723456,Adam,1,0.9,999,0.00000001,0.086944,6,0.0177258
2026-03-06-09-02-21,NVIDIA A100-SXM4-80GB,CUDA,GEMM_Adam_CUDA,data_transfer,GPU,10,1048723456,Adam,1,0.9,999,0.00000001,2.30464,7,0.0166481
2026-03-06-09-02-21,NVIDIA A100-SXM4-80GB,CUDA,GEMM_Adam_CUDA,compute,GPU,10,1048723456,Adam,1,0.9,999,0.00000001,0.086464,7,0.0166481
2026-03-06-09-02-22,NVIDIA A100-SXM4-80GB,CUDA,GEMM_Adam_CUDA,data_transfer,GPU,10,1048723456,Adam,1,0.9,999,0.00000001,2.68397,8,0.0156143
2026-03-06-09-02-22,NVIDIA A100-SXM4-80GB,CUDA,GEMM_Adam_CUDA,compute,GPU,10,1048723456,Adam,1,0.9,999,0.00000001,0.096576,8,0.0156143
2026-03-06-09-02-22,NVIDIA A100-SXM4-80GB,CUDA,GEMM_Adam_CUDA,data_transfer,GPU,10,1048723456,Adam,1,0.9,999,0.00000001,2.29635,9,0.0146243
2026-03-06-09-02-22,NVIDIA A100-SXM4-80GB,CUDA,GEMM_Adam_CUDA,compute,GPU,10,1048723456,Adam,1,0.9,999,0.00000001,0.087616,9,0.0146243
2026-03-06-09-02-22,NVIDIA A100-SXM4-80GB,CUDA,GEMM_Adam_CUDA,data_transfer,GPU,10,1048723456,Adam,1,0.9,999,0.00000001,2.28522,10,0.0136779
2026-03-06-09-02-22,NVIDIA A100-SXM4-80GB,CUDA,GEMM_Adam_CUDA,compute,GPU,10,1048723456,Adam,1,0.9,999,0.00000001,0.08592,10,0.0136779
2026-03-06-09-05-30,,,GEMM_Adam_CPU,compute,CPU,10,1048723456,Adam,1,0.9,999,0.00000001,23,1,0
2026-03-06-09-05-31,,,GEMM_Adam_CPU,compute,CPU,10,1048723456,Adam,1,0.9,999,0.00000001,17,2,0.0224746
2026-03-06-09-05-31,,,GEMM_Adam_CPU,compute,CPU,10,1048723456,Adam,1,0.9,999,0.00000001,17,3,0.0212222
2026-03-06-09-05-31,,,GEMM_Adam_CPU,compute,CPU,10,1048723456,Adam,1,0.9,999,0.00000001,17,4,0.0200131
2026-03-06-09-05-32,,,GEMM_Adam_CPU,compute,CPU,10,1048723456,Adam,1,0.9,999,0.00000001,17,5,0.0188475
2026-03-06-09-05-32,,,GEMM_Adam_CPU,compute,CPU,10,1048723456,Adam,1,0.9,999,0.00000001,17,6,0.0177258
2026-03-06-09-05-33,,,GEMM_Adam_CPU,compute,CPU,10,1048723456,Adam,1,0.9,999,0.00000001,17,7,0.0166481
2026-03-06-09-05-33,,,GEMM_Adam_CPU,compute,CPU,10,1048723456,Adam,1,0.9,999,0.00000001,17,8,0.0156143
2026-03-06-09-05-33,,,GEMM_Adam_CPU,compute,CPU,10,1048723456,Adam,1,0.9,999,0.00000001,17,9,0.0146243
2026-03-06-09-05-34,,,GEMM_Adam_CPU,compute,CPU,10,1048723456,Adam,1,0.9,999,0.00000001,17,10,0.0136779
2026-03-06-09-11-22,,,GEMM_Adam_CPU,compute,CPU,10,1048723456,Adam,1,0.9,999,0.00000001,23,1,0
2026-03-06-09-11-22,,,GEMM_Adam_CPU,compute,CPU,10,1048723456,Adam,1,0.9,999,0.00000001,17,2,0.0224746
2026-03-06-09-11-23,,,GEMM_Adam_CPU,compute,CPU,10,1048723456,Adam,1,0.9,999,0.00000001,17,3,0.0212222
2026-03-06-09-11-23,,,GEMM_Adam_CPU,compute,CPU,10,1048723456,Adam,1,0.9,999,0.00000001,15,4,0.0200131
2026-03-06-09-11-23,,,GEMM_Adam_CPU,compute,CPU,10,1048723456,Adam,1,0.9,999,0.00000001,15,5,0.0188475
2026-03-06-09-11-24,,,GEMM_Adam_CPU,compute,CPU,10,1048723456,Adam,1,0.9,999,0.00000001,17,6,0.0177258
2026-03-06-09-11-24,,,GEMM_Adam_CPU,compute,CPU,10,1048723456,Adam,1,0.9,999,0.00000001,17,7,0.0166481
2026-03-06-09-11-25,,,GEMM_Adam_CPU,compute,CPU,10,1048723456,Adam,1,0.9,999,0.00000001,17,8,0.0156143
2026-03-06-09-11-25,,,GEMM_Adam_CPU,compute,CPU,10,1048723456,Adam,1,0.9,999,0.00000001,15,9,0.0146243
2026-03-06-09-11-26,,,GEMM_Adam_CPU,compute,CPU,10,1048723456,Adam,1,0.9,999,0.00000001,17,10,0.0136779
2026-03-06-09-14-59,,,GEMM_Adam_CPU,compute,CPU,10,1048723456,Adam,1,0.9,999,0.00000001,23,1,0
2026-03-06-09-15-00,,,GEMM_Adam_CPU,compute,CPU,10,1048723456,Adam,1,0.9,999,0.00000001,17,2,0.0224746
2026-03-06-09-15-00,,,GEMM_Adam_CPU,compute,CPU,10,1048723456,Adam,1,0.9,999,0.00000001,17,3,0.0212222
2026-03-06-09-15-01,,,GEMM_Adam_CPU,compute,CPU,10,1048723456,Adam,1,0.9,999,0.00000001,17,4,0.0200131
2026-03-06-09-15-01,,,GEMM_Adam_CPU,compute,CPU,10,1048723456,Adam,1,0.9,999,0.00000001,17,5,0.0188475
2026-03-06-09-15-01,,,GEMM_Adam_CPU,compute,CPU,10,1048723456,Adam,1,0.9,999,0.00000001,17,6,0.0177258
2026-03-06-09-15-02,,,GEMM_Adam_CPU,compute,CPU,10,1048723456,Adam,1,0.9,999,0.00000001,17,7,0.0166481
2026-03-06-09-15-02,,,GEMM_Adam_CPU,compute,CPU,10,1048723456,Adam,1,0.9,999,0.00000001,17,8,0.0156143
2026-03-06-09-15-03,,,GEMM_Adam_CPU,compute,CPU,10,1048723456,Adam,1,0.9,999,0.00000001,17,9,0.0146243
2026-03-06-09-15-03,,,GEMM_Adam_CPU,compute,CPU,10,1048723456,Adam,1,0.9,999,0.00000001,17,10,0.0136779
2026-03-07-09-52-43,,,GEMM_Adam_CPU,compute,CPU,10,1048723456,Adam,1,0.9,999,0.00000001,20,1,0
2026-03-07-09-52-43,,,GEMM_Adam_CPU,compute,CPU,10,1048723456,Adam,1,0.9,999,0.00000001,17,2,0.0224746
2026-03-07-09-52-44,,,GEMM_Adam_CPU,compute,CPU,10,1048723456,Adam,1,0.9,999,0.00000001,17,3,0.0212222
2026-03-07-09-52-44,,,GEMM_Adam_CPU,compute,CPU,10,1048723456,Adam,1,0.9,999,0.00000001,16,4,0.0200131
2026-03-07-09-52-44,,,GEMM_Adam_CPU,compute,CPU,10,1048723456,Adam,1,0.9,999,0.00000001,16,5,0.0188475
2026-03-07-09-52-45,,,GEMM_Adam_CPU,compute,CPU,10,1048723456,Adam,1,0.9,999,0.00000001,16,6,0.0177258
2026-03-07-09-52-45,,,GEMM_Adam_CPU,compute,CPU,10,1048723456,Adam,1,0.9,999,0.00000001,16,7,0.0166481
2026-03-07-09-52-45,,,GEMM_Adam_CPU,compute,CPU,10,1048723456,Adam,1,0.9,999,0.00000001,17,8,0.0156143
2026-03-07-09-52-46,,,GEMM_Adam_CPU,compute,CPU,10,1048723456,Adam,1,0.9,999,0.00000001,16,9,0.0146243
2026-03-07-09-52-46,,,GEMM_Adam_CPU,compute,CPU,10,1048723456,Adam,1,0.9,999,0.00000001,16,10,0.0136779
2026-03-07-09-54-26,,,GEMM_Adam_CPU,compute,CPU,10,1048723456,Adam,1,0.9,999,0.00000001,23,1,0
2026-03-07-09-54-26,,,GEMM_Adam_CPU,compute,CPU,10,1048723456,Adam,1,0.9,999,0.00000001,15,2,0.0224746
2026-03-07-09-54-26,,,GEMM_Adam_CPU,compute,CPU,10,1048723456,Adam,1,0.9,999,0.00000001,15,3,0.0212222
2026-03-07-09-54-27,,,GEMM_Adam_CPU,compute,CPU,10,1048723456,Adam,1,0.9,999,0.00000001,17,4,0.0200131
2026-03-07-09-54-27,,,GEMM_Adam_CPU,compute,CPU,10,1048723456,Adam,1,0.9,999,0.00000001,17,5,0.0188475
2026-03-07-09-54-28,,,GEMM_Adam_CPU,compute,CPU,10,1048723456,Adam,1,0.9,999,0.00000001,17,6,0.0177258
2026-03-07-09-54-28,,,GEMM_Adam_CPU,compute,CPU,10,1048723456,Adam,1,0.9,999,0.00000001,15,7,0.0166481
2026-03-07-09-54-28,,,GEMM_Adam_CPU,compute,CPU,10,1048723456,Adam,1,0.9,999,0.00000001,17,8,0.0156143
2026-03-07-09-54-29,,,GEMM_Adam_CPU,compute,CPU,10,1048723456,Adam,1,0.9,999,0.00000001,15,9,0.0146243
2026-03-07-09-54-29,,,GEMM_Adam_CPU,compute,CPU,10,1048723456,Adam,1,0.9,999,0.00000001,17,10,0.0136779
2026-03-07-09-58-37,,,GEMM_Adam_CPU,compute,CPU,10,1048723456,Adam,1,0.9,999,0.00000001,20,1,0
2026-03-07-09-58-38,,,GEMM_Adam_CPU,compute,CPU,10,1048723456,Adam,1,0.9,999,0.00000001,16,2,0.0224746
2026-03-07-09-58-38,,,GEMM_Adam_CPU,compute,CPU,10,1048723456,Adam,1,0.9,999,0.00000001,16,3,0.0212222
2026-03-07-09-58-38,,,GEMM_Adam_CPU,compute,CPU,10,1048723456,Adam,1,0.9,999,0.00000001,17,4,0.0200131
2026-03-07-09-58-39,,,GEMM_Adam_CPU,compute,CPU,10,1048723456,Adam,1,0.9,999,0.00000001,16,5,0.0188475
2026-03-07-09-58-39,,,GEMM_Adam_CPU,compute,CPU,10,1048723456,Adam,1,0.9,999,0.00000001,16,6,0.0177258
2026-03-07-09-58-39,,,GEMM_Adam_CPU,compute,CPU,10,1048723456,Adam,1,0.9,999,0.00000001,17,7,0.0166481
2026-03-07-09-58-40,,,GEMM_Adam_CPU,compute,CPU,10,1048723456,Adam,1,0.9,999,0.00000001,16,8,0.0156143
2026-03-07-09-58-40,,,GEMM_Adam_CPU,compute,CPU,10,1048723456,Adam,1,0.9,999,0.00000001,16,9,0.0146243
2026-03-07-09-58-40,,,GEMM_Adam_CPU,compute,CPU,10,1048723456,Adam,1,0.9,999,0.00000001,16,10,0.0136779
2026-03-07-09-59-12,,,GEMM_Adam_CPU,compute,CPU,10,1048723456,Adam,1,0.9,999,0.00000001,23,1,0
2026-03-07-09-59-12,,,GEMM_Adam_CPU,compute,CPU,10,1048723456,Adam,1,0.9,999,0.00000001,17,2,0.0224746
2026-03-07-09-59-13,,,GEMM_Adam_CPU,compute,CPU,10,1048723456,Adam,1,0.9,999,0.00000001,17,3,0.0212222
2026-03-07-09-59-13,,,GEMM_Adam_CPU,compute,CPU,10,1048723456,Adam,1,0.9,999,0.00000001,17,4,0.0200131
2026-03-07-09-59-14,,,GEMM_Adam_CPU,compute,CPU,10,1048723456,Adam,1,0.9,999,0.00000001,17,5,0.0188475
2026-03-07-09-59-14,,,GEMM_Adam_CPU,compute,CPU,10,1048723456,Adam,1,0.9,999,0.00000001,15,6,0.0177258
2026-03-07-09-59-14,,,GEMM_Adam_CPU,compute,CPU,10,1048723456,Adam,1,0.9,999,0.00000001,17,7,0.0166481
2026-03-07-09-59-15,,,GEMM_Adam_CPU,compute,CPU,10,1048723456,Adam,1,0.9,999,0.00000001,17,8,0.0156143
2026-03-07-09-59-15,,,GEMM_Adam_CPU,compute,CPU,10,1048723456,Adam,1,0.9,999,0.00000001,17,9,0.0146243
2026-03-07-09-59-16,,,GEMM_Adam_CPU,compute,CPU,10,1048723456,Adam,1,0.9,999,0.00000001,17,10,0.0136779
2026-03-07-10-05-42,Quadro RTX 5000 ,CUDA,GEMM_Adam_CUDA,data_transfer,GPU,10,1048723456,Adam,1,0.9,999,0.00000001,6.8465,1,0
2026-03-07-10-05-42,Quadro RTX 5000 ,CUDA,GEMM_Adam_CUDA,compute,GPU,10,1048723456,Adam,1,0.9,999,0.00000001,0.402944,1,0
2026-03-07-10-05-42,Quadro RTX 5000 ,CUDA,GEMM_Adam_CUDA,data_transfer,GPU,10,1048723456,Adam,1,0.9,999,0.00000001,6.58966,2,0.0224746
2026-03-07-10-05-42,Quadro RTX 5000 ,CUDA,GEMM_Adam_CUDA,compute,GPU,10,1048723456,Adam,1,0.9,999,0.00000001,0.292768,2,0.0224746
2026-03-07-10-05-43,Quadro RTX 5000 ,CUDA,GEMM_Adam_CUDA,data_transfer,GPU,10,1048723456,Adam,1,0.9,999,0.00000001,6.54493,3,0.0212222
2026-03-07-10-05-43,Quadro RTX 5000 ,CUDA,GEMM_Adam_CUDA,compute,GPU,10,1048723456,Adam,1,0.9,999,0.00000001,0.29408,3,0.0212222
2026-03-07-10-05-43,Quadro RTX 5000 ,CUDA,GEMM_Adam_CUDA,data_transfer,GPU,10,1048723456,Adam,1,0.9,999,0.00000001,6.96371,4,0.0200131
2026-03-07-10-05-43,Quadro RTX 5000 ,CUDA,GEMM_Adam_CUDA,compute,GPU,10,1048723456,Adam,1,0.9,999,0.00000001,0.30528,4,0.0200131
2026-03-07-10-05-44,Quadro RTX 5000 ,CUDA,GEMM_Adam_CUDA,data_transfer,GPU,10,1048723456,Adam,1,0.9,999,0.00000001,6.55686,5,0.0188475
2026-03-07-10-05-44,Quadro RTX 5000 ,CUDA,GEMM_Adam_CUDA,compute,GPU,10,1048723456,Adam,1,0.9,999,0.00000001,0.293216,5,0.0188475
2026-03-07-10-05-44,Quadro RTX 5000 ,CUDA,GEMM_Adam_CUDA,data_transfer,GPU,10,1048723456,Adam,1,0.9,999,0.00000001,6.54768,6,0.0177258
2026-03-07-10-05-44,Quadro RTX 5000 ,CUDA,GEMM_Adam_CUDA,compute,GPU,10,1048723456,Adam,1,0.9,999,0.00000001,0.292416,6,0.0177258
2026-03-07-10-05-44,Quadro RTX 5000 ,CUDA,GEMM_Adam_CUDA,data_transfer,GPU,10,1048723456,Adam,1,0.9,999,0.00000001,6.53488,7,0.0166481
2026-03-07-10-05-44,Quadro RTX 5000 ,CUDA,GEMM_Adam_CUDA,compute,GPU,10,1048723456,Adam,1,0.9,999,0.00000001,0.299808,7,0.0166481
2026-03-07-10-05-45,Quadro RTX 5000 ,CUDA,GEMM_Adam_CUDA,data_transfer,GPU,10,1048723456,Adam,1,0.9,999,0.00000001,6.55926,8,0.0156143
2026-03-07-10-05-45,Quadro RTX 5000 ,CUDA,GEMM_Adam_CUDA,compute,GPU,10,1048723456,Adam,1,0.9,999,0.00000001,0.29456,8,0.0156143
2026-03-07-10-05-45,Quadro RTX 5000 ,CUDA,GEMM_Adam_CUDA,data_transfer,GPU,10,1048723456,Adam,1,0.9,999,0.00000001,6.54291,9,0.0146243
2026-03-07-10-05-45,Quadro RTX 5000 ,CUDA,GEMM_Adam_CUDA,compute,GPU,10,1048723456,Adam,1,0.9,999,0.00000001,0.294016,9,0.0146243
2026-03-07-10-05-46,Quadro RTX 5000 ,CUDA,GEMM_Adam_CUDA,data_transfer,GPU,10,1048723456,Adam,1,0.9,999,0.00000001,6.55942,10,0.0136779
2026-03-07-10-05-46,Quadro RTX 5000 ,CUDA,GEMM_Adam_CUDA,compute,GPU,10,1048723456,Adam,1,0.9,999,0.00000001,0.293696,10,0.0136779
2026-03-07-10-24-35,Quadro RTX 5000 ,OpenCL,GEMM_Adam_CPU,data_transfer,GPU,10,1048723456,Adam,1,0.9,999,0.00000001,6.77142,1,0
2026-03-07-10-24-35,Quadro RTX 5000 ,OpenCL,GEMM_Adam_CPU,compute,GPU,10,1048723456,Adam,1,0.9,999,0.00000001,0.28272,1,0
2026-03-07-10-24-35,Quadro RTX 5000 ,OpenCL,GEMM_Adam_CPU,data_transfer,GPU,10,1048723456,Adam,1,0.9,999,0.00000001,6.57789,2,0.0224746
2026-03-07-10-24-35,Quadro RTX 5000 ,OpenCL,GEMM_Adam_CPU,compute,GPU,10,1048723456,Adam,1,0.9,999,0.00000001,0.286496,2,0.0224746
2026-03-07-10-24-35,Quadro RTX 5000 ,OpenCL,GEMM_Adam_CPU,data_transfer,GPU,10,1048723456,Adam,1,0.9,999,0.00000001,6.80608,3,0.0212222
2026-03-07-10-24-35,Quadro RTX 5000 ,OpenCL,GEMM_Adam_CPU,compute,GPU,10,1048723456,Adam,1,0.9,999,0.00000001,0.287328,3,0.0212222
2026-03-07-10-24-36,Quadro RTX 5000 ,OpenCL,GEMM_Adam_CPU,data_transfer,GPU,10,1048723456,Adam,1,0.9,999,0.00000001,7.01078,4,0.0200131
2026-03-07-10-24-36,Quadro RTX 5000 ,OpenCL,GEMM_Adam_CPU,compute,GPU,10,1048723456,Adam,1,0.9,999,0.00000001,0.293056,4,0.0200131
2026-03-07-10-24-36,Quadro RTX 5000 ,OpenCL,GEMM_Adam_CPU,data_transfer,GPU,10,1048723456,Adam,1,0.9,999,0.00000001,6.70784,5,0.0188475
2026-03-07-10-24-36,Quadro RTX 5000 ,OpenCL,GEMM_Adam_CPU,compute,GPU,10,1048723456,Adam,1,0.9,999,0.00000001,0.287392,5,0.0188475
2026-03-07-10-24-37,Quadro RTX 5000 ,OpenCL,GEMM_Adam_CPU,data_transfer,GPU,10,1048723456,Adam,1,0.9,999,0.00000001,6.72,6,0.0177258
2026-03-07-10-24-37,Quadro RTX 5000 ,OpenCL,GEMM_Adam_CPU,compute,GPU,10,1048723456,Adam,1,0.9,999,0.00000001,0.290432,6,0.0177258
2026-03-07-10-24-37,Quadro RTX 5000 ,OpenCL,GEMM_Adam_CPU,data_transfer,GPU,10,1048723456,Adam,1,0.9,999,0.00000001,6.75296,7,0.0166481
2026-03-07-10-24-37,Quadro RTX 5000 ,OpenCL,GEMM_Adam_CPU,compute,GPU,10,1048723456,Adam,1,0.9,999,0.00000001,0.286816,7,0.0166481
2026-03-07-10-24-38,Quadro RTX 5000 ,OpenCL,GEMM_Adam_CPU,data_transfer,GPU,10,1048723456,Adam,1,0.9,999,0.00000001,6.58611,8,0.0156143
2026-03-07-10-24-38,Quadro RTX 5000 ,OpenCL,GEMM_Adam_CPU,compute,GPU,10,1048723456,Adam,1,0.9,999,0.00000001,0.286848,8,0.0156143
2026-03-07-10-24-38,Quadro RTX 5000 ,OpenCL,GEMM_Adam_CPU,data_transfer,GPU,10,1048723456,Adam,1,0.9,999,0.00000001,6.78784,9,0.0146243
2026-03-07-10-24-38,Quadro RTX 5000 ,OpenCL,GEMM_Adam_CPU,compute,GPU,10,1048723456,Adam,1,0.9,999,0.00000001,0.287968,9,0.0146243
2026-03-07-10-24-38,Quadro RTX 5000 ,OpenCL,GEMM_Adam_CPU,data_transfer,GPU,10,1048723456,Adam,1,0.9,999,0.00000001,6.75466,10,0.0136779
2026-03-07-10-24-38,Quadro RTX 5000 ,OpenCL,GEMM_Adam_CPU,compute,GPU,10,1048723456,Adam,1,0.9,999,0.00000001,0.287616,10,0.0136779
2026-03-07-10-25-01,Quadro RTX 5000 ,CUDA,GEMM_Adam_CUDA,data_transfer,GPU,10,1048723456,Adam,1,0.9,999,0.00000001,6.85165,1,0
2026-03-07-10-25-01,Quadro RTX 5000 ,CUDA,GEMM_Adam_CUDA,compute,GPU,10,1048723456,Adam,1,0.9,999,0.00000001,0.403264,1,0
2026-03-07-10-25-02,Quadro RTX 5000 ,CUDA,GEMM_Adam_CUDA,data_transfer,GPU,10,1048723456,Adam,1,0.9,999,0.00000001,6.56272,2,0.0224746
2026-03-07-10-25-02,Quadro RTX 5000 ,CUDA,GEMM_Adam_CUDA,compute,GPU,10,1048723456,Adam,1,0.9,999,0.00000001,0.293984,2,0.0224746
2026-03-07-10-25-02,Quadro RTX 5000 ,CUDA,GEMM_Adam_CUDA,data_transfer,GPU,10,1048723456,Adam,1,0.9,999,0.00000001,6.56179,3,0.0212222
2026-03-07-10-25-02,Quadro RTX 5000 ,CUDA,GEMM_Adam_CUDA,compute,GPU,10,1048723456,Adam,1,0.9,999,0.00000001,0.292736,3,0.0212222
2026-03-07-10-25-03,Quadro RTX 5000 ,CUDA,GEMM_Adam_CUDA,data_transfer,GPU,10,1048723456,Adam,1,0.9,999,0.00000001,6.95731,4,0.0200131
2026-03-07-10-25-03,Quadro RTX 5000 ,CUDA,GEMM_Adam_CUDA,compute,GPU,10,1048723456,Adam,1,0.9,999,0.00000001,0.306752,4,0.0200131
2026-03-07-10-25-03,Quadro RTX 5000 ,CUDA,GEMM_Adam_CUDA,data_transfer,GPU,10,1048723456,Adam,1,0.9,999,0.00000001,6.54339,5,0.0188475
2026-03-07-10-25-03,Quadro RTX 5000 ,CUDA,GEMM_Adam_CUDA,compute,GPU,10,1048723456,Adam,1,0.9,999,0.00000001,0.293696,5,0.0188475
2026-03-07-10-25-03,Quadro RTX 5000 ,CUDA,GEMM_Adam_CUDA,data_transfer,GPU,10,1048723456,Adam,1,0.9,999,0.00000001,6.56835,6,0.0177258
2026-03-07-10-25-03,Quadro RTX 5000 ,CUDA,GEMM_Adam_CUDA,compute,GPU,10,1048723456,Adam,1,0.9,999,0.00000001,0.292,6,0.0177258
2026-03-07-10-25-04,Quadro RTX 5000 ,CUDA,GEMM_Adam_CUDA,data_transfer,GPU,10,1048723456,Adam,1,0.9,999,0.00000001,6.57082,7,0.0166481
2026-03-07-10-25-04,Quadro RTX 5000 ,CUDA,GEMM_Adam_CUDA,compute,GPU,10,1048723456,Adam,1,0.9,999,0.00000001,0.292832,7,0.0166481
2026-03-07-10-25-04,Quadro RTX 5000 ,CUDA,GEMM_Adam_CUDA,data_transfer,GPU,10,1048723456,Adam,1,0.9,999,0.00000001,6.56861,8,0.0156143
2026-03-07-10-25-04,Quadro RTX 5000 ,CUDA,GEMM_Adam_CUDA,compute,GPU,10,1048723456,Adam,1,0.9,999,0.00000001,0.293824,8,0.0156143
2026-03-07-10-25-05,Quadro RTX 5000 ,CUDA,GEMM_Adam_CUDA,data_transfer,GPU,10,1048723456,Adam,1,0.9,999,0.00000001,6.56307,9,0.0146243
2026-03-07-10-25-05,Quadro RTX 5000 ,CUDA,GEMM_Adam_CUDA,compute,GPU,10,1048723456,Adam,1,0.9,999,0.00000001,0.29168,9,0.0146243
2026-03-07-10-25-05,Quadro RTX 5000 ,CUDA,GEMM_Adam_CUDA,data_transfer,GPU,10,1048723456,Adam,1,0.9,999,0.00000001,6.55789,10,0.0136779
2026-03-07-10-25-05,Quadro RTX 5000 ,CUDA,GEMM_Adam_CUDA,compute,GPU,10,1048723456,Adam,1,0.9,999,0.00000001,0.292256,10,0.0136779
2026-03-07-10-25-11,Quadro RTX 5000 ,OpenCL,GEMM_Adam_CPU,data_transfer,GPU,10,1048723456,Adam,1,0.9,999,0.00000001,6.71997,1,0
2026-03-07-10-25-11,Quadro RTX 5000 ,OpenCL,GEMM_Adam_CPU,compute,GPU,10,1048723456,Adam,1,0.9,999,0.00000001,0.282272,1,0
2026-03-07-10-25-11,Quadro RTX 5000 ,OpenCL,GEMM_Adam_CPU,data_transfer,GPU,10,1048723456,Adam,1,0.9,999,0.00000001,6.83667,2,0.0224746
2026-03-07-10-25-11,Quadro RTX 5000 ,OpenCL,GEMM_Adam_CPU,compute,GPU,10,1048723456,Adam,1,0.9,999,0.00000001,0.288128,2,0.0224746
2026-03-07-10-25-12,Quadro RTX 5000 ,OpenCL,GEMM_Adam_CPU,data_transfer,GPU,10,1048723456,Adam,1,0.9,999,0.00000001,6.76714,3,0.0212222
2026-03-07-10-25-12,Quadro RTX 5000 ,OpenCL,GEMM_Adam_CPU,compute,GPU,10,1048723456,Adam,1,0.9,999,0.00000001,0.28672,3,0.0212222
2026-03-07-10-25-12,Quadro RTX 5000 ,OpenCL,GEMM_Adam_CPU,data_transfer,GPU,10,1048723456,Adam,1,0.9,999,0.00000001,6.8921,4,0.0200131
2026-03-07-10-25-12,Quadro RTX 5000 ,OpenCL,GEMM_Adam_CPU,compute,GPU,10,1048723456,Adam,1,0.9,999,0.00000001,0.292832,4,0.0200131
2026-03-07-10-25-13,Quadro RTX 5000 ,OpenCL,GEMM_Adam_CPU,data_transfer,GPU,10,1048723456,Adam,1,0.9,999,0.00000001,6.82893,5,0.0188475
2026-03-07-10-25-13,Quadro RTX 5000 ,OpenCL,GEMM_Adam_CPU,compute,GPU,10,1048723456,Adam,1,0.9,999,0.00000001,0.287904,5,0.0188475
2026-03-07-10-25-13,Quadro RTX 5000 ,OpenCL,GEMM_Adam_CPU,data_transfer,GPU,10,1048723456,Adam,1,0.9,999,0.00000001,6.82557,6,0.0177258
2026-03-07-10-25-13,Quadro RTX 5000 ,OpenCL,GEMM_Adam_CPU,compute,GPU,10,1048723456,Adam,1,0.9,999,0.00000001,0.288416,6,0.0177258
2026-03-07-10-25-14,Quadro RTX 5000 ,OpenCL,GEMM_Adam_CPU,data_transfer,GPU,10,1048723456,Adam,1,0.9,999,0.00000001,6.71533,7,0.0166481
2026-03-07-10-25-14,Quadro RTX 5000 ,OpenCL,GEMM_Adam_CPU,compute,GPU,10,1048723456,Adam,1,0.9,999,0.00000001,0.287424,7,0.0166481
2026-03-07-10-25-14,Quadro RTX 5000 ,OpenCL,GEMM_Adam_CPU,data_transfer,GPU,10,1048723456,Adam,1,0.9,999,0.00000001,6.74259,8,0.0156143
2026-03-07-10-25-14,Quadro RTX 5000 ,OpenCL,GEMM_Adam_CPU,compute,GPU,10,1048723456,Adam,1,0.9,999,0.00000001,0.287104,8,0.0156143
2026-03-07-10-25-14,Quadro RTX 5000 ,OpenCL,GEMM_Adam_CPU,data_transfer,GPU,10,1048723456,Adam,1,0.9,999,0.00000001,6.83757,9,0.0146243
2026-03-07-10-25-14,Quadro RTX 5000 ,OpenCL,GEMM_Adam_CPU,compute,GPU,10,1048723456,Adam,1,0.9,999,0.00000001,0.28672,9,0.0146243
2026-03-07-10-25-15,Quadro RTX 5000 ,OpenCL,GEMM_Adam_CPU,data_transfer,GPU,10,1048723456,Adam,1,0.9,999,0.00000001,6.86643,10,0.0136779
2026-03-07-10-25-15,Quadro RTX 5000 ,OpenCL,GEMM_Adam_CPU,compute,GPU,10,1048723456,Adam,1,0.9,999,0.00000001,0.287584,10,0.0136779
2026-03-07-10-25-26,Quadro RTX 5000 ,CUDA,GEMM_Adam_CUDA,data_transfer,GPU,10,1048723456,Adam,1,0.9,999,0.00000001,6.83571,1,0
2026-03-07-10-25-26,Quadro RTX 5000 ,CUDA,GEMM_Adam_CUDA,compute,GPU,10,1048723456,Adam,1,0.9,999,0.00000001,0.400672,1,0
2026-03-07-10-25-26,Quadro RTX 5000 ,CUDA,GEMM_Adam_CUDA,data_transfer,GPU,10,1048723456,Adam,1,0.9,999,0.00000001,6.55402,2,0.0224746
2026-03-07-10-25-26,Quadro RTX 5000 ,CUDA,GEMM_Adam_CUDA,compute,GPU,10,1048723456,Adam,1,0.9,999,0.00000001,0.293792,2,0.0224746
2026-03-07-10-25-27,Quadro RTX 5000 ,CUDA,GEMM_Adam_CUDA,data_transfer,GPU,10,1048723456,Adam,1,0.9,999,0.00000001,6.54573,3,0.0212222
2026-03-07-10-25-27,Quadro RTX 5000 ,CUDA,GEMM_Adam_CUDA,compute,GPU,10,1048723456,Adam,1,0.9,999,0.00000001,0.293344,3,0.0212222
2026-03-07-10-25-27,Quadro RTX 5000 ,CUDA,GEMM_Adam_CUDA,data_transfer,GPU,10,1048723456,Adam,1,0.9,999,0.00000001,6.93293,4,0.0200131
2026-03-07-10-25-27,Quadro RTX 5000 ,CUDA,GEMM_Adam_CUDA,compute,GPU,10,1048723456,Adam,1,0.9,999,0.00000001,0.306336,4,0.0200131
2026-03-07-10-25-28,Quadro RTX 5000 ,CUDA,GEMM_Adam_CUDA,data_transfer,GPU,10,1048723456,Adam,1,0.9,999,0.00000001,6.54848,5,0.0188475
2026-03-07-10-25-28,Quadro RTX 5000 ,CUDA,GEMM_Adam_CUDA,compute,GPU,10,1048723456,Adam,1,0.9,999,0.00000001,0.294336,5,0.0188475
2026-03-07-10-25-28,Quadro RTX 5000 ,CUDA,GEMM_Adam_CUDA,data_transfer,GPU,10,1048723456,Adam,1,0.9,999,0.00000001,6.55389,6,0.0177258
2026-03-07-10-25-28,Quadro RTX 5000 ,CUDA,GEMM_Adam_CUDA,compute,GPU,10,1048723456,Adam,1,0.9,999,0.00000001,0.293088,6,0.0177258
2026-03-07-10-25-28,Quadro RTX 5000 ,CUDA,GEMM_Adam_CUDA,data_transfer,GPU,10,1048723456,Adam,1,0.9,999,0.00000001,6.56208,7,0.0166481
2026-03-07-10-25-28,Quadro RTX 5000 ,CUDA,GEMM_Adam_CUDA,compute,GPU,10,1048723456,Adam,1,0.9,999,0.00000001,0.29312,7,0.0166481
2026-03-07-10-25-29,Quadro RTX 5000 ,CUDA,GEMM_Adam_CUDA,data_transfer,GPU,10,1048723456,Adam,1,0.9,999,0.00000001,6.56528,8,0.0156143
2026-03-07-10-25-29,Quadro RTX 5000 ,CUDA,GEMM_Adam_CUDA,compute,GPU,10,1048723456,Adam,1,0.9,999,0.00000001,0.293376,8,0.0156143
2026-03-07-10-25-29,Quadro RTX 5000 ,CUDA,GEMM_Adam_CUDA,data_transfer,GPU,10,1048723456,Adam,1,0.9,999,0.00000001,6.5529,9,0.0146243
2026-03-07-10-25-29,Quadro RTX 5000 ,CUDA,GEMM_Adam_CUDA,compute,GPU,10,1048723456,Adam,1,0.9,999,0.00000001,0.292736,9,0.0146243
2026-03-07-10-25-30,Quadro RTX 5000 ,CUDA,GEMM_Adam_CUDA,data_transfer,GPU,10,1048723456,Adam,1,0.9,999,0.00000001,6.55158,10,0.0136779
2026-03-07-10-25-30,Quadro RTX 5000 ,CUDA,GEMM_Adam_CUDA,compute,GPU,10,1048723456,Adam,1,0.9,999,0.00000001,0.293344,10,0.0136779
2026-03-07-10-25-33,Quadro RTX 5000 ,OpenCL,GEMM_Adam_CPU,data_transfer,GPU,10,1048723456,Adam,1,0.9,999,0.00000001,6.84118,1,0
2026-03-07-10-25-33,Quadro RTX 5000 ,OpenCL,GEMM_Adam_CPU,compute,GPU,10,1048723456,Adam,1,0.9,999,0.00000001,0.282656,1,0
2026-03-07-10-25-33,Quadro RTX 5000 ,OpenCL,GEMM_Adam_CPU,data_transfer,GPU,10,1048723456,Adam,1,0.9,999,0.00000001,6.6711,2,0.0224746
2026-03-07-10-25-33,Quadro RTX 5000 ,OpenCL,GEMM_Adam_CPU,compute,GPU,10,1048723456,Adam,1,0.9,999,0.00000001,0.288352,2,0.0224746
2026-03-07-10-25-34,Quadro RTX 5000 ,OpenCL,GEMM_Adam_CPU,data_transfer,GPU,10,1048723456,Adam,1,0.9,999,0.00000001,6.80752,3,0.0212222
2026-03-07-10-25-34,Quadro RTX 5000 ,OpenCL,GEMM_Adam_CPU,compute,GPU,10,1048723456,Adam,1,0.9,999,0.00000001,0.286848,3,0.0212222
2026-03-07-10-25-34,Quadro RTX 5000 ,OpenCL,GEMM_Adam_CPU,data_transfer,GPU,10,1048723456,Adam,1,0.9,999,0.00000001,7.24141,4,0.0200131
2026-03-07-10-25-34,Quadro RTX 5000 ,OpenCL,GEMM_Adam_CPU,compute,GPU,10,1048723456,Adam,1,0.9,999,0.00000001,0.297984,4,0.0200131
2026-03-07-10-25-35,Quadro RTX 5000 ,OpenCL,GEMM_Adam_CPU,data_transfer,GPU,10,1048723456,Adam,1,0.9,999,0.00000001,6.77373,5,0.0188475
2026-03-07-10-25-35,Quadro RTX 5000 ,OpenCL,GEMM_Adam_CPU,compute,GPU,10,1048723456,Adam,1,0.9,999,0.00000001,0.288512,5,0.0188475
2026-03-07-10-25-35,Quadro RTX 5000 ,OpenCL,GEMM_Adam_CPU,data_transfer,GPU,10,1048723456,Adam,1,0.9,999,0.00000001,6.8505,6,0.0177258
2026-03-07-10-25-35,Quadro RTX 5000 ,OpenCL,GEMM_Adam_CPU,compute,GPU,10,1048723456,Adam,1,0.9,999,0.00000001,0.289408,6,0.0177258
2026-03-07-10-25-35,Quadro RTX 5000 ,OpenCL,GEMM_Adam_CPU,data_transfer,GPU,10,1048723456,Adam,1,0.9,999,0.00000001,6.71475,7,0.0166481
2026-03-07-10-25-35,Quadro RTX 5000 ,OpenCL,GEMM_Adam_CPU,compute,GPU,10,1048723456,Adam,1,0.9,999,0.00000001,0.290688,7,0.0166481
2026-03-07-10-25-36,Quadro RTX 5000 ,OpenCL,GEMM_Adam_CPU,data_transfer,GPU,10,1048723456,Adam,1,0.9,999,0.00000001,6.82819,8,0.0156143
2026-03-07-10-25-36,Quadro RTX 5000 ,OpenCL,GEMM_Adam_CPU,compute,GPU,10,1048723456,Adam,1,0.9,999,0.00000001,0.287072,8,0.0156143
2026-03-07-10-25-36,Quadro RTX 5000 ,OpenCL,GEMM_Adam_CPU,data_transfer,GPU,10,1048723456,Adam,1,0.9,999,0.00000001,6.7872,9,0.0146243
2026-03-07-10-25-36,Quadro RTX 5000 ,OpenCL,GEMM_Adam_CPU,compute,GPU,10,1048723456,Adam,1,0.9,999,0.00000001,0.28816,9,0.0146243
2026-03-07-10-25-37,Quadro RTX 5000 ,OpenCL,GEMM_Adam_CPU,data_transfer,GPU,10,1048723456,Adam,1,0.9,999,0.00000001,6.68378,10,0.0136779
2026-03-07-10-25-37,Quadro RTX 5000 ,OpenCL,GEMM_Adam_CPU,compute,GPU,10,1048723456,Adam,1,0.9,999,0.00000001,0.287424,10,0.0136779
2026-03-07-10-25-41,Quadro RTX 5000 ,CUDA,GEMM_Adam_CUDA,data_transfer,GPU,10,1048723456,Adam,1,0.9,999,0.00000001,6.86307,1,0
2026-03-07-10-25-41,Quadro RTX 5000 ,CUDA,GEMM_Adam_CUDA,compute,GPU,10,1048723456,Adam,1,0.9,999,0.00000001,0.399328,1,0
2026-03-07-10-25-42,Quadro RTX 5000 ,CUDA,GEMM_Adam_CUDA,data_transfer,GPU,10,1048723456,Adam,1,0.9,999,0.00000001,6.57344,2,0.0224746
2026-03-07-10-25-42,Quadro RTX 5000 ,CUDA,GEMM_Adam_CUDA,compute,GPU,10,1048723456,Adam,1,0.9,999,0.00000001,0.292928,2,0.0224746
2026-03-07-10-25-42,Quadro RTX 5000 ,CUDA,GEMM_Adam_CUDA,data_transfer,GPU,10,1048723456,Adam,1,0.9,999,0.00000001,6.5681,3,0.0212222
2026-03-07-10-25-42,Quadro RTX 5000 ,CUDA,GEMM_Adam_CUDA,compute,GPU,10,1048723456,Adam,1,0.9,999,0.00000001,0.293408,3,0.0212222
2026-03-07-10-25-43,Quadro RTX 5000 ,CUDA,GEMM_Adam_CUDA,data_transfer,GPU,10,1048723456,Adam,1,0.9,999,0.00000001,6.96598,4,0.0200131
2026-03-07-10-25-43,Quadro RTX 5000 ,CUDA,GEMM_Adam_CUDA,compute,GPU,10,1048723456,Adam,1,0.9,999,0.00000001,0.308448,4,0.0200131
2026-03-07-10-25-43,Quadro RTX 5000 ,CUDA,GEMM_Adam_CUDA,data_transfer,GPU,10,1048723456,Adam,1,0.9,999,0.00000001,6.56003,5,0.0188475
2026-03-07-10-25-43,Quadro RTX 5000 ,CUDA,GEMM_Adam_CUDA,compute,GPU,10,1048723456,Adam,1,0.9,999,0.00000001,0.292864,5,0.0188475
2026-03-07-10-25-44,Quadro RTX 5000 ,CUDA,GEMM_Adam_CUDA,data_transfer,GPU,10,1048723456,Adam,1,0.9,999,0.00000001,6.54934,6,0.0177258
2026-03-07-10-25-44,Quadro RTX 5000 ,CUDA,GEMM_Adam_CUDA,compute,GPU,10,1048723456,Adam,1,0.9,999,0.00000001,0.292832,6,0.0177258
2026-03-07-10-25-44,Quadro RTX 5000 ,CUDA,GEMM_Adam_CUDA,data_transfer,GPU,10,1048723456,Adam,1,0.9,999,0.00000001,6.55277,7,0.0166481
2026-03-07-10-25-44,Quadro RTX 5000 ,CUDA,GEMM_Adam_CUDA,compute,GPU,10,1048723456,Adam,1,0.9,999,0.00000001,0.292672,7,0.0166481
2026-03-07-10-25-44,Quadro RTX 5000 ,CUDA,GEMM_Adam_CUDA,data_transfer,GPU,10,1048723456,Adam,1,0.9,999,0.00000001,6.56074,8,0.0156143
2026-03-07-10-25-44,Quadro RTX 5000 ,CUDA,GEMM_Adam_CUDA,compute,GPU,10,1048723456,Adam,1,0.9,999,0.00000001,0.299296,8,0.0156143
2026-03-07-10-25-45,Quadro RTX 5000 ,CUDA,GEMM_Adam_CUDA,data_transfer,GPU,10,1048723456,Adam,1,0.9,999,0.00000001,6.57158,9,0.0146243
2026-03-07-10-25-45,Quadro RTX 5000 ,CUDA,GEMM_Adam_CUDA,compute,GPU,10,1048723456,Adam,1,0.9,999,0.00000001,0.293024,9,0.0146243
2026-03-07-10-25-45,Quadro RTX 5000 ,CUDA,GEMM_Adam_CUDA,data_transfer,GPU,10,1048723456,Adam,1,0.9,999,0.00000001,6.5663,10,0.0136779
2026-03-07-10-25-45,Quadro RTX 5000 ,CUDA,GEMM_Adam_CUDA,compute,GPU,10,1048723456,Adam,1,0.9,999,0.00000001,0.29296,10,0.0136779
2026-03-07-10-25-50,Quadro RTX 5000 ,OpenCL,GEMM_Adam_CPU,data_transfer,GPU,10,1048723456,Adam,1,0.9,999,0.00000001,6.76656,1,0
2026-03-07-10-25-50,Quadro RTX 5000 ,OpenCL,GEMM_Adam_CPU,compute,GPU,10,1048723456,Adam,1,0.9,999,0.00000001,0.2824,1,0
2026-03-07-10-25-50,Quadro RTX 5000 ,OpenCL,GEMM_Adam_CPU,data_transfer,GPU,10,1048723456,Adam,1,0.9,999,0.00000001,6.54752,2,0.0224746
2026-03-07-10-25-50,Quadro RTX 5000 ,OpenCL,GEMM_Adam_CPU,compute,GPU,10,1048723456,Adam,1,0.9,999,0.00000001,0.287264,2,0.0224746
2026-03-07-10-25-50,Quadro RTX 5000 ,OpenCL,GEMM_Adam_CPU,data_transfer,GPU,10,1048723456,Adam,1,0.9,999,0.00000001,6.59859,3,0.0212222
2026-03-07-10-25-50,Quadro RTX 5000 ,OpenCL,GEMM_Adam_CPU,compute,GPU,10,1048723456,Adam,1,0.9,999,0.00000001,0.287552,3,0.0212222
2026-03-07-10-25-51,Quadro RTX 5000 ,OpenCL,GEMM_Adam_CPU,data_transfer,GPU,10,1048723456,Adam,1,0.9,999,0.00000001,6.88042,4,0.0200131
2026-03-07-10-25-51,Quadro RTX 5000 ,OpenCL,GEMM_Adam_CPU,compute,GPU,10,1048723456,Adam,1,0.9,999,0.00000001,0.294368,4,0.0200131
2026-03-07-10-25-51,Quadro RTX 5000 ,OpenCL,GEMM_Adam_CPU,data_transfer,GPU,10,1048723456,Adam,1,0.9,999,0.00000001,6.72762,5,0.0188475
2026-03-07-10-25-51,Quadro RTX 5000 ,OpenCL,GEMM_Adam_CPU,compute,GPU,10,1048723456,Adam,1,0.9,999,0.00000001,0.285696,5,0.0188475
2026-03-07-10-25-52,Quadro RTX 5000 ,OpenCL,GEMM_Adam_CPU,data_transfer,GPU,10,1048723456,Adam,1,0.9,999,0.00000001,6.7327,6,0.0177258
2026-03-07-10-25-52,Quadro RTX 5000 ,OpenCL,GEMM_Adam_CPU,compute,GPU,10,1048723456,Adam,1,0.9,999,0.00000001,0.287456,6,0.0177258
2026-03-07-10-25-52,Quadro RTX 5000 ,OpenCL,GEMM_Adam_CPU,data_transfer,GPU,10,1048723456,Adam,1,0.9,999,0.00000001,6.67021,7,0.0166481
2026-03-07-10-25-52,Quadro RTX 5000 ,OpenCL,GEMM_Adam_CPU,compute,GPU,10,1048723456,Adam,1,0.9,999,0.00000001,0.287264,7,0.0166481
2026-03-07-10-25-53,Quadro RTX 5000 ,OpenCL,GEMM_Adam_CPU,data_transfer,GPU,10,1048723456,Adam,1,0.9,999,0.00000001,6.82086,8,0.0156143
2026-03-07-10-25-53,Quadro RTX 5000 ,OpenCL,GEMM_Adam_CPU,compute,GPU,10,1048723456,Adam,1,0.9,999,0.00000001,0.289312,8,0.0156143
2026-03-07-10-25-53,Quadro RTX 5000 ,OpenCL,GEMM_Adam_CPU,data_transfer,GPU,10,1048723456,Adam,1,0.9,999,0.00000001,6.77782,9,0.0146243
2026-03-07-10-25-53,Quadro RTX 5000 ,OpenCL,GEMM_Adam_CPU,compute,GPU,10,1048723456,Adam,1,0.9,999,0.00000001,0.287168,9,0.0146243
2026-03-07-10-25-53,Quadro RTX 5000 ,OpenCL,GEMM_Adam_CPU,data_transfer,GPU,10,1048723456,Adam,1,0.9,999,0.00000001,6.73875,10,0.0136779
2026-03-07-10-25-53,Quadro RTX 5000 ,OpenCL,GEMM_Adam_CPU,compute,GPU,10,1048723456,Adam,1,0.9,999,0.00000001,0.288576,10,0.0136779
2026-03-07-10-25-58,Quadro RTX 5000 ,CUDA,GEMM_Adam_CUDA,data_transfer,GPU,10,1048723456,Adam,1,0.9,999,0.00000001,6.81414,1,0
2026-03-07-10-25-58,Quadro RTX 5000 ,CUDA,GEMM_Adam_CUDA,compute,GPU,10,1048723456,Adam,1,0.9,999,0.00000001,0.400832,1,0
2026-03-07-10-25-59,Quadro RTX 5000 ,CUDA,GEMM_Adam_CUDA,data_transfer,GPU,10,1048723456,Adam,1,0.9,999,0.00000001,6.52285,2,0.0224746
2026-03-07-10-25-59,Quadro RTX 5000 ,CUDA,GEMM_Adam_CUDA,compute,GPU,10,1048723456,Adam,1,0.9,999,0.00000001,0.2928,2,0.0224746
2026-03-07-10-25-59,Quadro RTX 5000 ,CUDA,GEMM_Adam_CUDA,data_transfer,GPU,10,1048723456,Adam,1,0.9,999,0.00000001,6.53878,3,0.0212222
2026-03-07-10-25-59,Quadro RTX 5000 ,CUDA,GEMM_Adam_CUDA,compute,GPU,10,1048723456,Adam,1,0.9,999,0.00000001,0.293184,3,0.0212222
2026-03-07-10-26-00,Quadro RTX 5000 ,CUDA,GEMM_Adam_CUDA,data_transfer,GPU,10,1048723456,Adam,1,0.9,999,0.00000001,6.97824,4,0.0200131
2026-03-07-10-26-00,Quadro RTX 5000 ,CUDA,GEMM_Adam_CUDA,compute,GPU,10,1048723456,Adam,1,0.9,999,0.00000001,0.30816,4,0.0200131
2026-03-07-10-26-00,Quadro RTX 5000 ,CUDA,GEMM_Adam_CUDA,data_transfer,GPU,10,1048723456,Adam,1,0.9,999,0.00000001,6.5719,5,0.0188475
2026-03-07-10-26-00,Quadro RTX 5000 ,CUDA,GEMM_Adam_CUDA,compute,GPU,10,1048723456,Adam,1,0.9,999,0.00000001,0.29376,5,0.0188475
2026-03-07-10-26-01,Quadro RTX 5000 ,CUDA,GEMM_Adam_CUDA,data_transfer,GPU,10,1048723456,Adam,1,0.9,999,0.00000001,6.55261,6,0.0177258
2026-03-07-10-26-01,Quadro RTX 5000 ,CUDA,GEMM_Adam_CUDA,compute,GPU,10,1048723456,Adam,1,0.9,999,0.00000001,0.294144,6,0.0177258
2026-03-07-10-26-01,Quadro RTX 5000 ,CUDA,GEMM_Adam_CUDA,data_transfer,GPU,10,1048723456,Adam,1,0.9,999,0.00000001,6.56467,7,0.0166481
2026-03-07-10-26-01,Quadro RTX 5000 ,CUDA,GEMM_Adam_CUDA,compute,GPU,10,1048723456,Adam,1,0.9,999,0.00000001,0.293056,7,0.0166481
2026-03-07-10-26-01,Quadro RTX 5000 ,CUDA,GEMM_Adam_CUDA,data_transfer,GPU,10,1048723456,Adam,1,0.9,999,0.00000001,6.53923,8,0.0156143
2026-03-07-10-26-01,Quadro RTX 5000 ,CUDA,GEMM_Adam_CUDA,compute,GPU,10,1048723456,Adam,1,0.9,999,0.00000001,0.298752,8,0.0156143
2026-03-07-10-26-02,Quadro RTX 5000 ,CUDA,GEMM_Adam_CUDA,data_transfer,GPU,10,1048723456,Adam,1,0.9,999,0.00000001,6.54813,9,0.0146243
2026-03-07-10-26-02,Quadro RTX 5000 ,CUDA,GEMM_Adam_CUDA,compute,GPU,10,1048723456,Adam,1,0.9,999,0.00000001,0.292576,9,0.0146243
2026-03-07-10-26-02,Quadro RTX 5000 ,CUDA,GEMM_Adam_CUDA,data_transfer,GPU,10,1048723456,Adam,1,0.9,999,0.00000001,6.54803,10,0.0136779
2026-03-07-10-26-02,Quadro RTX 5000 ,CUDA,GEMM_Adam_CUDA,compute,GPU,10,1048723456,Adam,1,0.9,999,0.00000001,0.293152,10,0.0136779
2026-03-07-10-26-06,Quadro RTX 5000 ,OpenCL,GEMM_Adam_CPU,data_transfer,GPU,10,1048723456,Adam,1,0.9,999,0.00000001,6.77328,1,0
2026-03-07-10-26-06,Quadro RTX 5000 ,OpenCL,GEMM_Adam_CPU,compute,GPU,10,1048723456,Adam,1,0.9,999,0.00000001,0.282048,1,0
2026-03-07-10-26-07,Quadro RTX 5000 ,OpenCL,GEMM_Adam_CPU,data_transfer,GPU,10,1048723456,Adam,1,0.9,999,0.00000001,6.56493,2,0.0224746
2026-03-07-10-26-07,Quadro RTX 5000 ,OpenCL,GEMM_Adam_CPU,compute,GPU,10,1048723456,Adam,1,0.9,999,0.00000001,0.287616,2,0.0224746
2026-03-07-10-26-07,Quadro RTX 5000 ,OpenCL,GEMM_Adam_CPU,data_transfer,GPU,10,1048723456,Adam,1,0.9,999,0.00000001,6.47571,3,0.0212222
2026-03-07-10-26-07,Quadro RTX 5000 ,OpenCL,GEMM_Adam_CPU,compute,GPU,10,1048723456,Adam,1,0.9,999,0.00000001,0.287296,3,0.0212222
2026-03-07-10-26-08,Quadro RTX 5000 ,OpenCL,GEMM_Adam_CPU,data_transfer,GPU,10,1048723456,Adam,1,0.9,999,0.00000001,6.85152,4,0.0200131
2026-03-07-10-26-08,Quadro RTX 5000 ,OpenCL,GEMM_Adam_CPU,compute,GPU,10,1048723456,Adam,1,0.9,999,0.00000001,0.294688,4,0.0200131
2026-03-07-10-26-08,Quadro RTX 5000 ,OpenCL,GEMM_Adam_CPU,data_transfer,GPU,10,1048723456,Adam,1,0.9,999,0.00000001,6.68278,5,0.0188475
2026-03-07-10-26-08,Quadro RTX 5000 ,OpenCL,GEMM_Adam_CPU,compute,GPU,10,1048723456,Adam,1,0.9,999,0.00000001,0.286432,5,0.0188475
2026-03-07-10-26-08,Quadro RTX 5000 ,OpenCL,GEMM_Adam_CPU,data_transfer,GPU,10,1048723456,Adam,1,0.9,999,0.00000001,6.74483,6,0.0177258
2026-03-07-10-26-08,Quadro RTX 5000 ,OpenCL,GEMM_Adam_CPU,compute,GPU,10,1048723456,Adam,1,0.9,999,0.00000001,0.286912,6,0.0177258
2026-03-07-10-26-09,Quadro RTX 5000 ,OpenCL,GEMM_Adam_CPU,data_transfer,GPU,10,1048723456,Adam,1,0.9,999,0.00000001,6.69677,7,0.0166481
2026-03-07-10-26-09,Quadro RTX 5000 ,OpenCL,GEMM_Adam_CPU,compute,GPU,10,1048723456,Adam,1,0.9,999,0.00000001,0.286624,7,0.0166481
2026-03-07-10-26-09,Quadro RTX 5000 ,OpenCL,GEMM_Adam_CPU,data_transfer,GPU,10,1048723456,Adam,1,0.9,999,0.00000001,6.7471,8,0.0156143
2026-03-07-10-26-09,Quadro RTX 5000 ,OpenCL,GEMM_Adam_CPU,compute,GPU,10,1048723456,Adam,1,0.9,999,0.00000001,0.287488,8,0.0156143
2026-03-07-10-26-10,Quadro RTX 5000 ,OpenCL,GEMM_Adam_CPU,data_transfer,GPU,10,1048723456,Adam,1,0.9,999,0.00000001,6.71504,9,0.0146243
2026-03-07-10-26-10,Quadro RTX 5000 ,OpenCL,GEMM_Adam_CPU,compute,GPU,10,1048723456,Adam,1,0.9,999,0.00000001,0.286976,9,0.0146243
2026-03-07-10-26-10,Quadro RTX 5000 ,OpenCL,GEMM_Adam_CPU,data_transfer,GPU,10,1048723456,Adam,1,0.9,999,0.00000001,6.80653,10,0.0136779
2026-03-07-10-26-10,Quadro RTX 5000 ,OpenCL,GEMM_Adam_CPU,compute,GPU,10,1048723456,Adam,1,0.9,999,0.00000001,0.287136,10,0.0136779
2026-03-07-10-26-26,Quadro RTX 5000 ,CUDA,GEMM_Adam_CUDA,data_transfer,GPU,10,1048723456,Adam,1,0.9,999,0.00000001,6.85213,1,0
2026-03-07-10-26-26,Quadro RTX 5000 ,CUDA,GEMM_Adam_CUDA,compute,GPU,10,1048723456,Adam,1,0.9,999,0.00000001,0.400224,1,0
2026-03-07-10-26-26,Quadro RTX 5000 ,CUDA,GEMM_Adam_CUDA,data_transfer,GPU,10,1048723456,Adam,1,0.9,999,0.00000001,6.55069,2,0.0224746
2026-03-07-10-26-26,Quadro RTX 5000 ,CUDA,GEMM_Adam_CUDA,compute,GPU,10,1048723456,Adam,1,0.9,999,0.00000001,0.29488,2,0.0224746
2026-03-07-10-26-27,Quadro RTX 5000 ,CUDA,GEMM_Adam_CUDA,data_transfer,GPU,10,1048723456,Adam,1,0.9,999,0.00000001,6.55808,3,0.0212222
2026-03-07-10-26-27,Quadro RTX 5000 ,CUDA,GEMM_Adam_CUDA,compute,GPU,10,1048723456,Adam,1,0.9,999,0.00000001,0.291904,3,0.0212222
2026-03-07-10-26-27,Quadro RTX 5000 ,CUDA,GEMM_Adam_CUDA,data_transfer,GPU,10,1048723456,Adam,1,0.9,999,0.00000001,6.98451,4,0.0200131
2026-03-07-10-26-27,Quadro RTX 5000 ,CUDA,GEMM_Adam_CUDA,compute,GPU,10,1048723456,Adam,1,0.9,999,0.00000001,0.306848,4,0.0200131
2026-03-07-10-26-28,Quadro RTX 5000 ,CUDA,GEMM_Adam_CUDA,data_transfer,GPU,10,1048723456,Adam,1,0.9,999,0.00000001,6.55024,5,0.0188475
2026-03-07-10-26-28,Quadro RTX 5000 ,CUDA,GEMM_Adam_CUDA,compute,GPU,10,1048723456,Adam,1,0.9,999,0.00000001,0.29264,5,0.0188475
2026-03-07-10-26-28,Quadro RTX 5000 ,CUDA,GEMM_Adam_CUDA,data_transfer,GPU,10,1048723456,Adam,1,0.9,999,0.00000001,6.5616,6,0.0177258
2026-03-07-10-26-28,Quadro RTX 5000 ,CUDA,GEMM_Adam_CUDA,compute,GPU,10,1048723456,Adam,1,0.9,999,0.00000001,0.292576,6,0.0177258
2026-03-07-10-26-28,Quadro RTX 5000 ,CUDA,GEMM_Adam_CUDA,data_transfer,GPU,10,1048723456,Adam,1,0.9,999,0.00000001,6.5552,7,0.0166481
2026-03-07-10-26-28,Quadro RTX 5000 ,CUDA,GEMM_Adam_CUDA,compute,GPU,10,1048723456,Adam,1,0.9,999,0.00000001,0.292544,7,0.0166481
2026-03-07-10-26-29,Quadro RTX 5000 ,CUDA,GEMM_Adam_CUDA,data_transfer,GPU,10,1048723456,Adam,1,0.9,999,0.00000001,6.53405,8,0.0156143
2026-03-07-10-26-29,Quadro RTX 5000 ,CUDA,GEMM_Adam_CUDA,compute,GPU,10,1048723456,Adam,1,0.9,999,0.00000001,0.292672,8,0.0156143
2026-03-07-10-26-29,Quadro RTX 5000 ,CUDA,GEMM_Adam_CUDA,data_transfer,GPU,10,1048723456,Adam,1,0.9,999,0.00000001,6.54394,9,0.0146243
2026-03-07-10-26-29,Quadro RTX 5000 ,CUDA,GEMM_Adam_CUDA,compute,GPU,10,1048723456,Adam,1,0.9,999,0.00000001,0.292832,9,0.0146243
2026-03-07-10-26-30,Quadro RTX 5000 ,CUDA,GEMM_Adam_CUDA,data_transfer,GPU,10,1048723456,Adam,1,0.9,999,0.00000001,6.5495,10,0.0136779
2026-03-07-10-26-30,Quadro RTX 5000 ,CUDA,GEMM_Adam_CUDA,compute,GPU,10,1048723456,Adam,1,0.9,999,0.00000001,0.291904,10,0.0136779
2026-03-07-10-26-38,Quadro RTX 5000 ,OpenCL,GEMM_Adam_CPU,data_transfer,GPU,10,1048723456,Adam,1,0.9,999,0.00000001,6.71603,1,0
2026-03-07-10-26-38,Quadro RTX 5000 ,OpenCL,GEMM_Adam_CPU,compute,GPU,10,1048723456,Adam,1,0.9,999,0.00000001,0.283424,1,0
2026-03-07-10-26-38,Quadro RTX 5000 ,OpenCL,GEMM_Adam_CPU,data_transfer,GPU,10,1048723456,Adam,1,0.9,999,0.00000001,6.71018,2,0.0224746
2026-03-07-10-26-38,Quadro RTX 5000 ,OpenCL,GEMM_Adam_CPU,compute,GPU,10,1048723456,Adam,1,0.9,999,0.00000001,0.28848,2,0.0224746
2026-03-07-10-26-39,Quadro RTX 5000 ,OpenCL,GEMM_Adam_CPU,data_transfer,GPU,10,1048723456,Adam,1,0.9,999,0.00000001,6.56992,3,0.0212222
2026-03-07-10-26-39,Quadro RTX 5000 ,OpenCL,GEMM_Adam_CPU,compute,GPU,10,1048723456,Adam,1,0.9,999,0.00000001,0.287264,3,0.0212222
2026-03-07-10-26-39,Quadro RTX 5000 ,OpenCL,GEMM_Adam_CPU,data_transfer,GPU,10,1048723456,Adam,1,0.9,999,0.00000001,7.05123,4,0.0200131
2026-03-07-10-26-39,Quadro RTX 5000 ,OpenCL,GEMM_Adam_CPU,compute,GPU,10,1048723456,Adam,1,0.9,999,0.00000001,0.293152,4,0.0200131
2026-03-07-10-26-39,Quadro RTX 5000 ,OpenCL,GEMM_Adam_CPU,data_transfer,GPU,10,1048723456,Adam,1,0.9,999,0.00000001,6.80218,5,0.0188475
2026-03-07-10-26-39,Quadro RTX 5000 ,OpenCL,GEMM_Adam_CPU,compute,GPU,10,1048723456,Adam,1,0.9,999,0.00000001,0.288,5,0.0188475
2026-03-07-10-26-40,Quadro RTX 5000 ,OpenCL,GEMM_Adam_CPU,data_transfer,GPU,10,1048723456,Adam,1,0.9,999,0.00000001,6.88179,6,0.0177258
2026-03-07-10-26-40,Quadro RTX 5000 ,OpenCL,GEMM_Adam_CPU,compute,GPU,10,1048723456,Adam,1,0.9,999,0.00000001,0.28672,6,0.0177258
2026-03-07-10-26-40,Quadro RTX 5000 ,OpenCL,GEMM_Adam_CPU,data_transfer,GPU,10,1048723456,Adam,1,0.9,999,0.00000001,6.64163,7,0.0166481
2026-03-07-10-26-40,Quadro RTX 5000 ,OpenCL,GEMM_Adam_CPU,compute,GPU,10,1048723456,Adam,1,0.9,999,0.00000001,0.28672,7,0.0166481
2026-03-07-10-26-41,Quadro RTX 5000 ,OpenCL,GEMM_Adam_CPU,data_transfer,GPU,10,1048723456,Adam,1,0.9,999,0.00000001,6.87437,8,0.0156143
2026-03-07-10-26-41,Quadro RTX 5000 ,OpenCL,GEMM_Adam_CPU,compute,GPU,10,1048723456,Adam,1,0.9,999,0.00000001,0.288512,8,0.0156143
2026-03-07-10-26-41,Quadro RTX 5000 ,OpenCL,GEMM_Adam_CPU,data_transfer,GPU,10,1048723456,Adam,1,0.9,999,0.00000001,6.69798,9,0.0146243
2026-03-07-10-26-41,Quadro RTX 5000 ,OpenCL,GEMM_Adam_CPU,compute,GPU,10,1048723456,Adam,1,0.9,999,0.00000001,0.287168,9,0.0146243
2026-03-07-10-26-42,Quadro RTX 5000 ,OpenCL,GEMM_Adam_CPU,data_transfer,GPU,10,1048723456,Adam,1,0.9,999,0.00000001,6.71658,10,0.0136779
2026-03-07-10-26-42,Quadro RTX 5000 ,OpenCL,GEMM_Adam_CPU,compute,GPU,10,1048723456,Adam,1,0.9,999,0.00000001,0.287776,10,0.0136779
2026-03-07-10-26-48,Quadro RTX 5000 ,CUDA,GEMM_Adam_CUDA,data_transfer,GPU,10,1048723456,Adam,1,0.9,999,0.00000001,6.87146,1,0
2026-03-07-10-26-48,Quadro RTX 5000 ,CUDA,GEMM_Adam_CUDA,compute,GPU,10,1048723456,Adam,1,0.9,999,0.00000001,0.400992,1,0
2026-03-07-10-26-48,Quadro RTX 5000 ,CUDA,GEMM_Adam_CUDA,data_transfer,GPU,10,1048723456,Adam,1,0.9,999,0.00000001,6.56736,2,0.0224746
2026-03-07-10-26-48,Quadro RTX 5000 ,CUDA,GEMM_Adam_CUDA,compute,GPU,10,1048723456,Adam,1,0.9,999,0.00000001,0.292608,2,0.0224746
2026-03-07-10-26-49,Quadro RTX 5000 ,CUDA,GEMM_Adam_CUDA,data_transfer,GPU,10,1048723456,Adam,1,0.9,999,0.00000001,6.55152,3,0.0212222
2026-03-07-10-26-49,Quadro RTX 5000 ,CUDA,GEMM_Adam_CUDA,compute,GPU,10,1048723456,Adam,1,0.9,999,0.00000001,0.292544,3,0.0212222
2026-03-07-10-26-49,Quadro RTX 5000 ,CUDA,GEMM_Adam_CUDA,data_transfer,GPU,10,1048723456,Adam,1,0.9,999,0.00000001,6.93709,4,0.0200131
2026-03-07-10-26-49,Quadro RTX 5000 ,CUDA,GEMM_Adam_CUDA,compute,GPU,10,1048723456,Adam,1,0.9,999,0.00000001,0.30672,4,0.0200131
2026-03-07-10-26-49,Quadro RTX 5000 ,CUDA,GEMM_Adam_CUDA,data_transfer,GPU,10,1048723456,Adam,1,0.9,999,0.00000001,6.54845,5,0.0188475
2026-03-07-10-26-49,Quadro RTX 5000 ,CUDA,GEMM_Adam_CUDA,compute,GPU,10,1048723456,Adam,1,0.9,999,0.00000001,0.293664,5,0.0188475
2026-03-07-10-26-50,Quadro RTX 5000 ,CUDA,GEMM_Adam_CUDA,data_transfer,GPU,10,1048723456,Adam,1,0.9,999,0.00000001,6.54803,6,0.0177258
2026-03-07-10-26-50,Quadro RTX 5000 ,CUDA,GEMM_Adam_CUDA,compute,GPU,10,1048723456,Adam,1,0.9,999,0.00000001,0.291808,6,0.0177258
2026-03-07-10-26-50,Quadro RTX 5000 ,CUDA,GEMM_Adam_CUDA,data_transfer,GPU,10,1048723456,Adam,1,0.9,999,0.00000001,6.54829,7,0.0166481
2026-03-07-10-26-50,Quadro RTX 5000 ,CUDA,GEMM_Adam_CUDA,compute,GPU,10,1048723456,Adam,1,0.9,999,0.00000001,0.291904,7,0.0166481
2026-03-07-10-26-51,Quadro RTX 5000 ,CUDA,GEMM_Adam_CUDA,data_transfer,GPU,10,1048723456,Adam,1,0.9,999,0.00000001,6.5488,8,0.0156143
2026-03-07-10-26-51,Quadro RTX 5000 ,CUDA,GEMM_Adam_CUDA,compute,GPU,10,1048723456,Adam,1,0.9,999,0.00000001,0.2936,8,0.0156143
2026-03-07-10-26-51,Quadro RTX 5000 ,CUDA,GEMM_Adam_CUDA,data_transfer,GPU,10,1048723456,Adam,1,0.9,999,0.00000001,6.55558,9,0.0146243
2026-03-07-10-26-51,Quadro RTX 5000 ,CUDA,GEMM_Adam_CUDA,compute,GPU,10,1048723456,Adam,1,0.9,999,0.00000001,0.291872,9,0.0146243
2026-03-07-10-26-51,Quadro RTX 5000 ,CUDA,GEMM_Adam_CUDA,data_transfer,GPU,10,1048723456,Adam,1,0.9,999,0.00000001,6.56509,10,0.0136779
2026-03-07-10-26-51,Quadro RTX 5000 ,CUDA,GEMM_Adam_CUDA,compute,GPU,10,1048723456,Adam,1,0.9,999,0.00000001,0.29248,10,0.0136779
2026-03-07-10-27-41,Quadro RTX 5000 ,OpenCL,GEMM_Adam_CPU,data_transfer,GPU,10,1048723456,Adam,1,0.9,999,0.00000001,6.85702,1,0
2026-03-07-10-27-41,Quadro RTX 5000 ,OpenCL,GEMM_Adam_CPU,compute,GPU,10,1048723456,Adam,1,0.9,999,0.00000001,0.282784,1,0
2026-03-07-10-27-41,Quadro RTX 5000 ,OpenCL,GEMM_Adam_CPU,data_transfer,GPU,10,1048723456,Adam,1,0.9,999,0.00000001,6.79789,2,0.0224746
2026-03-07-10-27-41,Quadro RTX 5000 ,OpenCL,GEMM_Adam_CPU,compute,GPU,10,1048723456,Adam,1,0.9,999,0.00000001,0.286944,2,0.0224746
2026-03-07-10-27-42,Quadro RTX 5000 ,OpenCL,GEMM_Adam_CPU,data_transfer,GPU,10,1048723456,Adam,1,0.9,999,0.00000001,6.80954,3,0.0212222
2026-03-07-10-27-42,Quadro RTX 5000 ,OpenCL,GEMM_Adam_CPU,compute,GPU,10,1048723456,Adam,1,0.9,999,0.00000001,0.286848,3,0.0212222
2026-03-07-10-27-42,Quadro RTX 5000 ,OpenCL,GEMM_Adam_CPU,data_transfer,GPU,10,1048723456,Adam,1,0.9,999,0.00000001,7.01222,4,0.0200131
2026-03-07-10-27-42,Quadro RTX 5000 ,OpenCL,GEMM_Adam_CPU,compute,GPU,10,1048723456,Adam,1,0.9,999,0.00000001,0.29312,4,0.0200131
2026-03-07-10-27-43,Quadro RTX 5000 ,OpenCL,GEMM_Adam_CPU,data_transfer,GPU,10,1048723456,Adam,1,0.9,999,0.00000001,6.71923,5,0.0188475
2026-03-07-10-27-43,Quadro RTX 5000 ,OpenCL,GEMM_Adam_CPU,compute,GPU,10,1048723456,Adam,1,0.9,999,0.00000001,0.287136,5,0.0188475
2026-03-07-10-27-43,Quadro RTX 5000 ,OpenCL,GEMM_Adam_CPU,data_transfer,GPU,10,1048723456,Adam,1,0.9,999,0.00000001,6.7281,6,0.0177258
2026-03-07-10-27-43,Quadro RTX 5000 ,OpenCL,GEMM_Adam_CPU,compute,GPU,10,1048723456,Adam,1,0.9,999,0.00000001,0.288032,6,0.0177258
2026-03-07-10-27-43,Quadro RTX 5000 ,OpenCL,GEMM_Adam_CPU,data_transfer,GPU,10,1048723456,Adam,1,0.9,999,0.00000001,6.71584,7,0.0166481
2026-03-07-10-27-43,Quadro RTX 5000 ,OpenCL,GEMM_Adam_CPU,compute,GPU,10,1048723456,Adam,1,0.9,999,0.00000001,0.287104,7,0.0166481
2026-03-07-10-27-44,Quadro RTX 5000 ,OpenCL,GEMM_Adam_CPU,data_transfer,GPU,10,1048723456,Adam,1,0.9,999,0.00000001,6.81968,8,0.0156143
2026-03-07-10-27-44,Quadro RTX 5000 ,OpenCL,GEMM_Adam_CPU,compute,GPU,10,1048723456,Adam,1,0.9,999,0.00000001,0.286656,8,0.0156143
2026-03-07-10-27-44,Quadro RTX 5000 ,OpenCL,GEMM_Adam_CPU,data_transfer,GPU,10,1048723456,Adam,1,0.9,999,0.00000001,6.64365,9,0.0146243
2026-03-07-10-27-44,Quadro RTX 5000 ,OpenCL,GEMM_Adam_CPU,compute,GPU,10,1048723456,Adam,1,0.9,999,0.00000001,0.287808,9,0.0146243
2026-03-07-10-27-45,Quadro RTX 5000 ,OpenCL,GEMM_Adam_CPU,data_transfer,GPU,10,1048723456,Adam,1,0.9,999,0.00000001,6.86371,10,0.0136779
2026-03-07-10-27-45,Quadro RTX 5000 ,OpenCL,GEMM_Adam_CPU,compute,GPU,10,1048723456,Adam,1,0.9,999,0.00000001,0.287648,10,0.0136779
2026-03-07-10-27-48,Quadro RTX 5000 ,CUDA,GEMM_Adam_CUDA,data_transfer,GPU,10,1048723456,Adam,1,0.9,999,0.00000001,6.87421,1,0
2026-03-07-10-27-48,Quadro RTX 5000 ,CUDA,GEMM_Adam_CUDA,compute,GPU,10,1048723456,Adam,1,0.9,999,0.00000001,0.400704,1,0
2026-03-07-10-27-49,Quadro RTX 5000 ,CUDA,GEMM_Adam_CUDA,data_transfer,GPU,10,1048723456,Adam,1,0.9,999,0.00000001,6.55286,2,0.0224746
2026-03-07-10-27-49,Quadro RTX 5000 ,CUDA,GEMM_Adam_CUDA,compute,GPU,10,1048723456,Adam,1,0.9,999,0.00000001,0.293152,2,0.0224746
2026-03-07-10-27-49,Quadro RTX 5000 ,CUDA,GEMM_Adam_CUDA,data_transfer,GPU,10,1048723456,Adam,1,0.9,999,0.00000001,6.56848,3,0.0212222
2026-03-07-10-27-49,Quadro RTX 5000 ,CUDA,GEMM_Adam_CUDA,compute,GPU,10,1048723456,Adam,1,0.9,999,0.00000001,0.292224,3,0.0212222
2026-03-07-10-27-50,Quadro RTX 5000 ,CUDA,GEMM_Adam_CUDA,data_transfer,GPU,10,1048723456,Adam,1,0.9,999,0.00000001,6.89878,4,0.0200131
2026-03-07-10-27-50,Quadro RTX 5000 ,CUDA,GEMM_Adam_CUDA,compute,GPU,10,1048723456,Adam,1,0.9,999,0.00000001,0.30912,4,0.0200131
2026-03-07-10-27-50,Quadro RTX 5000 ,CUDA,GEMM_Adam_CUDA,data_transfer,GPU,10,1048723456,Adam,1,0.9,999,0.00000001,6.52035,5,0.0188475
2026-03-07-10-27-50,Quadro RTX 5000 ,CUDA,GEMM_Adam_CUDA,compute,GPU,10,1048723456,Adam,1,0.9,999,0.00000001,0.294176,5,0.0188475
2026-03-07-10-27-51,Quadro RTX 5000 ,CUDA,GEMM_Adam_CUDA,data_transfer,GPU,10,1048723456,Adam,1,0.9,999,0.00000001,6.53667,6,0.0177258
2026-03-07-10-27-51,Quadro RTX 5000 ,CUDA,GEMM_Adam_CUDA,compute,GPU,10,1048723456,Adam,1,0.9,999,0.00000001,0.294112,6,0.0177258
2026-03-07-10-27-51,Quadro RTX 5000 ,CUDA,GEMM_Adam_CUDA,data_transfer,GPU,10,1048723456,Adam,1,0.9,999,0.00000001,6.536,7,0.0166481
2026-03-07-10-27-51,Quadro RTX 5000 ,CUDA,GEMM_Adam_CUDA,compute,GPU,10,1048723456,Adam,1,0.9,999,0.00000001,0.2936,7,0.0166481
2026-03-07-10-27-51,Quadro RTX 5000 ,CUDA,GEMM_Adam_CUDA,data_transfer,GPU,10,1048723456,Adam,1,0.9,999,0.00000001,6.53434,8,0.0156143
2026-03-07-10-27-51,Quadro RTX 5000 ,CUDA,GEMM_Adam_CUDA,compute,GPU,10,1048723456,Adam,1,0.9,999,0.00000001,0.293984,8,0.0156143
2026-03-07-10-27-52,Quadro RTX 5000 ,CUDA,GEMM_Adam_CUDA,data_transfer,GPU,10,1048723456,Adam,1,0.9,999,0.00000001,6.52054,9,0.0146243
2026-03-07-10-27-52,Quadro RTX 5000 ,CUDA,GEMM_Adam_CUDA,compute,GPU,10,1048723456,Adam,1,0.9,999,0.00000001,0.2936,9,0.0146243
2026-03-07-10-27-52,Quadro RTX 5000 ,CUDA,GEMM_Adam_CUDA,data_transfer,GPU,10,1048723456,Adam,1,0.9,999,0.00000001,6.53594,10,0.0136779
2026-03-07-10-27-52,Quadro RTX 5000 ,CUDA,GEMM_Adam_CUDA,compute,GPU,10,1048723456,Adam,1,0.9,999,0.00000001,0.293664,10,0.0136779
2026-03-07-10-27-56,Quadro RTX 5000 ,OpenCL,GEMM_Adam_CPU,data_transfer,GPU,10,1048723456,Adam,1,0.9,999,0.00000001,6.54086,1,0
2026-03-07-10-27-56,Quadro RTX 5000 ,OpenCL,GEMM_Adam_CPU,compute,GPU,10,1048723456,Adam,1,0.9,999,0.00000001,0.282784,1,0
2026-03-07-10-27-57,Quadro RTX 5000 ,OpenCL,GEMM_Adam_CPU,data_transfer,GPU,10,1048723456,Adam,1,0.9,999,0.00000001,6.82275,2,0.0224746
2026-03-07-10-27-57,Quadro RTX 5000 ,OpenCL,GEMM_Adam_CPU,compute,GPU,10,1048723456,Adam,1,0.9,999,0.00000001,0.288736,2,0.0224746
2026-03-07-10-27-57,Quadro RTX 5000 ,OpenCL,GEMM_Adam_CPU,data_transfer,GPU,10,1048723456,Adam,1,0.9,999,0.00000001,6.63936,3,0.0212222
2026-03-07-10-27-57,Quadro RTX 5000 ,OpenCL,GEMM_Adam_CPU,compute,GPU,10,1048723456,Adam,1,0.9,999,0.00000001,0.288128,3,0.0212222
2026-03-07-10-27-58,Quadro RTX 5000 ,OpenCL,GEMM_Adam_CPU,data_transfer,GPU,10,1048723456,Adam,1,0.9,999,0.00000001,6.67766,4,0.0200131
2026-03-07-10-27-58,Quadro RTX 5000 ,OpenCL,GEMM_Adam_CPU,compute,GPU,10,1048723456,Adam,1,0.9,999,0.00000001,0.293312,4,0.0200131
2026-03-07-10-27-58,Quadro RTX 5000 ,OpenCL,GEMM_Adam_CPU,data_transfer,GPU,10,1048723456,Adam,1,0.9,999,0.00000001,6.72662,5,0.0188475
2026-03-07-10-27-58,Quadro RTX 5000 ,OpenCL,GEMM_Adam_CPU,compute,GPU,10,1048723456,Adam,1,0.9,999,0.00000001,0.288512,5,0.0188475
2026-03-07-10-27-58,Quadro RTX 5000 ,OpenCL,GEMM_Adam_CPU,data_transfer,GPU,10,1048723456,Adam,1,0.9,999,0.00000001,6.75802,6,0.0177258
2026-03-07-10-27-58,Quadro RTX 5000 ,OpenCL,GEMM_Adam_CPU,compute,GPU,10,1048723456,Adam,1,0.9,999,0.00000001,0.287872,6,0.0177258
2026-03-07-10-27-59,Quadro RTX 5000 ,OpenCL,GEMM_Adam_CPU,data_transfer,GPU,10,1048723456,Adam,1,0.9,999,0.00000001,6.79805,7,0.0166481
2026-03-07-10-27-59,Quadro RTX 5000 ,OpenCL,GEMM_Adam_CPU,compute,GPU,10,1048723456,Adam,1,0.9,999,0.00000001,0.287328,7,0.0166481
2026-03-07-10-27-59,Quadro RTX 5000 ,OpenCL,GEMM_Adam_CPU,data_transfer,GPU,10,1048723456,Adam,1,0.9,999,0.00000001,6.85344,8,0.0156143
2026-03-07-10-27-59,Quadro RTX 5000 ,OpenCL,GEMM_Adam_CPU,compute,GPU,10,1048723456,Adam,1,0.9,999,0.00000001,0.287616,8,0.0156143
2026-03-07-10-28-00,Quadro RTX 5000 ,OpenCL,GEMM_Adam_CPU,data_transfer,GPU,10,1048723456,Adam,1,0.9,999,0.00000001,6.89869,9,0.0146243
2026-03-07-10-28-00,Quadro RTX 5000 ,OpenCL,GEMM_Adam_CPU,compute,GPU,10,1048723456,Adam,1,0.9,999,0.00000001,0.28752,9,0.0146243
2026-03-07-10-28-00,Quadro RTX 5000 ,OpenCL,GEMM_Adam_CPU,data_transfer,GPU,10,1048723456,Adam,1,0.9,999,0.00000001,6.65504,10,0.0136779
2026-03-07-10-28-00,Quadro RTX 5000 ,OpenCL,GEMM_Adam_CPU,compute,GPU,10,1048723456,Adam,1,0.9,999,0.00000001,0.28672,10,0.0136779
2026-03-07-10-28-03,Quadro RTX 5000 ,CUDA,GEMM_Adam_CUDA,data_transfer,GPU,10,1048723456,Adam,1,0.9,999,0.00000001,6.86093,1,0
2026-03-07-10-28-03,Quadro RTX 5000 ,CUDA,GEMM_Adam_CUDA,compute,GPU,10,1048723456,Adam,1,0.9,999,0.00000001,0.403744,1,0
2026-03-07-10-28-04,Quadro RTX 5000 ,CUDA,GEMM_Adam_CUDA,data_transfer,GPU,10,1048723456,Adam,1,0.9,999,0.00000001,6.77139,2,0.0224746
2026-03-07-10-28-04,Quadro RTX 5000 ,CUDA,GEMM_Adam_CUDA,compute,GPU,10,1048723456,Adam,1,0.9,999,0.00000001,0.293088,2,0.0224746
2026-03-07-10-28-04,Quadro RTX 5000 ,CUDA,GEMM_Adam_CUDA,data_transfer,GPU,10,1048723456,Adam,1,0.9,999,0.00000001,6.58026,3,0.0212222
2026-03-07-10-28-04,Quadro RTX 5000 ,CUDA,GEMM_Adam_CUDA,compute,GPU,10,1048723456,Adam,1,0.9,999,0.00000001,0.293056,3,0.0212222
2026-03-07-10-28-05,Quadro RTX 5000 ,CUDA,GEMM_Adam_CUDA,data_transfer,GPU,10,1048723456,Adam,1,0.9,999,0.00000001,6.96998,4,0.0200131
2026-03-07-10-28-05,Quadro RTX 5000 ,CUDA,GEMM_Adam_CUDA,compute,GPU,10,1048723456,Adam,1,0.9,999,0.00000001,0.306592,4,0.0200131
2026-03-07-10-28-05,Quadro RTX 5000 ,CUDA,GEMM_Adam_CUDA,data_transfer,GPU,10,1048723456,Adam,1,0.9,999,0.00000001,6.56077,5,0.0188475
2026-03-07-10-28-05,Quadro RTX 5000 ,CUDA,GEMM_Adam_CUDA,compute,GPU,10,1048723456,Adam,1,0.9,999,0.00000001,0.293408,5,0.0188475
2026-03-07-10-28-05,Quadro RTX 5000 ,CUDA,GEMM_Adam_CUDA,data_transfer,GPU,10,1048723456,Adam,1,0.9,999,0.00000001,6.56038,6,0.0177258
2026-03-07-10-28-05,Quadro RTX 5000 ,CUDA,GEMM_Adam_CUDA,compute,GPU,10,1048723456,Adam,1,0.9,999,0.00000001,0.293408,6,0.0177258
2026-03-07-10-28-06,Quadro RTX 5000 ,CUDA,GEMM_Adam_CUDA,data_transfer,GPU,10,1048723456,Adam,1,0.9,999,0.00000001,6.55562,7,0.0166481
2026-03-07-10-28-06,Quadro RTX 5000 ,CUDA,GEMM_Adam_CUDA,compute,GPU,10,1048723456,Adam,1,0.9,999,0.00000001,0.300768,7,0.0166481
2026-03-07-10-28-06,Quadro RTX 5000 ,CUDA,GEMM_Adam_CUDA,data_transfer,GPU,10,1048723456,Adam,1,0.9,999,0.00000001,6.54406,8,0.0156143
2026-03-07-10-28-06,Quadro RTX 5000 ,CUDA,GEMM_Adam_CUDA,compute,GPU,10,1048723456,Adam,1,0.9,999,0.00000001,0.29408,8,0.0156143
2026-03-07-10-28-07,Quadro RTX 5000 ,CUDA,GEMM_Adam_CUDA,data_transfer,GPU,10,1048723456,Adam,1,0.9,999,0.00000001,6.53661,9,0.0146243
2026-03-07-10-28-07,Quadro RTX 5000 ,CUDA,GEMM_Adam_CUDA,compute,GPU,10,1048723456,Adam,1,0.9,999,0.00000001,0.294656,9,0.0146243
2026-03-07-10-28-07,Quadro RTX 5000 ,CUDA,GEMM_Adam_CUDA,data_transfer,GPU,10,1048723456,Adam,1,0.9,999,0.00000001,6.56042,10,0.0136779
2026-03-07-10-28-07,Quadro RTX 5000 ,CUDA,GEMM_Adam_CUDA,compute,GPU,10,1048723456,Adam,1,0.9,999,0.00000001,0.292,10,0.0136779
